frame_id,time_s,tag0_x,tag0_y,tag0_z,tag0_roll,tag0_pitch,tag0_yaw,tag1_x,tag1_y,tag1_z,tag1_roll,tag1_pitch,tag1_yaw,tag2_x,tag2_y,tag2_z,tag2_roll,tag2_pitch,tag2_yaw,tag3_x,tag3_y,tag3_z,tag3_roll,tag3_pitch,tag3_yaw,tag4_x,tag4_y,tag4_z,tag4_roll,tag4_pitch,tag4_yaw,tag5_x,tag5_y,tag5_z,tag5_roll,tag5_pitch,tag5_yaw,tag6_x,tag6_y,tag6_z,tag6_roll,tag6_pitch,tag6_yaw,tag7_x,tag7_y,tag7_z,tag7_roll,tag7_pitch,tag7_yaw,tag8_x,tag8_y,tag8_z,tag8_roll,tag8_pitch,tag8_yaw,tag9_x,tag9_y,tag9_z,tag9_roll,tag9_pitch,tag9_yaw,tag10_x,tag10_y,tag10_z,tag10_roll,tag10_pitch,tag10_yaw,tag11_x,tag11_y,tag11_z,tag11_roll,tag11_pitch,tag11_yaw,tag12_x,tag12_y,tag12_z,tag12_roll,tag12_pitch,tag12_yaw,tag13_x,tag13_y,tag13_z,tag13_roll,tag13_pitch,tag13_yaw,tag14_x,tag14_y,tag14_z,tag14_roll,tag14_pitch,tag14_yaw,tag15_x,tag15_y,tag15_z,tag15_roll,tag15_pitch,tag15_yaw,tag16_x,tag16_y,tag16_z,tag16_roll,tag16_pitch,tag16_yaw,tag17_x,tag17_y,tag17_z,tag17_roll,tag17_pitch,tag17_yaw,left_disp_avg,left_visible_count,right_disp_avg,right_visible_count,tag0_missing,tag1_missing,tag2_missing,tag3_missing,tag4_missing,tag5_missing,tag6_missing,tag7_missing,tag8_missing,tag9_missing,tag10_missing,tag11_missing,tag12_missing,tag13_missing,tag14_missing,tag15_missing,tag16_missing,tag17_missing,velocity_m_s,roll_deg,pitch_deg,yaw_deg
0,3528254307.462142,-0.038148,0.017862,-0.038252,70.008185,-47.950358,-36.425081,-0.043800,0.002912,-0.009969,70.744872,-41.945611,-46.116466,0.000000,0.000000,0.000000,0.000000,0.000000,0.000000,-0.031282,0.034023,-0.044440,71.299117,-58.704169,-35.694298,-0.039194,0.019823,-0.014779,70.952088,-44.331260,-42.097995,-0.037947,0.011510,0.002419,2.207632,0.881965,6.057940,-0.042757,0.001926,-0.034279,63.338273,-55.362191,-28.181947,-0.047575,-0.013903,-0.004904,58.734264,-43.188778,-28.047650,-0.047767,-0.023593,0.017159,53.442010,-61.869488,-29.251101,0.042625,-0.006399,-0.011656,0.053016,19.174522,2.114331,0.061826,0.006261,-0.035396,-2.806336,16.744837,3.844069,0.000000,0.000000,0.000000,0.000000,0.000000,0.000000,0.038171,0.000721,0.001470,3.642247,15.967015,7.489280,0.057854,0.014514,-0.025957,-2.688566,9.661677,1.193591,0.075565,0.024768,-0.046820,-4.662850,8.539456,4.840205,0.033770,0.010803,0.010033,9.262392,14.457102,13.566126,0.055833,0.025030,-0.021837,-0.220288,5.261268,6.968558,0.074549,0.035166,-0.041300,-1.257533,3.675398,1.675635,0.051589,8,0.063214,8,0,0,1,0,0,0,0,0,0,0,0,1,0,0,0,0,0,0,0.000000,-1.480874,-22.970428,-33.763903
1,3528254307.562212,-0.038004,0.018035,-0.038788,68.516868,-48.118485,-36.155386,-0.043713,0.003423,-0.010295,69.711114,-42.342415,-45.582062,0.000000,0.000000,0.000000,0.000000,0.000000,0.000000,-0.030739,0.034193,-0.045551,-4.905206,-4.759355,2.561646,-0.039536,0.019881,-0.014462,69.584907,-44.422389,-41.666242,-0.036973,0.012665,0.000869,63.371546,-57.248390,-33.531203,-0.042437,0.002379,-0.035007,62.882341,-55.828230,-28.706108,-0.047473,-0.013196,-0.005298,57.665708,-43.053715,-28.166789,-0.047539,-0.022487,0.016592,50.793542,-62.055772,-27.722483,0.043077,-0.006294,-0.012938,-1.154102,19.135911,0.597252,0.062364,0.006011,-0.036987,-3.979743,16.877571,2.812315,0.000000,0.000000,0.000000,0.000000,0.000000,0.000000,0.038571,0.000825,0.000515,2.813942,16.855234,6.477146,0.058103,0.013694,-0.026264,-2.723665,9.730839,1.084315,0.076092,0.023944,-0.048062,-5.211297,9.205745,4.226605,0.033667,0.010145,0.010955,9.524488,14.581865,13.174269,0.056632,0.025012,-0.023820,-1.158389,5.974113,6.252290,0.075221,0.034485,-0.042822,-1.592471,4.202620,1.891969,0.051549,8,0.063930,8,0,0,1,0,0,0,0,0,0,0,0,1,0,0,0,0,0,0,0.002133,-1.762385,-23.221108,-33.508424
3,3528254307.765712,-0.036808,0.018448,-0.040194,69.746056,-48.820365,-36.945134,-0.043424,0.003571,-0.010864,70.600232,-43.302828,-46.117681,0.000000,0.000000,0.000000,0.000000,0.000000,0.000000,-0.030948,0.033617,-0.044996,-4.440846,-5.749544,2.629566,-0.040624,0.019056,-0.012998,68.351349,-44.617236,-41.056119,-0.038379,0.011732,0.002692,2.933547,0.301566,5.347149,-0.042071,0.002317,-0.035373,63.149642,-55.994517,-28.647880,-0.047591,-0.013246,-0.005398,57.713581,-44.078976,-27.988561,-0.047221,-0.021895,0.015521,51.146760,-62.743938,-27.594677,0.042952,-0.006839,-0.011784,-0.971896,18.321307,1.026595,0.062981,0.006229,-0.037369,-4.728775,16.147096,2.600210,0.000000,0.000000,0.000000,0.000000,0.000000,0.000000,0.039116,0.001527,-0.000729,1.183902,16.217851,5.534930,0.058026,0.012724,-0.024334,-2.664254,8.188340,0.107955,0.076604,0.023599,-0.047547,-5.797378,7.608324,3.878072,0.033923,0.010491,0.010393,10.177900,13.918226,13.505495,0.057378,0.025488,-0.025082,-2.621529,6.120978,5.836355,0.075881,0.034473,-0.043082,-2.948385,3.325461,0.615705,0.051567,8,0.064192,8,0,0,1,0,0,0,0,0,0,0,0,1,0,0,0,0,0,0,0.010556,-1.318852,-23.162642,-33.998286
5,3528254307.964102,-0.056415,-0.002051,0.000598,-2.264964,-9.735498,4.471857,-0.038073,0.008335,0.020740,-5.372908,-16.413824,-2.567473,0.000000,0.000000,0.000000,0.000000,0.000000,0.000000,-0.061100,0.001621,-0.017133,-2.177066,-12.512318,15.456359,-0.042021,0.017229,0.010053,-5.162804,-11.800518,-0.541867,-0.027588,0.022867,0.019501,-8.602302,-10.033641,14.003971,-0.052104,-0.008795,0.013970,-2.031095,-8.393777,13.000232,-0.030704,0.004178,0.040129,-45.853228,31.525697,-14.655169,-0.013527,0.013239,0.053791,-16.150256,-10.238012,19.586549,0.023424,-0.026636,-0.027530,-83.126921,47.645020,-50.914968,0.017552,-0.041130,-0.055831,-83.201686,48.572756,-46.204511,0.000000,0.000000,0.000000,0.000000,0.000000,0.000000,0.028236,-0.010082,-0.022436,-76.766529,51.258513,-44.800349,0.019767,-0.026807,-0.053536,-74.050846,44.110172,-35.981065,0.013326,-0.041874,-0.081243,-76.174231,48.166179,-34.594921,0.026197,0.002820,-0.025428,-66.686240,57.278062,-39.250906,0.015208,-0.018300,-0.061170,-69.599049,49.574101,-30.768455,0.013128,-0.030805,-0.085370,-68.275397,43.348157,-28.975555,0.051722,8,0.062906,8,0,0,1,0,0,0,0,0,0,0,0,1,0,0,0,0,0,0,0.014585,-1.632361,-23.133728,-33.764979
7,3528254308.165172,-0.037454,0.018330,-0.038891,70.189928,-47.738676,-36.946785,-0.042812,0.003847,-0.011499,72.403490,-42.636158,-47.454116,0.000000,0.000000,0.000000,0.000000,0.000000,0.000000,-0.031569,0.033704,-0.043502,71.055420,-58.726667,-36.153297,-0.040337,0.019141,-0.013035,69.854267,-44.159753,-42.051003,-0.038652,0.011204,0.003385,2.693599,-0.053868,5.472406,-0.042728,0.002017,-0.034228,64.818533,-54.856462,-29.393094,-0.047327,-0.013344,-0.005685,59.339610,-43.549436,-28.757093,-0.048010,-0.023243,0.016646,15.498272,-1.320549,15.360692,0.042529,-0.006958,-0.010960,0.062554,18.501330,1.579214,0.062883,0.007485,-0.037760,-3.468156,16.614503,3.360876,0.000000,0.000000,0.000000,0.000000,0.000000,0.000000,0.037726,-0.000150,0.002925,2.816970,15.608596,6.027679,0.057780,0.013506,-0.024361,-2.339486,8.658383,1.105424,0.076328,0.024955,-0.047633,-4.949930,8.836975,5.389928,0.034469,0.011538,0.008121,8.898850,14.354554,13.272105,0.056245,0.024765,-0.021779,-0.871249,5.198001,6.328879,0.075012,0.034542,-0.040520,-0.454021,3.626155,2.313583,0.051502,8,0.063498,8,0,0,1,0,0,0,0,0,0,0,0,1,0,0,0,0,0,0,0.017165,-1.691436,-23.538955,-33.733998
9,3528254308.363648,-0.037674,0.017288,-0.037741,72.575058,-49.293981,-38.952643,-0.043905,0.002476,-0.010201,72.878447,-43.871349,-47.440487,0.000000,0.000000,0.000000,0.000000,0.000000,0.000000,-0.030140,0.033691,-0.044120,75.226575,-60.348927,-39.838235,-0.041227,0.017969,-0.011990,3.911079,-5.157710,-10.235107,-0.039567,0.010193,0.004014,3.182702,-1.967876,5.744440,-0.042357,0.001397,-0.034077,66.501278,-56.620210,-31.318171,-0.047821,-0.014245,-0.005506,62.793995,-44.580162,-30.957340,-0.049705,-0.024827,0.017793,53.470028,-63.337317,-29.443261,0.041883,-0.007810,-0.007917,0.433166,16.768798,2.007308,0.062986,0.007018,-0.034506,-3.946877,14.953321,3.331512,0.000000,0.000000,0.000000,0.000000,0.000000,0.000000,0.037956,0.000754,0.002381,2.178603,14.261431,6.656288,0.056913,0.011848,-0.019043,-1.053579,5.469640,0.753697,0.076007,0.023212,-0.041329,-3.182720,6.555151,5.121260,0.032596,0.009709,0.012953,8.990527,11.924986,12.945949,0.056661,0.025463,-0.021230,-1.618718,5.130460,7.071209,0.075453,0.034844,-0.038317,-1.956777,2.292669,2.057438,0.051861,8,0.062230,8,0,0,1,0,0,0,0,0,0,0,0,1,0,0,0,0,0,0,0.057879,30.439720,6.604238,6.361203
11,3528254308.568860,-0.037791,0.017661,-0.038459,68.935866,-48.237538,-35.997576,-0.042727,0.003904,-0.011670,72.174684,-43.418556,-47.490588,0.000000,0.000000,0.000000,0.000000,0.000000,0.000000,-0.030981,0.033542,-0.044366,70.608002,-59.519471,-35.496218,-0.040473,0.018983,-0.012990,69.218990,-44.066760,-41.305256,-0.038605,0.011385,0.003216,60.878124,-57.097925,-31.988440,-0.040483,0.003369,-0.037057,65.856110,-56.776415,-30.817482,-0.047892,-0.013679,-0.004885,58.421836,-43.216913,-27.756765,-0.048178,-0.022946,0.016900,51.771139,-63.071640,-28.366657,0.042537,-0.007189,-0.010693,-0.627839,18.348031,1.630311,0.062560,0.005862,-0.035798,-4.484777,16.099232,2.475829,0.000000,0.000000,0.000000,0.000000,0.000000,0.000000,0.038487,0.000913,0.000857,1.328107,15.872643,5.764910,0.058145,0.013463,-0.025032,-3.021144,8.781014,0.673245,0.076693,0.024517,-0.048151,-5.953542,9.410859,4.929105,0.034250,0.011203,0.008858,7.170133,14.202917,12.624145,0.056191,0.024044,-0.021076,-0.946203,4.484961,6.231136,0.075152,0.033579,-0.039952,-1.606297,2.297558,1.308353,0.051600,8,0.063383,8,0,0,1,0,0,0,0,0,0,0,0,1,0,0,0,0,0,0,0.029346,-1.429816,-22.698906,-33.749623
13,3528254308.756452,-0.038457,0.017341,-0.037883,68.328755,-48.262192,-35.763679,-0.041881,0.004512,-0.012681,71.827949,-43.691067,-47.269901,0.000000,0.000000,0.000000,0.000000,0.000000,0.000000,-0.030760,0.033773,-0.045184,70.957573,-59.168266,-35.578544,-0.039476,0.019617,-0.014324,69.518881,-44.378194,-41.623572,-0.038043,0.011703,0.002715,60.773350,-57.580201,-31.924164,-0.042634,0.001876,-0.034356,62.918623,-55.828050,-28.342581,-0.047986,-0.013821,-0.004309,10.725118,-12.227996,-3.892159,-0.047741,-0.022754,0.017120,51.644631,-62.428994,-28.470429,0.042803,-0.006420,-0.012464,-1.109957,19.429825,1.180119,0.062364,0.006297,-0.037343,-4.379772,16.928977,3.082062,0.000000,0.000000,0.000000,0.000000,0.000000,0.000000,0.038270,0.000654,0.001080,1.018034,16.608569,5.856368,0.058140,0.014092,-0.026977,-3.571179,10.361216,0.931867,0.075916,0.024026,-0.048184,-6.356383,10.046798,4.603931,0.033605,0.010328,0.010628,8.636837,14.329022,12.917598,0.055694,0.023706,-0.021013,-0.756974,4.878156,6.044316,0.074930,0.034156,-0.042294,-2.592045,3.436546,1.659130,0.051461,8,0.063545,8,0,0,1,0,0,0,0,0,0,0,0,1,0,0,0,0,0,0,0.020151,-1.776240,-22.435127,-33.621360
15,3528254308.963377,-0.039331,0.016811,-0.035835,69.679927,-47.818462,-36.395997,-0.044582,0.002377,-0.008714,71.291558,-42.526124,-46.985368,0.000000,0.000000,0.000000,0.000000,0.000000,0.000000,-0.032022,0.033106,-0.042186,-3.818648,-6.570212,2.742880,-0.040551,0.018784,-0.012345,70.871255,-43.981743,-42.414583,-0.038488,0.011126,0.003291,3.045315,0.173527,5.343672,-0.041531,0.002775,-0.035214,67.179265,-56.469967,-31.474246,-0.049156,-0.014927,-0.002983,58.338019,-42.863020,-28.180989,-0.049531,-0.024584,0.018861,53.062770,-62.072837,-29.295975,0.043377,-0.005061,-0.013896,-0.966857,19.392779,1.753030,0.062275,0.006414,-0.035494,-3.554993,16.698955,2.922041,0.000000,0.000000,0.000000,0.000000,0.000000,0.000000,0.037844,0.000275,0.002156,2.966194,15.688784,6.443666,0.057805,0.013749,-0.024568,-2.925261,9.332810,0.313087,0.076228,0.024945,-0.047094,-5.749209,9.851077,4.661195,0.033019,0.009675,0.011994,9.417052,13.378733,12.691740,0.055844,0.024163,-0.020376,-0.700036,4.341622,5.868980,0.074700,0.033961,-0.038998,-0.683418,2.235245,2.032773,0.051839,8,0.063058,8,0,0,1,0,0,0,0,0,0,0,0,1,0,0,0,0,0,0,0.021641,30.254436,7.570557,6.337642
17,3528254309.163375,-0.039476,0.016665,-0.035552,70.117368,-48.097627,-36.767155,-0.043054,0.003369,-0.010971,73.403859,-43.481723,-48.310253,0.000000,0.000000,0.000000,0.000000,0.000000,0.000000,-0.030360,0.034208,-0.044062,74.727582,-59.587471,-39.284520,-0.039689,0.019261,-0.013652,73.107096,-44.541160,-43.348395,-0.039222,0.010448,0.004188,3.635681,-0.205686,5.563359,-0.041847,0.002415,-0.034768,67.772287,-56.043566,-31.061856,-0.048116,-0.014294,-0.004659,59.454997,-43.828297,-29.114568,-0.048815,-0.024215,0.017324,54.780918,-62.718029,-30.356556,0.042873,-0.005875,-0.011904,-0.214180,18.964201,1.902695,0.061942,0.005853,-0.033349,-1.937744,16.108706,3.985948,0.000000,0.000000,0.000000,0.000000,0.000000,0.000000,0.038055,0.000781,0.001665,2.973561,15.629070,6.969510,0.057105,0.012589,-0.021261,-1.327419,8.024034,1.360357,0.076045,0.024629,-0.044828,-4.633807,8.133688,5.190312,0.032866,0.009687,0.012316,9.902133,13.095072,13.401178,0.055990,0.024765,-0.020420,-0.804744,5.246841,6.629962,0.074765,0.034384,-0.038183,-0.163020,2.833515,2.467212,0.051597,8,0.062389,8,0,0,1,0,0,0,0,0,0,0,0,1,0,0,0,0,0,0,0.025334,-1.812412,-23.370113,-33.755976
19,3528254309.367311,-0.038141,0.017630,-0.037717,70.432474,-47.782696,-36.867337,-0.043276,0.003207,-0.010552,72.634919,-42.825469,-47.437469,0.000000,0.000000,0.000000,0.000000,0.000000,0.000000,-0.031586,0.033525,-0.043248,72.174250,-58.803213,-36.481393,-0.040608,0.018695,-0.012437,69.860079,-44.020294,-41.359643,-0.038707,0.010852,0.003720,63.006458,-57.175348,-33.470663,-0.043226,0.001355,-0.033199,64.293028,-55.190749,-28.710449,-0.048495,-0.014679,-0.003665,58.953398,-42.965588,-28.062795,-0.048713,-0.024253,0.018034,16.974088,-1.287111,16.389760,0.042709,-0.006086,-0.011969,-0.380753,18.975697,1.600849,0.062179,0.006831,-0.035973,-3.034692,16.655122,3.663609,0.000000,0.000000,0.000000,0.000000,0.000000,0.000000,0.037757,0.000238,0.002475,1.882107,15.406829,5.821749,0.058133,0.014946,-0.026550,-3.157576,10.647564,1.811354,0.075769,0.024853,-0.046560,-4.585841,9.402088,5.755052,0.033422,0.010389,0.010794,8.103866,14.101748,13.226320,0.054876,0.023146,-0.017674,0.652126,3.155219,6.207579,0.074862,0.035391,-0.041612,-1.858587,4.521924,2.533702,0.051716,8,0.063021,8,0,0,1,0,0,0,0,0,0,0,0,1,0,0,0,0,0,0,0.020634,-2.397348,-22.433556,-33.325924
21,3528254309.563760,-0.037313,0.017869,-0.039124,70.754451,-48.896824,-37.216388,-0.042646,0.003795,-0.011829,71.863728,-44.461765,-47.379983,0.000000,0.000000,0.000000,0.000000,0.000000,0.000000,-0.030734,0.033597,-0.044754,70.850664,-59.468052,-35.414841,-0.040055,0.019099,-0.013681,69.998053,-45.000222,-41.795007,-0.038102,0.011609,0.002203,2.172041,-0.072908,5.128070,-0.042354,0.001789,-0.034603,62.789251,-56.548971,-28.591203,-0.049371,-0.015146,-0.002785,56.475345,-42.845113,-26.981605,-0.048260,-0.023220,0.016942,16.787361,-1.562732,16.061611,0.042707,-0.006612,-0.011290,-0.885638,18.540803,1.536510,0.062321,0.005717,-0.034984,-3.684442,15.524740,3.011299,0.000000,0.000000,0.000000,0.000000,0.000000,0.000000,0.037906,0.000287,0.002398,2.468075,15.682968,6.923300,0.057814,0.013266,-0.024080,-2.360028,9.019299,0.715069,0.076316,0.024222,-0.046831,-5.551445,8.197963,4.424288,0.033782,0.010841,0.009948,7.982196,14.585059,12.857162,0.056505,0.025015,-0.022626,-2.594986,4.753480,5.708408,0.074922,0.033782,-0.039601,-0.931659,2.063000,1.785193,0.051768,8,0.063125,8,0,0,1,0,0,0,0,0,0,0,0,1,0,0,0,0,0,0,0.020296,-1.758102,-22.412076,-33.718916
22,3528254309.685719,-0.038467,0.017480,-0.037402,68.341831,-48.029301,-36.198313,-0.042726,0.003853,-0.011093,71.394061,-42.935674,-47.455097,0.000000,0.000000,0.000000,0.000000,0.000000,0.000000,-0.031847,0.033285,-0.043194,69.556662,-59.346896,-35.904114,-0.040903,0.018645,-0.011795,68.488155,-43.583969,-40.682002,-0.039983,0.010166,0.006099,3.990232,-0.433724,5.765723,-0.043230,0.001584,-0.033238,63.189622,-55.417609,-28.387202,-0.048122,-0.013956,-0.003874,11.422373,-11.998573,-4.172306,-0.047574,-0.022743,0.016966,16.795308,-0.560753,16.067877,0.041822,-0.007948,-0.009842,-0.895122,18.547246,0.745037,0.061366,0.004682,-0.034253,-3.177087,16.044723,2.687979,0.000000,0.000000,0.000000,0.000000,0.000000,0.000000,0.038435,0.000913,0.000258,2.175950,17.133226,6.369267,0.057940,0.013992,-0.026687,-2.998217,11.052576,0.746349,0.075498,0.023581,-0.047000,-5.490926,8.710178,4.779193,0.034071,0.010799,0.009140,6.541930,14.456681,13.243171,0.055635,0.023752,-0.021079,-0.887911,4.849016,5.389134,0.074228,0.033185,-0.039719,-1.007921,2.231261,1.141589,0.051533,8,0.062666,8,0,0,1,0,0,0,0,0,0,0,0,1,0,0,0,0,0,0,0.019450,-1.565026,-22.525651,-33.933500
23,3528254309.762599,-0.039235,0.016603,-0.035963,70.219311,-48.386164,-36.747337,-0.042448,0.003546,-0.011634,73.928052,-42.552241,-47.490339,0.000000,0.000000,0.000000,0.000000,0.000000,0.000000,-0.031627,0.033291,-0.042830,71.679081,-59.600895,-36.898235,-0.041731,0.017644,-0.010754,70.090058,-44.000090,-41.180381,-0.039892,0.009736,0.005451,62.195760,-57.372599,-32.896833,-0.043417,0.000908,-0.032684,64.492589,-55.684817,-28.448358,-0.048647,-0.015163,-0.003399,59.589943,-43.551282,-28.201070,-0.048682,-0.024632,0.017960,54.990930,-62.040255,-30.120695,0.041748,-0.007521,-0.008902,0.521459,18.105097,2.371527,0.062083,0.007065,-0.035260,-3.444394,16.130230,3.328961,0.000000,0.000000,0.000000,0.000000,0.000000,0.000000,0.037744,0.000583,0.002305,2.590269,15.798492,6.627687,0.057280,0.013736,-0.023235,-1.705260,8.966971,1.512720,0.075390,0.024520,-0.044499,-4.511921,8.187020,5.698505,0.033232,0.010418,0.011017,9.156414,13.820343,13.848589,0.055032,0.023920,-0.018423,-0.315314,3.808686,6.385795,0.074007,0.034267,-0.037607,-0.234469,3.000450,2.436012,0.051694,8,0.062031,8,0,0,1,0,0,0,0,0,0,0,0,1,0,0,0,0,0,0,0.019281,-2.106479,-22.587048,-33.767970
25,3528254309.955948,-0.055780,-0.001019,0.002851,-2.615232,-9.063994,4.622183,-0.036585,0.010326,0.024672,-6.724825,-14.535977,-2.260368,0.000000,0.000000,0.000000,0.000000,0.000000,0.000000,-0.060383,0.003164,-0.014052,-3.117470,-12.147584,15.277747,-0.040823,0.019060,0.013405,-6.264105,-10.428829,-0.099909,-0.026666,0.023904,0.021405,-9.253260,-9.666612,14.003375,-0.050997,-0.007186,0.017579,-3.516288,-7.161368,13.427959,-0.030157,0.004431,0.040438,-7.091148,-2.301324,2.352740,-0.013105,0.013216,0.053611,-37.926578,54.416752,-13.172795,0.024483,-0.025711,-0.025522,-83.392433,47.252329,-50.760750,0.015282,-0.042151,-0.057924,-85.623823,48.848648,-48.217564,0.000000,0.000000,0.000000,0.000000,0.000000,0.000000,0.025769,-0.011810,-0.025703,-79.495273,51.611109,-46.893303,0.019035,-0.027009,-0.053726,-75.429834,45.372468,-37.286447,0.014917,-0.040477,-0.078246,-74.349168,48.567965,-33.943322,0.027069,0.003730,-0.023886,-68.031080,58.223662,-40.713377,0.016695,-0.016747,-0.058395,-67.352253,48.622455,-28.495907,0.013637,-0.029996,-0.083670,-67.858650,44.346020,-29.216689,0.051724,8,0.062110,8,0,0,1,0,0,0,0,0,0,0,0,1,0,0,0,0,0,0,0.019290,-2.607270,-22.173193,-33.499965
27,3528254310.153826,-0.057262,-0.002990,-0.001425,-1.420985,-10.055488,4.485474,-0.039250,0.007027,0.018827,-5.073212,-16.158077,-2.025541,0.000000,0.000000,0.000000,0.000000,0.000000,0.000000,-0.062083,0.000135,-0.020737,-1.908543,-14.376166,16.270236,-0.042793,0.016795,0.009443,-5.428652,-11.487870,-0.200668,-0.028373,0.022453,0.019322,-8.536911,-10.245709,14.616410,-0.052890,-0.009643,0.012705,-3.384067,-8.933897,13.782386,-0.031975,0.002766,0.038629,-6.857714,-2.572253,2.421646,-0.015390,0.011214,0.051625,-14.944520,-11.553840,19.529884,0.023121,-0.027070,-0.029496,-81.616275,47.421685,-49.454075,0.016920,-0.041659,-0.059237,-81.739013,48.869993,-45.305498,0.000000,0.000000,0.000000,0.000000,0.000000,0.000000,0.024660,-0.012977,-0.028898,-77.161692,52.250575,-44.721742,0.019945,-0.026785,-0.055416,-72.244115,45.124638,-35.308303,0.014292,-0.041268,-0.083071,-74.455556,48.383474,-33.225380,0.025156,0.001946,-0.027761,-65.831937,58.601243,-37.627381,0.016286,-0.017484,-0.061859,-65.881696,48.156127,-26.989632,0.013967,-0.030193,-0.087266,-64.995631,43.253004,-26.365855,0.051918,8,0.064564,8,0,0,1,0,0,0,0,0,0,0,0,1,0,0,0,0,0,0,0.019093,-2.109016,-22.563800,-33.518215
28,3528254310.257009,-0.056203,-0.001162,0.001921,-2.738037,-9.262999,4.872429,-0.037747,0.009136,0.022012,-6.782976,-15.198062,-2.287487,0.000000,0.000000,0.000000,0.000000,0.000000,0.000000,-0.061648,0.000849,-0.018987,-2.435118,-13.618648,16.067895,-0.041450,0.018582,0.012112,-6.508577,-10.922435,-0.780699,-0.027869,0.022606,0.018776,-9.079169,-10.082193,14.191888,-0.052055,-0.008271,0.014748,-3.836261,-8.499647,13.185708,-0.030611,0.004506,0.040593,-7.607050,-1.929909,1.933148,-0.013881,0.012868,0.052996,-15.350987,-10.199763,19.556094,0.022948,-0.027069,-0.028230,-83.781808,47.319175,-51.609878,0.016029,-0.042141,-0.057906,-84.354899,48.650646,-47.393922,0.000000,0.000000,0.000000,0.000000,0.000000,0.000000,0.026194,-0.011788,-0.025523,-77.482911,51.835608,-45.547514,0.018238,-0.027997,-0.055699,-75.460940,44.391046,-37.715698,0.013356,-0.041932,-0.081230,-76.567013,48.825714,-35.611731,0.025695,0.002277,-0.026279,-69.227474,57.071707,-40.752147,0.015610,-0.018091,-0.060808,-68.469408,49.139791,-29.551533,0.013440,-0.030666,-0.085142,-66.403412,42.973212,-27.575176,0.051870,8,0.063518,8,0,0,1,0,0,0,0,0,0,0,0,1,0,0,0,0,0,0,0.019120,-2.089640,-22.484434,-33.718225
29,3528254310.354140,-0.038093,0.017635,-0.038557,68.343054,-48.408051,-35.580182,-0.043026,0.003758,-0.011414,70.980878,-43.130163,-46.510616,0.000000,0.000000,0.000000,0.000000,0.000000,0.000000,-0.029070,0.034861,-0.047426,73.004527,-60.401696,-37.533190,-0.041945,0.018143,-0.011099,66.815583,-44.075791,-39.999974,-0.038789,0.011316,0.003442,60.005493,-57.568773,-31.029662,-0.042631,0.001874,-0.034648,62.939719,-55.554715,-28.892589,-0.048205,-0.013926,-0.004520,11.525131,-12.990642,-3.847913,-0.047875,-0.022747,0.016656,53.659993,-61.942669,-29.045830,0.043305,-0.005949,-0.013091,-1.199442,18.782893,1.059334,0.062629,0.006094,-0.036571,-4.176013,16.261712,2.119356,0.000000,0.000000,0.000000,0.000000,0.000000,0.000000,0.038501,0.000836,0.000934,2.328016,15.934840,6.316842,0.058452,0.014125,-0.026555,-3.090309,9.587502,0.761185,0.076213,0.023601,-0.046749,-4.706529,8.894200,4.882699,0.034545,0.011583,0.008098,8.219725,15.124977,12.664510,0.056340,0.024373,-0.021887,-1.095288,4.749474,6.133474,0.075367,0.034295,-0.041787,-2.110279,2.913407,1.927416,0.051976,8,0.063798,8,0,0,1,0,0,0,0,0,0,0,0,1,0,0,0,0,0,0,0.019150,-1.945815,-22.115349,-33.669046
30,3528254310.457211,-0.038134,0.017345,-0.038294,69.258254,-48.359546,-36.040318,-0.041942,0.004178,-0.012733,73.128741,-43.514832,-47.084493,0.000000,0.000000,0.000000,0.000000,0.000000,0.000000,-0.029938,0.034193,-0.046211,72.877002,-59.835314,-36.657203,-0.040877,0.018498,-0.012569,68.699479,-44.665384,-40.794463,-0.038245,0.011324,0.002676,61.719341,-57.559681,-31.700290,-0.042863,0.001367,-0.034030,63.628805,-55.843593,-28.641661,-0.048095,-0.014368,-0.004324,11.571652,-13.154830,-3.901305,-0.047871,-0.023380,0.017027,52.869452,-62.032985,-28.842012,0.042586,-0.006668,-0.011096,-0.701241,18.816577,1.634513,0.062399,0.006726,-0.036534,-4.057339,16.328367,3.565951,0.000000,0.000000,0.000000,0.000000,0.000000,0.000000,0.038318,0.001115,0.000981,1.926668,16.098400,6.881139,0.058246,0.014770,-0.026769,-3.609833,9.817398,1.210075,0.075750,0.024161,-0.046373,-5.120604,9.236475,5.309352,0.033916,0.011156,0.009431,8.962562,14.244392,13.052915,0.055765,0.024453,-0.021062,-1.286671,4.369860,6.470789,0.075000,0.035191,-0.042314,-3.103726,3.497374,1.822080,0.051654,8,0.063461,8,0,0,1,0,0,0,0,0,0,0,0,1,0,0,0,0,0,0,0.019134,-1.875965,-22.259765,-33.633626
31,3528254310.552782,-0.038961,0.017008,-0.037548,68.308617,-48.252059,-35.482553,-0.042589,0.003833,-0.011678,70.948523,-43.324407,-45.800977,0.000000,0.000000,0.000000,0.000000,0.000000,0.000000,-0.030803,0.033857,-0.045605,70.700758,-59.250044,-35.156606,-0.041323,0.018341,-0.011793,67.661427,-43.903917,-40.678636,-0.038983,0.010915,0.004190,59.313522,-56.989589,-30.247811,-0.042675,0.001743,-0.034473,61.894190,-55.771594,-27.429690,-0.047933,-0.014076,-0.004180,57.361403,-43.024176,-27.227907,-0.047909,-0.023368,0.017809,50.781384,-61.933040,-27.161200,0.042832,-0.006307,-0.012471,-1.160763,19.547547,1.295810,0.062253,0.006643,-0.037641,-4.118396,17.063520,3.420904,0.000000,0.000000,0.000000,0.000000,0.000000,0.000000,0.038696,0.001469,-0.000305,1.790915,17.127361,6.743833,0.058071,0.014465,-0.027303,-3.604078,9.950048,0.790005,0.075590,0.024093,-0.047824,-5.099202,8.993316,5.044864,0.033811,0.010785,0.009978,8.860423,14.924611,12.959562,0.055756,0.024394,-0.022036,-0.932566,4.682092,6.002475,0.074583,0.034461,-0.042263,-2.070445,3.594302,1.833732,0.051788,8,0.063654,8,0,0,1,0,0,0,0,0,0,0,0,1,0,0,0,0,0,0,0.018902,-1.559191,-22.791359,-33.946100
33,3528254310.761446,-0.056759,-0.002175,-0.000014,-2.362434,-9.523306,4.449500,-0.038205,0.008400,0.020740,-5.313602,-15.578399,-2.329150,0.000000,0.000000,0.000000,0.000000,0.000000,0.000000,-0.061398,0.001499,-0.017843,-2.092648,-13.093906,14.935352,-0.042085,0.017435,0.010189,-5.281366,-11.954868,-0.016105,-0.027657,0.022955,0.019568,-8.686347,-10.154182,13.805967,-0.051840,-0.007825,0.015892,-4.151921,-7.930888,13.518411,-0.031166,0.003669,0.039079,-7.188925,-2.683249,2.389983,-0.014174,0.012417,0.052383,-16.696562,-10.633712,20.050167,0.023740,-0.026533,-0.027158,-82.557869,47.869968,-50.745588,0.017941,-0.040978,-0.055547,-82.162621,48.875508,-45.995151,0.000000,0.000000,0.000000,0.000000,0.000000,0.000000,0.027519,-0.010787,-0.023683,-76.091981,52.154604,-44.638013,0.017508,-0.028487,-0.056817,-76.681052,45.872605,-39.134831,0.013630,-0.041719,-0.081213,-76.855667,48.318397,-36.000978,0.026525,0.003000,-0.025128,-65.579529,57.966452,-38.642543,0.016443,-0.017372,-0.059844,-66.865152,48.298105,-28.643571,0.013244,-0.030734,-0.085616,-67.935888,43.689899,-29.364029,0.051651,8,0.063156,8,0,0,1,0,0,0,0,0,0,0,0,1,0,0,0,0,0,0,0.019112,-1.973374,-22.287571,-33.752278
35,3528254310.955290,-0.038528,0.017491,-0.038312,68.184823,-46.968168,-34.640921,-0.043036,0.003374,-0.011130,70.381246,-43.038356,-45.812769,0.000000,0.000000,0.000000,0.000000,0.000000,0.000000,-0.030676,0.034271,-0.046007,71.095792,-58.954579,-35.305059,-0.039198,0.019743,-0.015081,70.174602,-43.721435,-41.695529,-0.038161,0.011368,0.002751,61.463623,-56.615961,-31.630615,-0.043290,0.001307,-0.033835,62.912337,-55.027630,-28.106528,-0.046721,-0.013327,-0.005991,59.710443,-43.171537,-28.072395,-0.046307,-0.022399,0.015305,52.857697,-62.174160,-28.654072,0.043316,-0.005271,-0.013883,-0.686021,19.611707,1.993186,0.062809,0.008386,-0.039769,-4.807096,17.137098,3.205634,0.000000,0.000000,0.000000,0.000000,0.000000,0.000000,0.038517,0.001273,0.000433,2.639417,17.273267,7.170631,0.058144,0.015144,-0.027680,-3.248592,10.542246,0.971960,0.075688,0.025199,-0.048585,-5.297766,9.190797,5.554574,0.034304,0.011564,0.008545,8.984352,14.993860,14.101941,0.055944,0.025228,-0.022732,-1.598028,5.944686,6.895133,0.074797,0.035973,-0.043943,-2.293133,4.687920,2.496481,0.051327,8,0.064407,8,0,0,1,0,0,0,0,0,0,0,0,1,0,0,0,0,0,0,0.019382,-2.288343,-22.146414,-33.329357
37,3528254311.156800,-0.037735,0.017852,-0.037939,72.470304,-48.263558,-38.201079,-0.042936,0.003364,-0.011108,73.314636,-43.207965,-47.913338,0.000000,0.000000,0.000000,0.000000,0.000000,0.000000,-0.030844,0.033899,-0.043758,-3.768193,-6.126667,2.847053,-0.040571,0.018593,-0.012427,70.865988,-44.205679,-42.401464,-0.039239,0.010378,0.004338,63.725744,-57.460133,-33.886096,-0.042061,0.002146,-0.034529,67.583918,-55.258452,-30.400081,-0.048654,-0.014910,-0.003784,12.725424,-13.000959,-3.744341,-0.048366,-0.023982,0.016920,16.750793,-2.088497,15.830939,0.042889,-0.005812,-0.011970,-0.917015,18.742378,1.570912,0.062446,0.007107,-0.035525,-3.526898,16.211964,3.754464,0.000000,0.000000,0.000000,0.000000,0.000000,0.000000,0.037806,0.000406,0.002483,2.805997,15.834264,7.119401,0.057635,0.013825,-0.023561,-1.998312,8.707232,1.370449,0.075720,0.024233,-0.044138,-4.317948,7.233579,4.942908,0.033390,0.010471,0.010827,9.187080,13.596683,13.369839,0.055764,0.024622,-0.020076,-0.408014,4.769109,6.760131,0.074512,0.034304,-0.037935,0.093419,2.336644,1.952209,0.051683,8,0.062611,8,0,0,1,0,0,0,0,0,0,0,0,1,0,0,0,0,0,0,0.019352,29.682434,8.927781,6.718845
38,3528254311.258324,-0.038684,0.017606,-0.037865,68.843053,-47.113121,-35.898339,-0.041806,0.004568,-0.012971,73.157785,-42.915233,-47.736249,0.000000,0.000000,0.000000,0.000000,0.000000,0.000000,-0.030854,0.034371,-0.045314,70.766305,-58.286521,-35.471181,-0.039627,0.019655,-0.014276,69.242679,-44.109141,-41.093326,-0.038831,0.011017,0.003858,60.492313,-57.298486,-31.497261,-0.042714,0.002072,-0.034579,63.681769,-55.403466,-28.433925,-0.047020,-0.013273,-0.005907,11.898183,-11.593193,-3.761440,-0.047129,-0.022816,0.016100,52.114166,-61.916741,-28.256089,0.043631,-0.004897,-0.014696,-1.324605,19.410437,1.392041,0.062762,0.007704,-0.038602,-4.182630,16.940179,2.977818,0.000000,0.000000,0.000000,0.000000,0.000000,0.000000,0.038992,0.001804,-0.000877,1.918998,16.934766,6.507733,0.058002,0.014292,-0.026123,-2.377549,9.563037,1.290167,0.076202,0.025664,-0.049441,-5.132304,9.707229,5.020694,0.034473,0.011513,0.008321,10.103735,14.505883,13.903223,0.056332,0.025358,-0.023158,-1.380910,6.659586,6.912888,0.074974,0.035404,-0.042655,-1.352049,3.955743,1.956222,0.051457,8,0.064440,8,0,0,1,0,0,0,0,0,0,0,0,1,0,0,0,0,0,0,0.019427,-2.848302,-21.944060,-33.178008
39,3528254311.358782,-0.039370,0.016852,-0.036590,68.830423,-47.281441,-35.548491,-0.042912,0.003496,-0.011381,72.355834,-43.598887,-47.625899,0.000000,0.000000,0.000000,0.000000,0.000000,0.000000,-0.031288,0.033822,-0.044180,71.368369,-58.751475,-35.955806,-0.039839,0.019285,-0.013902,70.687141,-44.031204,-41.753802,-0.039956,0.010015,0.005394,61.014361,-57.113563,-32.119610,-0.042907,0.001614,-0.034034,64.403196,-55.495198,-28.903177,-0.046816,-0.013306,-0.006257,60.255632,-43.752006,-28.676207,-0.047217,-0.023051,0.015767,53.013861,-62.493722,-29.080098,0.042831,-0.006119,-0.011806,-0.162436,18.743939,1.954742,0.062726,0.007737,-0.037395,-3.689021,16.841947,3.941355,0.000000,0.000000,0.000000,0.000000,0.000000,0.000000,0.038916,0.002041,-0.000701,2.108547,16.572219,7.157525,0.057908,0.014376,-0.025158,-2.309685,9.839671,1.360071,0.075991,0.025156,-0.046878,-4.500154,8.751554,5.247340,0.034079,0.011365,0.009100,9.702879,14.092144,14.253648,0.055790,0.024728,-0.020735,-0.330153,3.936985,6.342676,0.074805,0.035173,-0.040638,-0.858601,2.946133,2.117485,0.051419,8,0.063550,8,0,0,1,0,0,0,0,0,0,0,0,1,0,0,0,0,0,0,0.019376,-2.562776,-22.245981,-33.485381
40,3528254311.458064,-0.037996,0.017906,-0.038385,69.706621,-47.591028,-36.458111,-0.043151,0.003446,-0.010874,71.577701,-42.841421,-46.945632,0.000000,0.000000,0.000000,0.000000,0.000000,0.000000,-0.031628,0.033621,-0.043871,-3.596750,-5.555142,2.760450,-0.040405,0.018995,-0.012982,69.428156,-43.383071,-40.863766,-0.039434,0.010501,0.004830,60.287877,-57.277715,-31.825569,-0.042604,0.001997,-0.034400,64.200987,-55.310828,-28.340383,-0.046682,-0.012993,-0.006338,11.019006,-11.721488,-3.986703,-0.047691,-0.023245,0.016807,51.714064,-62.663034,-28.545266,0.042400,-0.006953,-0.010863,0.211712,18.888271,2.005092,0.062005,0.006139,-0.035547,-3.334305,16.614291,3.301202,0.000000,0.000000,0.000000,0.000000,0.000000,0.000000,0.038986,0.001928,-0.001010,1.949524,16.749003,6.466164,0.058080,0.014532,-0.026364,-2.954474,10.556538,1.181813,0.075812,0.024624,-0.047112,-4.256407,9.469356,5.050987,0.033989,0.010991,0.009435,9.620758,14.455870,13.817916,0.056358,0.025423,-0.023181,-1.143367,5.447453,6.771024,0.074540,0.034325,-0.040118,-0.035498,1.928182,2.071826,0.051515,8,0.063429,8,0,0,1,0,0,0,0,0,0,0,0,1,0,0,0,0,0,0,0.019478,-2.768181,-21.743155,-33.153178
41,3528254311.554780,-0.038556,0.017102,-0.037858,68.190593,-47.675178,-35.310534,-0.043562,0.003064,-0.010508,71.331886,-42.819568,-45.886520,0.000000,0.000000,0.000000,0.000000,0.000000,0.000000,-0.032266,0.032798,-0.043332,-3.661379,-6.472904,3.014538,-0.039880,0.019224,-0.014056,69.025000,-44.301495,-40.894470,-0.038047,0.011612,0.002289,62.031073,-57.819473,-32.498280,-0.041639,0.002340,-0.035739,64.654821,-55.953559,-28.690658,-0.046625,-0.013002,-0.006538,10.666369,-11.779557,-3.770231,-0.047576,-0.022912,0.016475,52.504071,-62.275782,-28.479143,0.043188,-0.005826,-0.012846,-1.258162,19.191016,1.523137,0.062690,0.006880,-0.037254,-3.764842,17.025756,3.586480,0.000000,0.000000,0.000000,0.000000,0.000000,0.000000,0.038852,0.001696,-0.000376,1.314282,16.198483,7.107528,0.058312,0.014472,-0.026574,-3.193761,9.677447,1.039302,0.076169,0.024420,-0.047514,-5.329200,9.033211,4.957105,0.033925,0.011004,0.009681,8.452586,14.761563,13.897183,0.056109,0.024616,-0.021776,-0.938934,4.485960,6.634072,0.075103,0.034728,-0.041837,-1.946783,2.419231,2.059855,0.051272,8,0.063876,8,0,0,1,0,0,0,0,0,0,0,0,1,0,0,0,0,0,0,0.019605,-2.955868,-22.084140,-33.036818
43,3528254311.755939,-0.038062,0.017688,-0.037811,70.099697,-48.213470,-36.671741,-0.043274,0.003500,-0.010548,71.334213,-43.224532,-46.807426,0.000000,0.000000,0.000000,0.000000,0.000000,0.000000,0.000000,0.000000,0.000000,0.000000,0.000000,0.000000,-0.041319,0.018411,-0.011362,68.682240,-44.235415,-41.329852,-0.038837,0.011091,0.004014,61.367804,-57.554723,-32.447800,-0.042984,0.001719,-0.033563,63.563361,-56.231844,-29.744838,-0.048611,-0.014244,-0.003571,58.310451,-42.861013,-27.732563,0.081620,0.058939,-0.124280,-130.312852,-65.904396,133.974378,0.042663,-0.006554,-0.011993,-0.983258,19.383775,1.125183,0.062659,0.006964,-0.037802,-4.687349,17.238131,2.878413,0.000000,0.000000,0.000000,0.000000,0.000000,0.000000,0.038187,0.000621,0.001082,1.897261,16.189649,6.501270,0.057511,0.012803,-0.023960,-2.437153,9.300437,0.495362,0.075811,0.023488,-0.046162,-4.845781,9.104359,4.424377,0.033383,0.010019,0.011057,8.698555,14.445101,13.142357,0.055708,0.023603,-0.020308,-0.754418,5.474425,5.833860,0.074739,0.033530,-0.039982,-1.074008,2.490431,1.468307,0.064812,7,0.062934,8,0,0,1,1,0,0,0,0,0,0,0,1,0,0,0,0,0,0,0.019689,-2.847795,-22.403609,-33.367262
45,3528254311.973940,-0.037938,0.017990,-0.038766,67.880611,-47.894375,-35.351976,-0.041680,0.004953,-0.012982,72.211285,-42.989135,-47.679835,0.000000,0.000000,0.000000,0.000000,0.000000,0.000000,-0.031409,0.033624,-0.044488,69.006739,-59.210367,-34.437671,-0.040386,0.019282,-0.012954,67.752121,-44.556776,-40.855006,-0.038830,0.011350,0.004046,2.569748,0.773393,5.522070,-0.042172,0.002562,-0.035183,63.667676,-55.903365,-28.915939,-0.048106,-0.013563,-0.004125,56.656900,-43.391719,-28.218257,-0.047637,-0.022320,0.016988,15.684863,-0.739860,15.256659,0.042281,-0.007690,-0.010880,-0.470512,19.216368,1.112756,0.061962,0.005092,-0.036240,-3.978704,16.965000,2.387328,0.000000,0.000000,0.000000,0.000000,0.000000,0.000000,0.038471,0.000621,0.000516,1.669549,16.712758,5.974788,0.057784,0.012932,-0.025674,-3.223660,9.838673,0.895123,0.076019,0.023634,-0.048826,-5.593960,8.523199,3.398849,0.033676,0.010004,0.010870,8.499077,14.724987,13.150637,0.056893,0.025157,-0.025296,-2.236736,7.162008,5.895500,0.075232,0.034221,-0.043852,-2.578121,3.720231,1.065179,0.051593,8,0.063774,8,0,0,1,0,0,0,0,0,0,0,0,1,0,0,0,0,0,0,0.019800,-2.868768,-21.948587,-32.892827
47,3528254312.177824,-0.056949,-0.002284,-0.000658,-1.587108,-10.207364,4.034333,-0.037851,0.009099,0.021854,-7.046425,-15.598016,-1.963629,0.000000,0.000000,0.000000,0.000000,0.000000,0.000000,-0.061083,0.002618,-0.016179,-62.328750,40.393110,-17.572346,-0.042807,0.016196,0.007692,-4.879266,-12.476451,0.007306,-0.028012,0.022368,0.018336,-8.909973,-10.246886,13.909541,-0.052060,-0.007975,0.015177,-3.463122,-7.663912,12.974283,-0.031079,0.003908,0.039327,-7.514290,-2.289263,2.221007,-0.013781,0.012934,0.053479,-37.584190,53.059818,-12.478515,0.023537,-0.026696,-0.027387,-82.481977,47.974603,-51.054676,0.016215,-0.041945,-0.057691,-83.987135,49.842632,-47.901560,0.000000,0.000000,0.000000,0.000000,0.000000,0.000000,0.025609,-0.012333,-0.026498,-77.571443,51.683813,-45.749029,0.018262,-0.027929,-0.055737,-75.446464,45.166696,-38.250566,0.012559,-0.042284,-0.082340,-76.785819,48.546993,-35.678841,0.026522,0.002927,-0.025180,-66.516421,57.502040,-39.450038,0.015179,-0.018345,-0.061498,-68.080120,48.828380,-28.719632,0.014500,-0.029792,-0.084064,-65.719823,42.393758,-27.888353,0.051671,8,0.063535,8,0,0,1,0,0,0,0,0,0,0,0,1,0,0,0,0,0,0,0.019883,-3.462959,-21.744599,-32.770032
49,3528254312.365966,-0.038949,0.016622,-0.036260,69.314028,-48.286770,-36.557516,-0.043159,0.003197,-0.010789,73.523584,-43.919395,-48.371720,0.000000,0.000000,0.000000,0.000000,0.000000,0.000000,-0.031658,0.032892,-0.042539,70.859081,-59.729093,-36.238035,-0.041732,0.017769,-0.010830,69.556321,-44.711611,-42.194545,-0.039211,0.010542,0.004098,2.550574,-0.576835,5.533605,-0.043199,0.001046,-0.032994,65.057021,-56.121618,-29.732008,-0.049205,-0.015139,-0.003006,58.761080,-43.945189,-28.340010,-0.049175,-0.024211,0.018057,55.041883,-62.423176,-30.089039,0.041944,-0.007664,-0.009145,-0.573142,17.587575,1.446575,0.062082,0.005652,-0.033916,-3.583024,15.744934,2.807907,0.000000,0.000000,0.000000,0.000000,0.000000,0.000000,0.037067,-0.000786,0.004521,2.432001,15.379805,6.525208,0.057384,0.012733,-0.022401,-2.307378,8.143967,0.579175,0.076028,0.023812,-0.044696,64.928373,-27.889645,-15.640036,0.033012,0.009914,0.011776,8.210609,13.887784,12.533787,0.055987,0.024275,-0.020467,-1.791092,4.822586,5.675406,0.074378,0.032819,-0.036450,-0.240337,-0.025877,1.119361,0.051730,8,0.062008,8,0,0,1,0,0,0,0,0,0,0,0,1,0,0,0,0,0,0,0.019975,-2.876902,-21.837959,-33.424015
51,3528254312.567046,-0.038753,0.017245,-0.038623,66.025159,-47.354859,-33.323918,-0.041681,0.004671,-0.013442,70.823523,-43.520601,-46.281428,0.000000,0.000000,0.000000,0.000000,0.000000,0.000000,-0.031827,0.033342,-0.045297,-4.840543,-4.755881,3.529095,-0.039203,0.019978,-0.015527,68.412743,-44.038010,-40.244197,-0.038274,0.011674,0.002659,2.150584,0.388455,6.150365,-0.040728,0.003292,-0.037708,63.737125,-56.043346,-27.902563,-0.048173,-0.014155,-0.003952,56.024492,-42.601937,-26.503194,-0.046774,-0.022149,0.016135,50.494842,-61.884838,-26.443938,0.043774,-0.005062,-0.015175,-2.231531,19.774627,1.185168,0.062852,0.007282,-0.039779,-4.719958,17.740801,3.173160,0.000000,0.000000,0.000000,0.000000,0.000000,0.000000,0.039077,0.001690,-0.000918,1.855559,16.755169,7.365746,0.058207,0.014103,-0.027387,-3.256064,9.569547,1.418282,0.076347,0.025275,-0.051487,-6.488147,10.116846,4.998840,0.034953,0.012122,0.007024,8.109276,15.183946,13.015522,0.056476,0.025171,-0.024433,-1.217121,5.918364,6.436219,0.074922,0.034480,-0.043425,-1.724972,3.399147,1.877354,0.051622,8,0.064895,8,0,0,1,0,0,0,0,0,0,0,0,1,0,0,0,0,0,0,0.019786,29.165603,9.596653,6.911955
53,3528254312.758032,-0.037641,0.017620,-0.038220,71.149958,-48.465155,-37.304995,-0.043170,0.003262,-0.010869,71.606275,-43.821742,-46.931767,0.000000,0.000000,0.000000,0.000000,0.000000,0.000000,-0.031686,0.033040,-0.042930,70.647953,-59.808882,-35.644341,-0.039506,0.019305,-0.014121,71.968037,-44.975035,-43.641837,-0.041052,0.009311,0.006873,6.299076,-0.417861,5.955557,-0.042177,0.001931,-0.034522,65.055372,-56.441484,-29.963981,-0.049414,-0.015339,-0.002653,57.335467,-43.833053,-27.311483,-0.048923,-0.024111,0.017949,53.586298,-62.423696,-29.558456,0.042199,-0.007300,-0.009867,-0.747340,18.127386,1.464729,0.062085,0.005735,-0.034250,-3.372768,15.535194,2.972079,0.000000,0.000000,0.000000,0.000000,0.000000,0.000000,0.037327,-0.000453,0.003906,2.047196,14.904408,5.859080,0.057882,0.013779,-0.024530,-2.812567,9.958719,1.200457,0.076073,0.024167,-0.045686,-4.935899,8.179132,4.832712,0.033074,0.009934,0.011845,8.822354,13.305152,13.163551,0.055350,0.023401,-0.018540,0.018181,4.260855,6.329069,0.074828,0.034084,-0.039289,-1.548142,3.098035,1.998892,0.052057,8,0.062434,8,0,0,1,0,0,0,0,0,0,0,0,1,0,0,0,0,0,0,0.019739,29.187095,9.348859,6.676397
55,3528254312.955829,-0.038490,0.016849,-0.037731,69.116776,-47.760924,-35.702446,-0.043782,0.002645,-0.010163,70.351132,-43.652128,-45.712136,0.000000,0.000000,0.000000,0.000000,0.000000,0.000000,-0.031821,0.032805,-0.043638,68.602602,-60.215684,-33.771303,-0.039458,0.019258,-0.014635,70.982218,-44.731716,-42.476235,-0.039160,0.010598,0.003966,60.633219,-58.003760,-31.775371,-0.042931,0.001053,-0.033864,62.538485,-55.824296,-27.620734,-0.048201,-0.014609,-0.004117,58.502911,-44.090899,-27.726264,-0.050035,-0.025310,0.020186,17.614402,-2.500754,16.880171,0.043543,-0.004990,-0.013878,-1.804035,19.114790,1.847452,0.062488,0.006650,-0.036227,-4.131882,16.683237,3.660891,0.000000,0.000000,0.000000,0.000000,0.000000,0.000000,0.037907,0.000460,0.002397,2.368503,15.584906,6.725165,0.058305,0.014772,-0.026654,-3.352190,10.583275,1.508513,0.076019,0.024417,-0.046736,-5.310541,8.612078,5.108352,0.033584,0.010805,0.010362,9.341770,13.933834,13.532531,0.056466,0.025504,-0.023311,-1.585746,6.218293,6.945560,0.074970,0.034822,-0.041352,-2.123133,3.776453,2.152551,0.052069,8,0.063774,8,0,0,1,0,0,0,0,0,0,0,0,1,0,0,0,0,0,0,0.019680,29.044696,9.601250,6.788740
57,3528254313.157438,-0.038382,0.017507,-0.037733,69.274178,-48.130226,-36.135160,-0.043749,0.002968,-0.010281,71.087015,-42.548120,-45.837175,0.000000,0.000000,0.000000,0.000000,0.000000,0.000000,-0.031710,0.033474,-0.043360,71.181356,-58.920533,-35.924429,-0.041415,0.018261,-0.011701,4.085407,-3.651727,-9.549245,-0.038979,0.010847,0.003652,3.118587,-0.581897,5.623274,-0.042224,0.002193,-0.034867,64.655081,-55.953098,-29.303691,-0.048640,-0.014686,-0.003842,57.149513,-43.633868,-27.660690,-0.047784,-0.023237,0.016230,52.743559,-62.286013,-29.036585,0.043209,-0.005525,-0.012899,-0.830017,18.793388,1.383067,0.062202,0.006179,-0.034894,-3.159349,16.185744,3.458656,0.000000,0.000000,0.000000,0.000000,0.000000,0.000000,0.037688,-0.000004,0.003074,3.303182,14.713992,7.212572,0.058082,0.014301,-0.025224,-2.567391,9.136762,0.850542,0.076089,0.024711,-0.046292,-4.497319,7.914195,5.368823,0.033214,0.010109,0.011645,10.243025,13.084525,14.094495,0.055802,0.024410,-0.020259,-0.128186,4.131264,6.840217,0.074825,0.034531,-0.039619,-0.658813,3.283355,2.096160,0.051703,8,0.063053,8,0,0,1,0,0,0,0,0,0,0,0,1,0,0,0,0,0,0,0.019634,-3.428984,-21.811984,-32.874915
58,3528254313.261514,-0.037651,0.017546,-0.037877,71.266862,-49.093242,-38.107131,-0.043923,0.002732,-0.010064,72.662266,-43.605393,-47.633970,0.000000,0.000000,0.000000,0.000000,0.000000,0.000000,-0.030678,0.033545,-0.043539,73.866338,-59.813486,-38.252303,-0.041191,0.018206,-0.011796,69.805581,-45.437284,-42.151799,-0.039035,0.010761,0.003524,2.878512,-0.727495,5.566239,-0.042317,0.001749,-0.034204,65.643224,-56.729006,-30.033070,-0.049458,-0.015264,-0.003187,13.196420,-14.450575,-4.344154,-0.049453,-0.024333,0.017784,55.541346,-62.762697,-30.679555,0.042528,-0.006789,-0.010259,0.081464,18.007369,2.068524,0.063078,0.007222,-0.035872,-3.964588,16.283757,3.313494,0.000000,0.000000,0.000000,0.000000,0.000000,0.000000,0.037703,0.000148,0.003044,2.847806,14.245931,6.829218,0.057461,0.012606,-0.021428,-1.211484,7.415602,1.040133,0.076586,0.024392,-0.044908,-5.034275,7.664562,4.893314,0.032875,0.009768,0.012377,9.316942,13.054174,13.543698,0.056263,0.024521,-0.020265,-1.460216,4.476818,5.904016,0.075077,0.033813,-0.037522,-0.868625,2.879144,1.895451,0.051964,8,0.062660,8,0,0,1,0,0,0,0,0,0,0,0,1,0,0,0,0,0,0,0.019638,-3.041357,-21.665714,-33.175354
59,3528254313.354218,-0.038481,0.017229,-0.037249,68.922541,-48.810826,-36.792948,-0.044246,0.002804,-0.009807,71.138700,-43.435533,-46.915198,0.000000,0.000000,0.000000,0.000000,0.000000,0.000000,-0.029529,0.034412,-0.045415,73.771737,-59.816424,-38.008430,-0.040236,0.019113,-0.013284,70.365321,-45.093320,-42.522339,-0.038352,0.011563,0.002481,63.212909,-58.465992,-34.037612,-0.042220,0.002092,-0.034741,64.606839,-56.744019,-30.024087,-0.048326,-0.014007,-0.004878,59.971131,-44.370301,-28.974534,-0.048383,-0.023034,0.016119,55.779970,-62.668425,-31.352805,0.043362,-0.005916,-0.012386,-1.122495,18.148408,1.282060,0.063168,0.006550,-0.035780,-3.792135,16.141588,3.280698,0.000000,0.000000,0.000000,0.000000,0.000000,0.000000,0.037972,0.000117,0.002705,3.222000,14.818964,6.788352,0.058211,0.013211,-0.023490,-2.220775,7.464611,0.559231,0.076736,0.023576,-0.044654,-4.413375,7.859661,4.569747,0.033550,0.010288,0.011055,8.929940,13.094846,12.540672,0.057175,0.025285,-0.022713,-2.324434,5.082327,5.886029,0.075822,0.034291,-0.039802,-1.688278,1.804045,1.473406,0.051711,8,0.063500,8,0,0,1,0,0,0,0,0,0,0,0,1,0,0,0,0,0,0,0.019752,-3.192098,-21.517655,-33.081849
60,3528254313.458386,-0.038927,0.017379,-0.037174,4.444000,-10.483177,-5.611848,-0.042895,0.003911,-0.011477,71.818329,-42.905180,-47.364234,0.000000,0.000000,0.000000,0.000000,0.000000,0.000000,-0.030624,0.034341,-0.044812,71.836472,-59.703248,-36.533101,-0.040531,0.019121,-0.012809,69.236083,-44.340943,-41.530017,-0.040172,0.010261,0.005731,59.393921,-57.370150,-31.234514,-0.040684,0.003692,-0.036981,66.787125,-55.778829,-30.867905,-0.047465,-0.013297,-0.005614,60.019612,-43.756579,-29.145182,-0.047875,-0.022906,0.016413,52.582877,-62.353849,-29.290894,0.042939,-0.006422,-0.012030,-0.251282,18.823062,1.445320,0.062712,0.006629,-0.036695,-3.826386,16.443370,3.140294,0.000000,0.000000,0.000000,0.000000,0.000000,0.000000,0.038352,0.000628,0.001340,2.604310,16.107649,6.064679,0.058098,0.013689,-0.024980,-2.042798,8.700050,0.869524,0.076169,0.023823,-0.045881,-4.338626,8.074904,4.810917,0.034372,0.011212,0.008727,8.386321,14.131233,12.901535,0.056971,0.025582,-0.023828,-1.792343,5.940523,5.988881,0.075315,0.034546,-0.040975,-1.466289,2.846895,1.726378,0.051762,8,0.063704,8,0,0,1,0,0,0,0,0,0,0,0,1,0,0,0,0,0,0,0.019827,-3.182317,-21.061654,-33.226655
61,3528254313.554584,-0.038818,0.017579,-0.036915,69.928979,-47.300142,-36.071941,-0.042659,0.003808,-0.011538,73.047085,-42.689257,-47.912457,0.000000,0.000000,0.000000,0.000000,0.000000,0.000000,-0.031643,0.033988,-0.043130,72.838163,-58.633259,-37.077755,-0.041023,0.018583,-0.011833,69.901252,-44.052644,-41.843177,-0.039919,0.009946,0.005599,62.241181,-56.789584,-33.234720,-0.042544,0.002261,-0.034297,65.146070,-55.340709,-29.379974,-0.047862,-0.014107,-0.004809,58.989185,-42.893379,-28.150184,-0.047967,-0.023832,0.016809,54.069385,-62.079459,-30.114821,0.042730,-0.006059,-0.011936,0.259345,18.857194,2.047488,0.062238,0.007219,-0.036063,-3.092702,16.158273,3.404149,0.000000,0.000000,0.000000,0.000000,0.000000,0.000000,0.037682,0.000055,0.002847,3.174926,15.709167,6.636754,0.057562,0.013971,-0.024113,-1.385336,8.529035,1.316673,0.076096,0.026109,-0.047885,-5.082366,9.796202,5.453940,0.032955,0.009576,0.012465,10.979317,13.607480,13.386252,0.055796,0.024902,-0.020811,-0.152229,4.767808,6.219711,0.074670,0.035383,-0.040300,-0.839522,3.787775,2.093565,0.051644,8,0.063178,8,0,0,1,0,0,0,0,0,0,0,0,1,0,0,0,0,0,0,0.019858,-3.041455,-21.314401,-33.244813
62,3528254313.659844,-0.038883,0.017001,-0.037508,68.500659,-48.000356,-34.852871,-0.043310,0.003048,-0.011000,71.262461,-42.590246,-46.013045,0.000000,0.000000,0.000000,0.000000,0.000000,0.000000,-0.029694,0.034718,-0.046710,73.221788,-59.320186,-37.238880,-0.040716,0.018606,-0.012974,69.332615,-44.189894,-41.035057,-0.038803,0.010833,0.003358,61.109608,-57.782469,-32.166423,-0.041591,0.002410,-0.035924,64.999279,-55.743754,-28.953586,-0.046453,-0.013236,-0.006871,11.262342,-12.152154,-3.118159,-0.048076,-0.024007,0.017174,52.217126,-61.830766,-27.679035,0.042660,-0.006583,-0.010793,-0.140671,17.769368,1.977571,0.062503,0.007090,-0.036117,-3.639378,16.090348,3.678215,0.000000,0.000000,0.000000,0.000000,0.000000,0.000000,0.038317,0.001067,0.001425,1.836941,15.664935,6.467185,0.058170,0.014912,-0.025931,-2.348253,9.066456,1.447937,0.076210,0.025806,-0.047881,-5.679352,9.444126,5.735310,0.033552,0.010756,0.010786,10.177630,13.487771,13.497205,0.056533,0.026175,-0.023544,-1.300531,6.642497,7.247668,0.074911,0.035617,-0.041239,-1.004952,2.582458,2.843485,0.051751,8,0.063814,8,0,0,1,0,0,0,0,0,0,0,0,1,0,0,0,0,0,0,0.019933,-3.201193,-21.409170,-33.049467
63,3528254313.762197,-0.037910,0.017333,-0.038643,69.653711,-48.664992,-36.141354,-0.043021,0.003282,-0.011568,71.543387,-43.136074,-46.646587,0.000000,0.000000,0.000000,0.000000,0.000000,0.000000,-0.030888,0.033501,-0.044937,70.886883,-59.621329,-35.214207,-0.039460,0.019403,-0.014916,70.699153,-45.103988,-41.719726,-0.038695,0.011035,0.002909,61.619548,-57.798120,-32.126621,-0.041350,0.002323,-0.036142,64.849824,-55.989113,-28.260091,-0.046619,-0.013218,-0.006863,10.047686,-12.590125,-3.423798,-0.047254,-0.022782,0.015412,53.001242,-62.560630,-28.647536,0.043137,-0.006015,-0.011898,-1.062176,18.316976,2.102017,0.062992,0.007159,-0.036684,-4.255507,16.075459,3.576639,0.000000,0.000000,0.000000,0.000000,0.000000,0.000000,0.038191,0.000763,0.002007,2.151513,15.186255,6.771372,0.058266,0.014315,-0.025236,-2.788345,9.002733,1.146800,0.076638,0.025243,-0.047611,-5.845371,9.484639,5.287030,0.033963,0.011314,0.009563,7.713994,13.971009,13.582121,0.056309,0.025007,-0.021577,-1.244223,4.464473,6.099174,0.075319,0.035068,-0.041019,-1.653116,3.442807,2.492164,0.051359,8,0.063802,8,0,0,1,0,0,0,0,0,0,0,0,1,0,0,0,0,0,0,0.020086,-2.989230,-21.471865,-33.142404
64,3528254313.859530,-0.037367,0.018029,-0.039318,69.607219,-48.155022,-36.602239,-0.043569,0.003410,-0.010739,70.354058,-43.099662,-45.913098,0.000000,0.000000,0.000000,0.000000,0.000000,0.000000,-0.030354,0.033948,-0.045514,-5.006539,-6.057433,2.702690,-0.040011,0.019380,-0.013868,68.873521,-44.706878,-40.941361,-0.037694,0.012156,0.001598,61.638747,-58.090096,-33.022178,-0.042198,0.002154,-0.035129,62.482962,-55.912643,-28.189994,-0.047516,-0.013221,-0.005670,57.408050,-43.674035,-27.024828,-0.048533,-0.023028,0.017141,15.529306,-1.678867,15.044424,0.043171,-0.006392,-0.012348,-1.318765,18.689664,0.874027,0.062762,0.005752,-0.036082,-4.353777,16.220665,2.851086,0.000000,0.000000,0.000000,0.000000,0.000000,0.000000,0.038658,0.000939,0.000568,1.556095,15.413893,6.043964,0.058429,0.013603,-0.025685,-3.084769,9.450015,0.460067,0.076991,0.024521,-0.048709,-6.261157,9.266034,4.363786,0.033896,0.010604,0.010209,9.162216,13.692298,12.398773,0.056893,0.024764,-0.023039,-1.910686,5.404618,6.146467,0.075586,0.033854,-0.041021,-1.007358,3.265092,1.518775,0.051717,8,0.063978,8,0,0,1,0,0,0,0,0,0,0,0,1,0,0,0,0,0,0,0.020157,-3.621999,-20.956581,-33.091758
65,3528254313.963698,-0.039541,0.016523,-0.035766,68.654857,-47.999975,-36.294304,-0.043678,0.003205,-0.010240,71.277227,-43.125750,-47.359391,0.000000,0.000000,0.000000,0.000000,0.000000,0.000000,-0.030100,0.033980,-0.044692,72.826054,-59.805863,-37.639367,-0.040377,0.019010,-0.012824,70.550341,-44.711520,-42.280760,-0.039234,0.010870,0.004235,62.081731,-57.985454,-33.473690,-0.042776,0.001744,-0.033822,63.615993,-56.251478,-28.931381,-0.047888,-0.013539,-0.005013,59.504713,-43.606997,-28.698339,-0.049417,-0.023846,0.018280,53.532932,-62.364347,-30.061898,0.042141,-0.007724,-0.009712,-0.479046,18.442202,1.603464,0.062266,0.005189,-0.034291,-3.697885,15.226954,2.354703,0.000000,0.000000,0.000000,0.000000,0.000000,0.000000,0.037717,-0.000191,0.002877,2.506508,15.315370,6.288477,0.057654,0.012495,-0.023038,-2.247722,9.171938,1.100224,0.076189,0.023031,-0.044848,-4.687512,7.990646,4.493313,0.033052,0.009598,0.012114,9.424750,13.068427,12.401712,0.056362,0.024104,-0.021170,-1.553432,5.798265,6.558299,0.075316,0.033634,-0.039810,-1.316162,3.313982,1.516338,0.051784,8,0.062581,8,0,0,1,0,0,0,0,0,0,0,0,1,0,0,0,0,0,0,0.020183,-3.512096,-21.377252,-32.925065
68,3528254314.257264,-0.055876,-0.001117,0.002726,-2.520552,-8.884085,4.667772,-0.036811,0.009560,0.023839,-5.677032,-14.406300,-2.615884,0.000000,0.000000,0.000000,0.000000,0.000000,0.000000,-0.061241,0.001793,-0.016700,-1.146707,-12.123118,15.163414,-0.041133,0.018241,0.012513,-5.108410,-10.661198,-0.578845,-0.027129,0.022745,0.020068,-8.245902,-9.861492,13.965012,-0.051281,-0.007828,0.016492,-2.274281,-7.059771,12.748129,-0.029850,0.004174,0.041050,-46.088606,31.972149,-14.660663,-0.012078,0.013493,0.055639,-15.404342,-9.312950,19.396451,0.024466,-0.025412,-0.025752,-82.604090,48.787702,-50.862886,0.015740,-0.041091,-0.057413,-84.856290,49.933356,-47.471940,0.000000,0.000000,0.000000,0.000000,0.000000,0.000000,0.026440,-0.011033,-0.024884,-77.907522,52.679538,-45.772041,0.018894,-0.026364,-0.053960,-74.122426,45.619442,-36.285103,0.013568,-0.040156,-0.079803,-74.456996,48.789705,-34.066057,0.026313,0.003328,-0.024956,-67.862468,58.332257,-39.398479,0.015874,-0.016545,-0.059347,-67.957388,49.873592,-29.377695,0.012822,-0.029342,-0.084469,-67.100364,43.725826,-27.930571,0.051951,8,0.062206,8,0,0,1,0,0,0,0,0,0,0,0,1,0,0,0,0,0,0,0.020382,-3.758882,-21.409902,-32.834546
69,3528254314.355964,-0.056352,-0.001819,0.001189,-1.776114,-9.105881,4.556752,-0.037043,0.009702,0.023613,-6.389801,-14.539919,-2.172639,0.000000,0.000000,0.000000,0.000000,0.000000,0.000000,-0.061251,0.001699,-0.016836,-2.286947,-12.340149,15.387135,-0.042340,0.016470,0.008911,-4.549638,-11.974620,-0.056440,-0.027151,0.023226,0.020348,-9.192728,-9.364789,13.996997,-0.051830,-0.008380,0.015012,-2.788652,-8.232026,12.965519,-0.030562,0.003846,0.039523,-6.433727,-2.216533,2.207168,-0.012970,0.013241,0.054065,-16.225961,-9.833559,19.691658,0.023986,-0.026046,-0.026495,-82.965252,47.402621,-50.666412,0.015945,-0.041671,-0.057385,-84.838038,49.304268,-47.475407,0.000000,0.000000,0.000000,0.000000,0.000000,0.000000,0.026016,-0.011664,-0.025640,-78.705525,51.971188,-46.409947,0.018404,-0.027372,-0.054885,-74.942026,45.365396,-37.516668,0.013712,-0.041030,-0.080023,-74.990004,48.477572,-34.078447,0.026336,0.003088,-0.025173,-68.010578,57.968385,-39.961878,0.016724,-0.016622,-0.058612,-67.617481,48.709466,-28.744159,0.013461,-0.029907,-0.084229,-66.835213,43.584667,-28.339226,0.051777,8,0.062548,8,0,0,1,0,0,0,0,0,0,0,0,1,0,0,0,0,0,0,0.020525,-3.365032,-21.015974,-33.187283
70,3528254314.457328,-0.056661,-0.001761,0.000121,-1.752788,-9.953518,4.297168,-0.038343,0.008364,0.020470,-5.479530,-15.829083,-2.519150,0.000000,0.000000,0.000000,0.000000,0.000000,0.000000,-0.061457,0.001535,-0.018699,-2.033534,-13.394839,14.630649,-0.042123,0.017496,0.009995,-5.204947,-12.111023,-0.727985,-0.027416,0.023402,0.020369,-9.174686,-10.301346,14.093663,-0.052576,-0.008841,0.013131,-2.531483,-9.097718,12.855175,-0.031552,0.003354,0.038521,-46.343968,30.703652,-14.943710,-0.014111,0.012618,0.053409,-15.828420,-10.972150,19.394927,0.023956,-0.026444,-0.027114,-81.897452,47.606778,-50.457328,0.017153,-0.041355,-0.057124,-82.265766,48.610547,-46.185123,0.000000,0.000000,0.000000,0.000000,0.000000,0.000000,0.026975,-0.011285,-0.024667,-75.231765,51.663219,-43.905325,0.018787,-0.027552,-0.055630,-73.702207,45.067502,-36.604891,0.013830,-0.041447,-0.081702,-74.908716,48.029028,-34.292211,0.026065,0.002479,-0.026043,-65.900800,57.894404,-39.056340,0.016841,-0.017050,-0.059824,-66.387424,48.015589,-28.467549,0.014030,-0.030123,-0.085484,-65.429068,42.663903,-27.572570,0.051848,8,0.063281,8,0,0,1,0,0,0,0,0,0,0,0,1,0,0,0,0,0,0,0.020572,-3.808826,-21.091189,-32.715666
72,3528254314.659348,-0.057255,-0.001918,-0.000726,-2.187184,-9.543279,3.713718,-0.039243,0.007498,0.018526,-5.312763,-15.942929,-3.223352,0.000000,0.000000,0.000000,0.000000,0.000000,0.000000,-0.062156,0.001176,-0.020189,-1.990572,-13.413155,14.683393,-0.043171,0.016278,0.007375,-5.243271,-12.245446,-0.799771,-0.028206,0.022607,0.018699,-9.216104,-10.294439,14.029008,-0.052858,-0.008483,0.013708,-3.449795,-8.181169,12.718324,-0.032570,0.002328,0.036352,-45.649954,31.018988,-14.998583,-0.014675,0.012096,0.052669,-15.104269,-10.592580,18.730818,0.022896,-0.027424,-0.029147,-81.571764,47.730841,-50.008092,0.016698,-0.041908,-0.058374,-81.795015,48.815216,-46.234732,0.000000,0.000000,0.000000,0.000000,0.000000,0.000000,0.025599,-0.012623,-0.027219,-75.375020,51.426106,-44.415463,0.017180,-0.028877,-0.058469,-75.139124,45.416575,-38.113003,0.010670,-0.043547,-0.086387,-77.597192,48.497679,-36.282609,0.026141,0.002321,-0.026411,-63.612490,57.861120,-37.912512,0.016323,-0.017647,-0.061243,-66.256298,48.213551,-28.455817,0.013851,-0.030388,-0.086567,-63.862638,41.621686,-26.575837,0.051780,8,0.064987,8,0,0,1,0,0,0,0,0,0,0,0,1,0,0,0,0,0,0,0.020610,-3.902262,-21.160982,-32.649121
75,3528254314.959227,-0.038434,0.017112,-0.037149,70.486026,-48.410137,-37.247107,-0.044404,0.002348,-0.009065,70.945768,-43.745356,-46.976831,0.000000,0.000000,0.000000,0.000000,0.000000,0.000000,-0.031508,0.033168,-0.043072,70.999183,-59.213378,-36.398099,-0.042008,0.017677,-0.010536,68.687453,-44.106999,-40.896851,-0.040019,0.010006,0.005459,61.754859,-57.536209,-33.140096,-0.042761,0.001526,-0.033722,64.426661,-55.612402,-29.315704,-0.049040,-0.014994,-0.003209,13.273292,-13.140034,-3.815860,-0.049190,-0.024317,0.018370,54.091500,-62.555088,-29.635828,0.042159,-0.007320,-0.009838,-0.546017,18.259439,1.289209,0.062572,0.006816,-0.036122,-4.173950,16.370831,2.923618,0.000000,0.000000,0.000000,0.000000,0.000000,0.000000,0.038288,0.001031,0.001018,1.988891,15.678659,6.514373,0.057264,0.012671,-0.022337,-1.608227,8.508575,1.540473,0.075755,0.023497,-0.044402,-4.630890,8.095408,4.695389,0.033031,0.009866,0.011920,9.323411,13.687197,13.031124,0.055647,0.023833,-0.019517,-0.645743,5.017487,6.780060,0.074477,0.033345,-0.037480,50.394532,-21.032065,-9.114603,0.052057,8,0.062291,8,0,0,1,0,0,0,0,0,0,0,0,1,0,0,0,0,0,0,0.020688,-4.063567,-21.048599,-32.722406
77,3528254315.160930,-0.056427,-0.001543,0.000636,-2.954343,-10.344178,4.379666,-0.037592,0.009496,0.022191,-6.967676,-15.616076,-2.447023,0.000000,0.000000,0.000000,0.000000,0.000000,0.000000,-0.061265,0.001515,-0.018187,-2.677098,-13.097245,15.246813,-0.042119,0.017227,0.009248,-5.445370,-12.015369,-0.449637,-0.027311,0.023457,0.019893,-9.396171,-10.430541,13.809067,-0.051998,-0.007952,0.014849,-3.718186,-8.283472,13.296739,-0.031123,0.003987,0.038836,-7.313965,-3.596625,1.911995,-0.013886,0.013165,0.052976,-16.274922,-10.429207,19.573610,0.024410,-0.026238,-0.025824,-81.917999,47.412433,-50.377469,0.017477,-0.041536,-0.055695,-82.980104,48.435837,-46.313175,0.000000,0.000000,0.000000,0.000000,0.000000,0.000000,0.026062,-0.012099,-0.025594,-78.194088,51.680238,-46.386930,0.019513,-0.027408,-0.053824,-74.580930,44.110463,-36.942987,0.013444,-0.042258,-0.080959,-76.234747,48.271420,-35.793085,0.026952,0.003070,-0.024462,-66.081223,57.757496,-39.411397,0.016039,-0.018147,-0.060198,-67.679279,47.849966,-29.412928,0.013920,-0.030783,-0.084484,-66.719685,42.584286,-28.498975,0.051691,8,0.062810,8,0,0,1,0,0,0,0,0,0,0,0,1,0,0,0,0,0,0,0.020750,-3.843369,-20.868532,-32.555897
79,3528254315.361142,-0.038598,0.017175,-0.037609,69.489726,-47.989144,-35.653277,-0.042123,0.004140,-0.012501,71.858890,-43.890941,-47.220620,0.000000,0.000000,0.000000,0.000000,0.000000,0.000000,-0.031603,0.033314,-0.043874,70.705977,-59.209759,-35.587346,-0.039660,0.019378,-0.014229,69.938562,-45.014815,-42.018068,-0.038871,0.010959,0.003576,2.865497,0.017413,5.638434,-0.042525,0.001773,-0.034507,63.212727,-55.590566,-28.076904,-0.047612,-0.013846,-0.005039,58.606606,-43.771958,-28.246540,-0.048155,-0.023493,0.017253,14.986531,-1.218163,15.449634,0.042423,-0.007009,-0.010667,-0.629174,18.473989,1.274778,0.062164,0.006027,-0.035440,-3.810100,16.374085,3.525847,0.000000,0.000000,0.000000,0.000000,0.000000,0.000000,0.038560,0.001372,0.000268,1.848302,16.783088,6.794777,0.057927,0.013986,-0.025424,-2.162584,9.311908,1.484833,0.075756,0.023801,-0.045794,-4.522726,7.953009,4.804690,0.033101,0.009907,0.012027,8.961222,13.412001,13.398691,0.055963,0.024566,-0.021446,-1.112512,3.945638,6.024421,0.074672,0.034119,-0.039996,-0.543076,2.060210,1.702241,0.051506,8,0.062979,8,0,0,1,0,0,0,0,0,0,0,0,1,0,0,0,0,0,0,0.020552,-4.251512,-20.344503,-32.738258
81,3528254315.569786,-0.039351,0.016065,-0.035751,4.158239,-11.311466,-5.314084,-0.043732,0.002519,-0.010042,72.993721,-43.837966,-47.465348,0.000000,0.000000,0.000000,0.000000,0.000000,0.000000,-0.030385,0.033479,-0.044111,74.499121,-60.338642,-38.471870,-0.041937,0.017396,-0.010682,69.952553,-44.535219,-41.407774,-0.040471,0.009447,0.005805,4.138352,-1.362132,5.837963,-0.042780,0.001067,-0.033403,64.745934,-56.669116,-29.290259,-0.049536,-0.015760,-0.002531,58.231666,-43.596565,-27.953856,-0.049188,-0.024534,0.017988,53.248430,-63.584075,-29.912317,0.041936,-0.007404,-0.008896,0.162338,17.723353,2.441628,0.062289,0.006407,-0.034230,-4.025813,15.889462,3.312215,0.000000,0.000000,0.000000,0.000000,0.000000,0.000000,0.037082,-0.000456,0.004484,2.459389,14.859976,6.254939,0.057695,0.013778,-0.023424,-2.606318,9.036948,1.062738,0.076109,0.024653,-0.045129,-5.558145,9.678042,5.145190,0.032682,0.009835,0.012450,9.030777,13.602795,13.603449,0.055683,0.024289,-0.019553,-0.844196,5.542819,6.685515,0.074285,0.033365,-0.036271,-0.052191,0.692926,1.523886,0.052052,8,0.062143,8,0,0,1,0,0,0,0,0,0,0,0,1,0,0,0,0,0,0,0.020608,-4.361771,-20.517373,-32.556425
82,3528254315.692017,-0.037559,0.017606,-0.040587,68.789545,-47.724663,-34.520265,-0.043420,0.002710,-0.010768,68.658346,-42.894334,-43.593866,0.000000,0.000000,0.000000,0.000000,0.000000,0.000000,-0.031700,0.033176,-0.046226,67.952284,-58.934172,-32.252764,-0.040114,0.018886,-0.014499,66.711477,-44.324347,-38.866907,-0.038976,0.010696,0.003715,2.559861,0.692131,6.543985,-0.040519,0.002817,-0.037994,62.951279,-56.057512,-27.336478,-0.047567,-0.014603,-0.004303,56.004532,-42.736746,-25.172621,-0.046447,-0.022927,0.016555,50.512148,-61.895073,-24.909612,0.043489,-0.005080,-0.014179,-2.107228,19.420023,1.464478,0.062586,0.008070,-0.039972,-5.346787,17.522681,3.375138,0.000000,0.000000,0.000000,0.000000,0.000000,0.000000,0.039556,0.003135,-0.002821,0.811910,17.776078,6.825680,0.057660,0.014474,-0.026753,-2.864403,9.882996,2.396816,0.076085,0.027123,-0.053583,-7.238996,10.858169,6.125046,0.034114,0.011750,0.008978,9.387934,15.063017,14.790327,0.055546,0.025105,-0.022770,-0.291891,4.594600,7.142833,0.074187,0.035448,-0.043692,-2.567600,3.330388,2.416561,0.051895,8,0.064748,8,0,0,1,0,0,0,0,0,0,0,0,1,0,0,0,0,0,0,0.020647,-4.314679,-21.223841,-32.457879
83,3528254315.757408,-0.039125,0.017011,-0.036558,70.156059,-47.915646,-36.272646,-0.044792,0.001629,-0.008230,70.813354,-42.451453,-45.784674,0.000000,0.000000,0.000000,0.000000,0.000000,0.000000,-0.031013,0.034203,-0.044344,74.004648,-58.218057,-37.745730,-0.039932,0.018948,-0.013432,71.842591,-44.246182,-42.465475,-0.039829,0.009618,0.005501,4.241905,-0.093141,6.325474,-0.041158,0.002918,-0.035877,67.908927,-55.242033,-31.163741,-0.048355,-0.015210,-0.003556,59.375424,-42.651884,-27.947903,-0.047798,-0.024434,0.017290,54.450141,-62.008573,-29.136673,0.042148,-0.006613,-0.010415,0.053401,18.522742,2.217057,0.061958,0.007937,-0.036458,-3.154556,17.196344,4.296624,0.000000,0.000000,0.000000,0.000000,0.000000,0.000000,0.037912,0.000937,0.001732,2.918698,16.255597,7.748488,0.057345,0.014854,-0.024958,-1.855970,10.224749,2.136923,0.075219,0.026003,-0.046653,-4.302459,9.629535,6.289531,0.033166,0.010457,0.011178,9.247248,14.443658,14.572901,0.055106,0.024956,-0.020085,0.212585,4.728656,6.669438,0.073487,0.034745,-0.037861,0.848425,1.697692,2.744448,0.051900,8,0.062585,8,0,0,1,0,0,0,0,0,0,0,0,1,0,0,0,0,0,0,0.020684,-3.902578,-20.617091,-32.479086
84,3528254315.858591,-0.039327,0.017102,-0.036016,70.126600,-47.033667,-36.541663,-0.043750,0.002703,-0.009647,71.883854,-42.686327,-46.523518,0.000000,0.000000,0.000000,0.000000,0.000000,0.000000,-0.032603,0.033345,-0.041757,72.179783,-58.000742,-36.664280,-0.041338,0.018119,-0.011126,70.918919,-42.975079,-42.112881,-0.039107,0.010310,0.004584,63.046858,-56.921116,-33.793837,-0.042317,0.002342,-0.034288,66.576600,-54.886682,-29.977517,-0.049032,-0.015459,-0.002691,58.664075,-42.334554,-27.684330,-0.048110,-0.024432,0.017528,55.372176,-61.905274,-30.134629,0.042265,-0.006440,-0.010963,0.422998,18.982634,2.324175,0.061866,0.007528,-0.035956,-3.012518,16.559636,3.984075,0.000000,0.000000,0.000000,0.000000,0.000000,0.000000,0.038168,0.001243,0.000853,3.071529,16.782315,7.887175,0.057217,0.014246,-0.024092,-1.506536,9.143458,1.388395,0.075149,0.025354,-0.045673,-4.115440,9.452447,5.428219,0.033319,0.010409,0.010856,9.289319,14.121685,13.827479,0.055530,0.025375,-0.021241,-0.064652,5.596405,6.911767,0.073884,0.035116,-0.038975,-0.724269,2.886678,1.940732,0.051675,8,0.062664,8,0,0,1,0,0,0,0,0,0,0,0,1,0,0,0,0,0,0,0.020721,-4.400387,-20.720657,-32.414940
86,3528254316.059156,-0.038554,0.017259,-0.037004,70.865812,-48.085749,-36.733045,-0.043329,0.002736,-0.010304,73.400619,-42.886473,-47.271782,0.000000,0.000000,0.000000,0.000000,0.000000,0.000000,-0.032877,0.032753,-0.041517,-2.709521,-6.025889,3.516049,-0.042569,0.016990,-0.009533,68.877782,-43.507884,-40.432224,-0.039097,0.010132,0.004359,64.307202,-56.835959,-33.758231,-0.042991,0.001328,-0.033328,66.560956,-54.763968,-30.157110,-0.049549,-0.016226,-0.001992,13.827709,-13.241403,-3.812442,-0.047967,-0.024451,0.017226,56.595931,-61.700548,-30.549436,0.042494,-0.005878,-0.011449,-0.001952,19.187561,2.480149,0.061380,0.006358,-0.033556,-2.392150,16.325004,4.564833,0.000000,0.000000,0.000000,0.000000,0.000000,0.000000,0.037289,-0.000018,0.003581,3.308321,15.851145,7.779861,0.057149,0.014237,-0.023621,-1.425435,9.566505,2.016990,0.075178,0.025472,-0.045382,-4.233896,8.689699,5.050718,0.032593,0.009733,0.012689,10.540371,13.762020,14.348807,0.055371,0.025318,-0.020717,-0.569048,5.844119,7.172090,0.073621,0.034656,-0.037532,0.331578,1.516849,1.880035,0.051700,8,0.062152,8,0,0,1,0,0,0,0,0,0,0,0,1,0,0,0,0,0,0,0.020587,-4.504120,-20.304617,-32.406095
88,3528254316.258884,-0.039344,0.016593,-0.035184,70.743645,-48.419370,-37.242222,-0.044201,0.002275,-0.009070,73.568073,-43.052129,-48.158542,0.000000,0.000000,0.000000,0.000000,0.000000,0.000000,-0.030785,0.033750,-0.042799,75.516909,-59.590614,-39.523924,-0.041047,0.018071,-0.011332,72.587943,-44.945663,-43.980867,-0.040044,0.009595,0.005596,3.451419,-0.612920,5.533944,-0.042452,0.001792,-0.033493,67.582689,-56.043570,-31.427153,-0.050281,-0.016331,-0.001488,58.749459,-43.430427,-28.474153,-0.050070,-0.025517,0.019104,16.376313,-2.638606,15.678989,0.041773,-0.007363,-0.009040,0.250057,17.941018,1.809731,0.061576,0.005757,-0.032514,-3.117579,15.781231,2.983411,0.000000,0.000000,0.000000,0.000000,0.000000,0.000000,0.036830,-0.000809,0.004762,3.180130,14.830632,7.172688,0.057204,0.013431,-0.022280,-1.546489,9.299100,1.708442,0.075595,0.024427,-0.043604,-4.655035,8.158874,5.025621,0.032066,0.008807,0.014084,11.020657,13.047542,13.962686,0.055491,0.024399,-0.019241,-0.636644,4.152385,6.726713,0.074203,0.033938,-0.036514,-0.601292,2.513867,1.417037,0.052158,8,0.061620,8,0,0,1,0,0,0,0,0,0,0,0,1,0,0,0,0,0,0,0.020657,-4.775869,-20.760766,-32.198102
90,3528254316.456508,-0.038773,0.017018,-0.036741,70.898722,-48.017268,-36.820047,-0.044186,0.002122,-0.009312,72.129765,-42.741281,-46.582632,0.000000,0.000000,0.000000,0.000000,0.000000,0.000000,-0.031884,0.033318,-0.042677,72.513458,-58.820647,-36.541616,-0.040649,0.018375,-0.012414,71.660434,-44.367393,-42.907539,-0.039969,0.009559,0.005465,62.245364,-57.346833,-32.525859,-0.043694,0.000701,-0.032468,65.161925,-55.807958,-29.446744,-0.048160,-0.014922,-0.004207,60.595290,-43.304665,-28.955904,-0.048978,-0.025200,0.018336,56.099776,-61.576341,-30.533413,0.042922,-0.005325,-0.012313,-0.025704,19.112942,2.455056,0.061680,0.006439,-0.033595,-2.800447,16.098051,4.420045,0.000000,0.000000,0.000000,0.000000,0.000000,0.000000,0.037134,-0.000342,0.004296,3.204580,14.966477,7.022154,0.057363,0.014251,-0.023549,-1.645223,8.928361,2.012522,0.075630,0.025699,-0.045790,-4.799771,8.584034,5.556721,0.032506,0.009550,0.013119,10.580944,13.064047,14.122357,0.055620,0.025347,-0.020737,-1.205843,5.025583,7.567836,0.074260,0.035339,-0.038814,52.801968,-21.603808,-9.044246,0.051869,8,0.062549,8,0,0,1,0,0,0,0,0,0,0,0,1,0,0,0,0,0,0,0.020658,-4.351086,-20.729794,-32.553333
92,3528254316.658106,-0.037747,0.017694,-0.040019,67.394283,-48.495561,-34.382159,-0.041795,0.004487,-0.013441,71.051661,-43.609134,-45.985605,0.000000,0.000000,0.000000,0.000000,0.000000,0.000000,-0.029881,0.034348,-0.047968,70.128810,-59.064875,-34.321783,-0.040507,0.019020,-0.013807,66.550835,-44.416538,-39.350536,-0.037605,0.012118,0.001351,1.823917,1.072480,6.000278,-0.042107,0.001988,-0.035919,60.697190,-55.625582,-25.977602,-0.046969,-0.013286,-0.005930,56.402386,-43.477895,-26.237129,-0.047228,-0.022589,0.016546,14.952727,-0.490356,15.623312,0.044478,-0.004018,-0.016842,-2.641441,19.969985,1.223882,0.063396,0.007961,-0.040769,-5.908181,17.569797,2.483708,0.000000,0.000000,0.000000,0.000000,0.000000,0.000000,0.039535,0.002397,-0.002075,0.590404,16.586441,6.432751,0.058570,0.014566,-0.027973,-3.084175,10.172433,1.174760,0.076495,0.024977,-0.050507,-6.488404,9.648664,4.880688,0.034763,0.011977,0.007648,7.760417,15.202038,13.604929,0.056563,0.025143,-0.023962,-1.299721,5.573527,7.151031,0.075538,0.035491,-0.045345,-3.487186,3.567976,1.705138,0.051734,8,0.065453,8,0,0,1,0,0,0,0,0,0,0,0,1,0,0,0,0,0,0,0.020679,-4.794694,-20.106735,-32.534576
94,3528254316.858459,-0.038359,0.017243,-0.038269,67.804408,-48.593692,-35.484251,-0.042793,0.003865,-0.011667,70.744381,-44.012825,-46.320878,0.000000,0.000000,0.000000,0.000000,0.000000,0.000000,-0.030120,0.033958,-0.046318,-5.092505,-4.874083,3.086353,-0.039900,0.019385,-0.014067,68.371443,-44.803574,-41.179497,-0.038153,0.011779,0.002427,2.314434,0.330163,5.382636,-0.043038,0.001407,-0.034108,61.010682,-56.038407,-27.144909,-0.048818,-0.014445,-0.003374,55.692524,-43.020557,-25.956108,-0.047182,-0.022087,0.015897,52.902171,-62.653701,-29.047715,0.043525,-0.005694,-0.013820,-1.526036,19.368558,1.300030,0.063265,0.007178,-0.039163,-5.408291,16.319427,1.954743,0.000000,0.000000,0.000000,0.000000,0.000000,0.000000,0.038852,0.001258,-0.000084,1.288651,15.824828,5.284817,0.057993,0.013051,-0.025035,-2.937548,9.164417,0.849574,0.076690,0.024479,-0.049483,-5.933167,10.101687,4.474432,0.033764,0.010447,0.010596,9.473442,14.183983,13.252506,0.056477,0.024349,-0.022564,-1.667239,4.620488,6.676988,0.075377,0.034076,-0.042369,-2.212312,3.466585,2.127926,0.051650,8,0.064248,8,0,0,1,0,0,0,0,0,0,0,0,1,0,0,0,0,0,0,0.020752,-4.653299,-20.236138,-32.250938
96,3528254317.058592,-0.037997,0.017778,-0.037667,71.530407,-48.508513,-38.023839,-0.044215,0.002639,-0.009304,71.302661,-43.250750,-47.265195,0.000000,0.000000,0.000000,0.000000,0.000000,0.000000,-0.030958,0.033846,-0.043627,73.710248,-58.843978,-38.284907,-0.042166,0.017719,-0.010134,68.879664,-43.974564,-41.255782,-0.038759,0.010942,0.003734,64.401196,-57.346966,-35.177036,-0.043371,0.001375,-0.032990,65.013621,-55.650620,-29.432420,-0.049555,-0.015316,-0.002525,14.178986,-13.345094,-4.173495,-0.048490,-0.023727,0.017288,53.754243,-62.573732,-29.938943,0.042542,-0.006551,-0.011311,0.001335,18.595004,1.644622,0.062346,0.006633,-0.035746,-3.383959,15.749020,2.952171,0.000000,0.000000,0.000000,0.000000,0.000000,0.000000,0.038071,0.000624,0.001519,2.346267,16.356636,6.960798,0.057296,0.012844,-0.022707,-2.118848,8.620786,1.012802,0.075891,0.024226,-0.045567,-4.431534,8.824130,5.205978,0.032694,0.009250,0.013020,10.754558,12.916283,13.198795,0.056058,0.024637,-0.021199,-1.142081,5.116839,6.422445,0.074961,0.034683,-0.040328,-1.371438,4.209635,2.137446,0.051920,8,0.062827,8,0,0,1,0,0,0,0,0,0,0,0,1,0,0,0,0,0,0,0.020776,-4.580092,-20.435122,-32.110091
98,3528254317.257436,-0.038320,0.017457,-0.038186,68.824703,-47.734278,-35.471936,-0.043312,0.003327,-0.010888,71.508980,-42.904387,-46.470352,0.000000,0.000000,0.000000,0.000000,0.000000,0.000000,-0.030670,0.033994,-0.045326,71.075710,-59.514665,-36.178261,-0.041029,0.018587,-0.012345,68.645227,-44.789443,-40.717684,-0.038566,0.011246,0.003113,2.953293,0.109944,5.760509,-0.042215,0.002086,-0.035023,64.212908,-56.113943,-28.488253,-0.047698,-0.013840,-0.005025,12.160391,-12.177129,-3.457322,-0.047834,-0.023145,0.016794,15.938755,-0.942504,16.189331,0.043263,-0.005644,-0.013213,-1.104972,19.415837,1.563924,0.062606,0.006830,-0.037127,-4.092360,16.166709,2.955354,0.000000,0.000000,0.000000,0.000000,0.000000,0.000000,0.039174,0.002203,-0.001472,0.694209,16.853444,6.430634,0.058235,0.014398,-0.026413,-3.293782,10.559758,1.799368,0.076366,0.025167,-0.048753,-5.762340,9.741951,5.190569,0.034126,0.011205,0.009149,8.397926,14.621600,12.952502,0.056620,0.025525,-0.023758,-1.982638,5.829528,6.788886,0.074955,0.034603,-0.041352,-2.015235,3.959044,2.256381,0.051699,8,0.064179,8,0,0,1,0,0,0,0,0,0,0,0,1,0,0,0,0,0,0,0.020788,-5.072263,-20.597239,-31.840729
102,3528254317.658752,-0.038966,0.016825,-0.036897,67.740661,-48.455494,-35.579734,-0.042534,0.003830,-0.011692,71.244844,-43.482838,-46.809042,0.000000,0.000000,0.000000,0.000000,0.000000,0.000000,-0.030877,0.033568,-0.044547,70.967799,-59.291885,-36.124878,-0.041375,0.018185,-0.011482,69.221283,-44.576080,-41.562749,-0.040168,0.010047,0.005901,60.073492,-57.623844,-31.037693,-0.041501,0.002509,-0.035567,66.474064,-55.604497,-30.679190,-0.050003,-0.015712,-0.001464,54.454535,-42.656606,-25.760112,-0.048515,-0.023604,0.017982,52.214029,-62.148978,-28.021337,0.042620,-0.006580,-0.011593,-1.224746,19.285753,1.262038,0.062495,0.006797,-0.037193,-4.475850,17.227340,3.197350,0.000000,0.000000,0.000000,0.000000,0.000000,0.000000,0.037657,-0.000105,0.002950,3.168605,15.812343,7.175750,0.057774,0.013604,-0.025107,-2.419221,10.148364,1.334817,0.075977,0.024242,-0.047355,-5.899559,8.867230,4.680381,0.033614,0.010565,0.010322,7.357703,14.856013,12.497795,0.055669,0.023913,-0.020589,-0.818136,4.972668,6.032815,0.074799,0.034163,-0.040942,-2.117546,1.962877,1.595421,0.052093,8,0.063154,8,0,0,1,0,0,0,0,0,0,0,0,1,0,0,0,0,0,0,0.020645,-5.111159,-20.181242,-31.981926
105,3528254317.962908,-0.038889,0.017046,-0.037198,69.065316,-48.107231,-35.743045,-0.043145,0.003399,-0.011051,71.015350,-43.040201,-46.570546,0.000000,0.000000,0.000000,0.000000,0.000000,0.000000,-0.031752,0.033350,-0.043647,70.007549,-59.152389,-34.989737,-0.040561,0.018828,-0.012907,69.521741,-44.556063,-41.519030,-0.039130,0.010772,0.004041,3.425192,0.462682,5.888620,-0.041924,0.002288,-0.035247,64.767116,-56.104279,-29.122991,-0.047351,-0.013594,-0.005496,11.396358,-11.661012,-3.758773,-0.048297,-0.023656,0.017453,16.462578,-1.700340,16.243271,0.043122,-0.005759,-0.012796,-0.970265,18.851410,1.170117,0.062497,0.006847,-0.036626,-4.123025,16.603968,2.754485,0.000000,0.000000,0.000000,0.000000,0.000000,0.000000,0.038569,0.001303,0.000423,2.506187,16.236122,6.777542,0.058147,0.014430,-0.026047,-2.614609,9.984041,1.503101,0.076027,0.024602,-0.047012,-4.957875,9.518810,5.516156,0.033654,0.010671,0.010433,9.015592,14.413511,13.342042,0.056457,0.025423,-0.023073,-1.604717,5.973774,6.185464,0.074818,0.034479,-0.040448,-1.452620,1.977684,1.768511,0.051603,8,0.063676,8,0,0,1,0,0,0,0,0,0,0,0,1,0,0,0,0,0,0,0.020737,-5.272345,-20.222878,-31.900058
107,3528254318.163838,-0.055996,-0.001432,0.001891,-2.885343,-9.558087,4.924858,-0.036814,0.010359,0.024441,-6.817890,-14.820941,-2.182617,0.000000,0.000000,0.000000,0.000000,0.000000,0.000000,-0.060520,0.002658,-0.015026,-3.722500,-12.087142,15.566590,-0.042125,0.016860,0.009330,-5.591591,-11.527321,-0.186075,-0.026221,0.025070,0.023091,-10.543189,-9.146680,14.225869,-0.051077,-0.007043,0.017694,-3.988732,-7.273600,13.287863,-0.030429,0.004551,0.040343,-7.225901,-2.199854,2.000747,-0.013029,0.013983,0.054648,-15.563116,-9.648310,19.453056,0.023250,-0.026780,-0.027445,-84.147044,47.372615,-51.357223,0.017278,-0.041412,-0.055613,-84.274476,48.578445,-47.719399,0.000000,0.000000,0.000000,0.000000,0.000000,0.000000,0.027680,-0.010539,-0.023040,-77.025453,51.617348,-45.226613,0.018379,-0.027952,-0.054949,-76.513206,45.218830,-38.568708,0.013180,-0.042176,-0.080722,-77.840281,48.575808,-36.445843,0.026191,0.002755,-0.025318,-67.530177,57.495257,-39.653973,0.016140,-0.017778,-0.059548,-69.726308,48.192113,-30.009910,0.013983,-0.030472,-0.083786,-68.265584,43.814164,-29.703552,0.052039,8,0.062646,8,0,0,1,0,0,0,0,0,0,0,0,1,0,0,0,0,0,0,0.020787,-5.335655,-20.043915,-32.248967
109,3528254318.361310,-0.038768,0.017575,-0.037167,70.499432,-47.407148,-36.775647,-0.044534,0.002295,-0.008882,70.186587,-41.644211,-45.398518,0.000000,0.000000,0.000000,0.000000,0.000000,0.000000,0.000000,0.000000,0.000000,0.000000,0.000000,0.000000,-0.041674,0.018060,-0.010997,68.803402,-42.969935,-40.261317,-0.039683,0.010093,0.005218,61.005883,-56.593289,-31.568031,-0.042587,0.002170,-0.034332,65.727711,-54.722286,-29.844966,-0.048310,-0.014618,-0.004107,13.362182,-12.754519,-3.821766,-0.048551,-0.024555,0.017961,51.966595,-61.854509,-28.286534,0.042534,-0.006420,-0.011295,0.330660,18.876480,2.042093,0.061820,0.006419,-0.034757,-2.355329,16.824007,3.954096,0.000000,0.000000,0.000000,0.000000,0.000000,0.000000,0.038413,0.001271,0.000637,2.600086,16.756713,6.657986,0.057454,0.013883,-0.023906,-1.834759,9.316708,1.125240,0.075884,0.025918,-0.047558,-4.111466,10.021389,5.699628,0.034034,0.011222,0.009182,9.007823,14.981790,13.575370,0.055736,0.025020,-0.020924,0.428180,4.922100,6.718878,0.074654,0.035742,-0.041056,-0.804387,3.597881,2.353353,0.050381,7,0.063135,8,0,0,1,1,0,0,0,0,0,0,0,1,0,0,0,0,0,0,0.020764,-5.437009,-20.027798,-32.033800
111,3528254318.563856,-0.038470,0.017555,-0.037447,70.176779,-47.760543,-36.939554,-0.044592,0.002421,-0.008398,69.907888,-42.951800,-45.873058,0.000000,0.000000,0.000000,0.000000,0.000000,0.000000,-0.032669,0.032895,-0.042104,69.256401,-58.245762,-34.099968,-0.041327,0.018340,-0.011184,68.016734,-43.990246,-40.431502,-0.039171,0.010673,0.004885,60.829370,-57.079189,-32.108066,-0.042170,0.002449,-0.034680,65.231069,-55.556437,-29.460682,-0.048475,-0.014370,-0.003314,57.931358,-42.984547,-27.790753,-0.048450,-0.023786,0.018456,52.029134,-62.045104,-28.838714,0.041952,-0.007571,-0.010301,-0.214294,19.179387,0.935456,0.062163,0.006919,-0.037751,-4.287364,17.410034,3.230873,0.000000,0.000000,0.000000,0.000000,0.000000,0.000000,0.037946,0.000273,0.001719,1.932522,16.388508,5.826774,0.057215,0.012981,-0.024250,-1.976620,8.784534,1.245418,0.075429,0.024177,-0.047478,-5.245686,9.526453,4.957049,0.034056,0.010925,0.008967,8.084971,15.260172,12.856706,0.055522,0.023974,-0.021095,-0.748401,5.750831,6.386459,0.074293,0.033926,-0.040675,-1.172388,4.453721,2.460218,0.051798,8,0.062862,8,0,0,1,0,0,0,0,0,0,0,0,1,0,0,0,0,0,0,0.020772,-5.860951,-20.169164,-31.412262
113,3528254318.757493,-0.039189,0.016887,-0.035967,3.576519,-10.260188,-5.234531,-0.043818,0.002667,-0.009672,72.551649,-43.013177,-47.121458,0.000000,0.000000,0.000000,0.000000,0.000000,0.000000,-0.031345,0.033649,-0.042845,72.398956,-59.163691,-37.089291,-0.042293,0.017410,-0.009818,69.558740,-43.746450,-41.263586,-0.038486,0.010876,0.003310,3.209760,0.317648,5.846154,-0.042927,0.001613,-0.033320,66.642913,-55.807705,-30.436763,-0.047997,-0.014373,-0.004488,61.394644,-43.957511,-29.697308,-0.049021,-0.024697,0.018143,53.505517,-62.639348,-29.853624,0.042196,-0.006773,-0.010350,0.293189,18.453056,2.182044,0.061488,0.005594,-0.032895,-2.594256,15.886880,3.922407,0.000000,0.000000,0.000000,0.000000,0.000000,0.000000,0.037488,0.000033,0.003047,3.229365,15.886593,7.100971,0.057054,0.013116,-0.022232,-2.187281,8.467763,0.823624,0.075073,0.023253,-0.042208,-2.680873,6.839315,4.876949,0.033136,0.010130,0.011297,9.154887,13.789719,13.238469,0.055510,0.024421,-0.019684,0.086184,4.984363,6.996346,0.074159,0.034070,-0.037385,0.744984,1.549883,2.084174,0.051625,8,0.061668,8,0,0,1,0,0,0,0,0,0,0,0,1,0,0,0,0,0,0,0.020738,-5.728881,-19.204229,-31.681873
114,3528254318.860704,-0.038653,0.017156,-0.037535,68.307043,-48.248346,-35.463818,-0.042152,0.004249,-0.012387,72.115996,-43.402230,-46.908545,0.000000,0.000000,0.000000,0.000000,0.000000,0.000000,-0.030872,0.033705,-0.044882,71.027144,-59.455171,-36.034821,-0.041017,0.018553,-0.012171,67.822126,-44.468786,-40.863525,-0.038543,0.011320,0.003276,61.838311,-57.540046,-32.505491,-0.042170,0.002139,-0.034951,63.785861,-56.155340,-28.547934,-0.048224,-0.014105,-0.004121,58.170003,-43.583165,-28.347799,-0.047708,-0.022772,0.016686,52.692249,-62.175699,-28.203653,0.042710,-0.006606,-0.011763,-1.032408,18.968807,1.566181,0.061995,0.005344,-0.035081,-3.703792,16.178925,3.388467,0.000000,0.000000,0.000000,0.000000,0.000000,0.000000,0.038026,0.000301,0.001983,1.436909,16.113919,5.596895,0.058000,0.013700,-0.025680,-3.369403,9.858581,1.094498,0.076226,0.024448,-0.048239,-5.356340,10.358101,5.437953,0.033763,0.010611,0.010152,7.639698,14.261557,12.406190,0.056070,0.024288,-0.021713,-0.272540,5.259233,6.238943,0.074726,0.033575,-0.040086,-0.799303,2.007811,1.300088,0.051543,8,0.063191,8,0,0,1,0,0,0,0,0,0,0,0,1,0,0,0,0,0,0,0.020764,-5.245654,-20.271750,-32.092326
118,3528254319.258530,-0.039459,0.016665,-0.035950,69.680465,-48.320529,-36.231937,-0.043920,0.002677,-0.009624,71.429479,-42.302677,-46.372531,0.000000,0.000000,0.000000,0.000000,0.000000,0.000000,-0.030694,0.034032,-0.044340,73.089418,-58.943525,-37.420975,-0.041288,0.018161,-0.011424,69.906501,-44.037702,-41.296034,-0.038633,0.010882,0.003590,63.472990,-57.638615,-33.429515,-0.041666,0.002550,-0.035187,67.205533,-55.933419,-30.650263,-0.048071,-0.014369,-0.004259,58.900476,-43.166917,-28.320442,-0.049204,-0.024781,0.018874,53.529333,-62.037995,-29.060698,0.042257,-0.007010,-0.010325,0.006264,18.560818,1.721260,0.062425,0.007367,-0.036716,-3.900968,16.657728,3.396777,0.000000,0.000000,0.000000,0.000000,0.000000,0.000000,0.037789,0.000258,0.002484,2.773161,15.204779,6.457858,0.057112,0.012900,-0.022508,-1.844775,9.038339,1.125317,0.075631,0.024446,-0.045622,-4.853078,8.697681,5.301352,0.033103,0.009964,0.011774,9.723690,13.778028,13.634214,0.055483,0.024214,-0.019863,-0.855761,4.963184,6.137230,0.074770,0.035142,-0.040866,-1.692791,4.161914,2.019923,0.051842,8,0.062688,8,0,0,1,0,0,0,0,0,0,0,0,1,0,0,0,0,0,0,0.020646,-7.352804,-19.312437,-31.355862
120,3528254319.458048,-0.037155,0.017946,-0.038990,70.876421,-48.357846,-37.085274,-0.043570,0.003021,-0.010425,71.650580,-43.150209,-46.709478,0.000000,0.000000,0.000000,0.000000,0.000000,0.000000,-0.031114,0.033355,-0.043823,71.238564,-59.422480,-35.689083,-0.041545,0.018026,-0.011348,69.083530,-44.188107,-41.480817,-0.038545,0.011165,0.003045,62.400796,-57.699507,-33.014294,-0.041445,0.002463,-0.035562,66.255810,-56.583415,-30.496439,-0.048120,-0.014194,-0.004612,12.029985,-12.473341,-4.238020,-0.048265,-0.023347,0.016847,53.915583,-62.619099,-29.595409,0.042010,-0.007749,-0.009149,0.198779,18.142476,1.235860,0.062718,0.006712,-0.036224,-4.533666,15.875400,3.000370,0.000000,0.000000,0.000000,0.000000,0.000000,0.000000,0.037890,0.000257,0.002460,2.333408,15.557630,6.499854,0.057682,0.013113,-0.023409,-2.614560,8.786308,0.564191,0.076614,0.025066,-0.047779,-5.919871,9.603078,5.473203,0.033584,0.010602,0.010413,8.047998,14.546511,13.147702,0.056628,0.025226,-0.022737,-2.053504,6.178091,6.227020,0.075220,0.034533,-0.040609,-2.122810,4.267580,2.724756,0.051638,8,0.063334,8,0,0,1,0,0,0,0,0,0,0,0,1,0,0,0,0,0,0,0.020735,-5.988503,-19.419403,-31.607237
122,3528254319.657329,-0.056127,-0.001206,0.001934,-2.689887,-8.571170,4.115410,-0.035847,0.011769,0.026881,-7.995106,-13.568061,-2.695244,0.000000,0.000000,0.000000,0.000000,0.000000,0.000000,-0.061038,0.002261,-0.016048,-2.499571,-11.700441,14.453857,-0.041237,0.018438,0.011806,-6.723079,-10.808104,-0.387693,-0.027398,0.022745,0.018897,-8.460901,-9.824317,13.719047,-0.051299,-0.007213,0.016852,-3.879683,-7.022068,13.067027,-0.029284,0.005868,0.042970,-8.509661,-0.853390,1.974096,-0.012480,0.014001,0.054675,-14.915673,-9.553353,19.128728,0.023644,-0.026424,-0.026480,-83.678833,47.455189,-51.774462,0.015898,-0.041946,-0.056641,-85.418653,48.567413,-48.711902,0.000000,0.000000,0.000000,0.000000,0.000000,0.000000,0.027330,-0.010846,-0.023446,-77.288819,51.944987,-45.771454,0.018753,-0.027359,-0.053765,-75.696455,45.369563,-38.521686,0.012982,-0.041824,-0.080012,-76.287788,48.231833,-35.450161,0.027164,0.003551,-0.023906,-66.167690,58.078647,-39.765432,0.014356,-0.018784,-0.061211,-71.220594,49.179236,-31.808928,0.012219,-0.031159,-0.084895,-69.943579,44.381058,-31.018638,0.052158,8,0.062716,8,0,0,1,0,0,0,0,0,0,0,0,1,0,0,0,0,0,0,0.020718,-6.397749,-19.548647,-31.510247
124,3528254319.855998,-0.038784,0.017113,-0.035877,71.982222,-48.252158,-38.513154,-0.044995,0.001792,-0.008029,73.094423,-42.414506,-47.376040,0.000000,0.000000,0.000000,0.000000,0.000000,0.000000,-0.031608,0.033349,-0.041704,73.521948,-58.753791,-37.962163,-0.041035,0.018189,-0.011297,72.337820,-43.838792,-43.568245,-0.039894,0.009778,0.005504,64.498190,-57.050357,-34.416603,-0.042825,0.001669,-0.033096,66.824610,-56.011580,-30.870396,-0.050350,-0.016271,-0.001492,58.580019,-43.130750,-27.917457,-0.049104,-0.024586,0.017643,57.701873,-61.896830,-32.312443,0.041488,-0.007960,-0.008172,0.813524,17.672409,2.101434,0.061343,0.005097,-0.031513,-2.410683,14.370313,3.010326,0.000000,0.000000,0.000000,0.000000,0.000000,0.000000,0.036695,-0.001116,0.005198,4.179734,14.862675,7.323926,0.057104,0.013118,-0.021821,-1.558781,8.743138,1.400821,0.075629,0.024301,-0.043450,-3.885165,7.661287,5.181346,0.032514,0.009279,0.012910,9.879726,13.052122,13.558528,0.054912,0.023271,-0.016971,0.073670,3.893936,6.564305,0.074195,0.033742,-0.036098,-0.023446,1.582420,1.613040,0.051977,8,0.061208,8,0,0,1,0,0,0,0,0,0,0,0,1,0,0,0,0,0,0,0.020760,-6.335537,-19.349541,-31.326778
126,3528254320.057816,-0.038314,0.017336,-0.037338,69.070966,-48.045044,-35.880749,-0.044533,0.002384,-0.008967,71.182927,-43.468803,-47.056716,0.000000,0.000000,0.000000,0.000000,0.000000,0.000000,-0.030900,0.033598,-0.043890,-4.181485,-6.085390,2.334729,-0.041346,0.018233,-0.011473,68.808824,-44.152251,-41.235919,-0.038532,0.011169,0.003101,2.562485,0.088693,5.556998,-0.042718,0.001689,-0.033855,64.490551,-55.900244,-29.573928,-0.048844,-0.014685,-0.003546,59.147989,-43.680391,-28.601817,-0.048555,-0.023575,0.017216,53.726980,-62.846107,-29.826558,0.042751,-0.006378,-0.011576,-0.160795,18.500810,1.637606,0.062171,0.005694,-0.034346,-3.644914,15.580610,3.177647,0.000000,0.000000,0.000000,0.000000,0.000000,0.000000,0.037826,0.000228,0.002461,1.358646,15.675595,5.634787,0.057499,0.012841,-0.022836,-2.390077,7.927042,0.539691,0.075954,0.023532,-0.044653,-4.510916,8.134872,4.605622,0.033376,0.010259,0.011019,9.341933,13.585333,13.446786,0.055717,0.023766,-0.019457,-0.646030,4.479768,6.134739,0.074812,0.033667,-0.038542,-0.995294,1.954098,1.417645,0.051778,8,0.062396,8,0,0,1,0,0,0,0,0,0,0,0,1,0,0,0,0,0,0,0.020741,-6.147221,-19.492367,-31.256053
128,3528254320.259576,-0.039136,0.016121,-0.035485,71.593842,-48.342355,-37.280765,-0.044471,0.001707,-0.009129,74.290675,-43.277059,-48.600352,0.000000,0.000000,0.000000,0.000000,0.000000,0.000000,-0.032067,0.032405,-0.041292,-3.657684,-7.806248,2.502889,-0.041194,0.017679,-0.011637,72.624710,-45.091740,-43.061033,-0.040277,0.009294,0.005310,65.373429,-58.161243,-35.040581,-0.041914,0.001528,-0.034152,68.717250,-56.757857,-31.835119,-0.050594,-0.017013,-0.001466,58.052553,-43.714380,-27.653059,-0.050092,-0.025697,0.018474,17.101411,-3.601778,16.526397,0.041474,-0.007881,-0.007250,0.791415,16.874123,2.710513,0.062078,0.006280,-0.032147,-3.583084,14.878798,3.221378,0.000000,0.000000,0.000000,0.000000,0.000000,0.000000,0.036992,-0.000184,0.004507,2.589437,14.665024,6.565684,0.057082,0.013097,-0.020499,-1.317585,7.372171,1.801639,0.075594,0.023841,-0.041067,-4.002754,7.152738,5.636963,0.031411,0.008501,0.015568,10.864008,11.858330,13.958723,0.055143,0.023929,-0.017097,-0.525112,3.144884,6.739410,0.073889,0.033121,-0.033236,1.392835,0.290399,2.131564,0.052112,8,0.060963,8,0,0,1,0,0,0,0,0,0,0,0,1,0,0,0,0,0,0,0.020745,-6.795475,-19.097539,-31.076970
130,3528254320.459682,-0.038096,0.017828,-0.038468,68.490525,-47.903590,-35.523013,-0.043433,0.003458,-0.010500,70.227059,-42.989424,-46.505042,0.000000,0.000000,0.000000,0.000000,0.000000,0.000000,-0.031593,0.033584,-0.044155,69.351470,-58.946994,-34.689677,-0.041729,0.018289,-0.011086,66.323544,-43.953783,-39.769749,-0.037828,0.011888,0.002307,2.489247,1.291792,5.359002,-0.042260,0.002357,-0.034998,62.927260,-55.908401,-28.724055,-0.049274,-0.014885,-0.002474,55.293085,-42.695297,-26.727435,-0.047848,-0.022950,0.017236,51.495210,-62.100986,-28.287260,0.042683,-0.006776,-0.011920,-0.858330,19.131829,1.277940,0.062052,0.005621,-0.036099,-3.521978,16.822998,2.523787,0.000000,0.000000,0.000000,0.000000,0.000000,0.000000,0.039092,0.001827,-0.001376,2.292665,17.393595,6.805198,0.058031,0.013843,-0.026369,-2.667540,10.630427,0.911896,0.076264,0.024976,-0.049759,-5.946893,10.181353,4.842935,0.033898,0.010543,0.010080,8.981477,14.600017,13.218888,0.056147,0.024451,-0.022408,-1.459145,5.188357,6.193177,0.074937,0.034314,-0.042171,-1.448446,3.248542,1.366237,0.051815,8,0.063793,8,0,0,1,0,0,0,0,0,0,0,0,1,0,0,0,0,0,0,0.020711,-7.270981,-18.633743,-30.781652
132,3528254320.658008,-0.039049,0.016884,-0.036218,70.499531,-47.896692,-36.860282,-0.043991,0.002544,-0.009354,71.663264,-43.054090,-46.693887,0.000000,0.000000,0.000000,0.000000,0.000000,0.000000,-0.032034,0.033117,-0.042293,72.256477,-59.056123,-36.615876,-0.042399,0.017292,-0.009627,67.947250,-43.309977,-39.751551,-0.038261,0.011040,0.003070,2.280120,0.429978,5.579880,-0.043210,0.001283,-0.032937,64.678464,-55.608717,-29.263730,-0.048566,-0.014886,-0.003404,60.354920,-43.469617,-29.356860,-0.048492,-0.024237,0.017847,53.699825,-62.166661,-29.196599,0.041681,-0.007648,-0.009058,0.076413,18.382782,1.950066,0.061815,0.006595,-0.035107,-3.358387,16.189098,3.130063,0.000000,0.000000,0.000000,0.000000,0.000000,0.000000,0.037430,-0.000014,0.003095,2.670385,15.498631,7.165424,0.057320,0.013864,-0.024069,-2.236616,9.737232,1.699510,0.075377,0.024647,-0.045585,-4.673796,9.142699,5.248856,0.032268,0.008991,0.013818,10.376738,13.207882,13.559088,0.055037,0.023842,-0.018923,-0.185942,4.899702,6.470339,0.073804,0.033645,-0.037296,-0.357392,1.378048,1.034952,0.051565,8,0.061982,8,0,0,1,0,0,0,0,0,0,0,0,1,0,0,0,0,0,0,0.020468,-6.497438,-18.510058,-31.120668
134,3528254320.864408,-0.038373,0.017655,-0.037809,69.573703,-47.632285,-36.392149,-0.042754,0.003813,-0.011400,72.515622,-42.499791,-47.248066,0.000000,0.000000,0.000000,0.000000,0.000000,0.000000,-0.030593,0.034267,-0.045022,71.995312,-57.866700,-35.570614,-0.040061,0.019214,-0.013340,69.498493,-44.176549,-41.283047,-0.038745,0.011004,0.003749,3.682342,0.391356,5.844214,-0.042384,0.002204,-0.034588,64.478544,-55.307195,-28.581768,-0.049436,-0.015284,-0.002282,56.337972,-42.404418,-26.507070,-0.047709,-0.023161,0.016780,16.968348,-1.330432,16.012526,0.042759,-0.006336,-0.012170,-0.820055,19.138331,1.378648,0.062836,0.008008,-0.039005,-4.162888,17.527630,3.377597,0.000000,0.000000,0.000000,0.000000,0.000000,0.000000,0.038800,0.001635,-0.000631,1.878598,17.115573,6.531524,0.058377,0.015033,-0.027648,-3.248485,11.240987,1.369784,0.000000,0.000000,0.000000,0.000000,0.000000,0.000000,0.033463,0.010110,0.011113,10.214623,13.829162,13.342702,0.055908,0.024561,-0.021592,-1.399322,5.329784,5.974413,0.074692,0.034498,-0.040852,-1.190354,1.815748,1.350980,0.051804,8,0.059681,7,0,0,1,0,0,0,0,0,0,0,0,1,0,0,1,0,0,0,0.020550,-6.735773,-18.575422,-31.124929
137,3528254321.161642,-0.056446,-0.001674,0.000464,-3.083375,-9.718333,4.368773,-0.037323,0.009940,0.023062,-6.776243,-15.360282,-2.144666,0.000000,0.000000,0.000000,0.000000,0.000000,0.000000,-0.061317,0.001435,-0.018216,-2.300653,-13.010308,14.835902,-0.041986,0.017459,0.009677,-5.782717,-12.060410,-0.742896,-0.027460,0.023208,0.019531,-58.704049,45.150452,-22.838520,-0.051828,-0.007671,0.015452,-3.043540,-8.065566,12.474730,-0.030964,0.004279,0.039406,-46.196467,31.039973,-15.245279,-0.013473,0.013670,0.053981,-15.682578,-10.134402,19.211612,0.024745,-0.025956,-0.025215,-82.149566,47.517434,-50.980048,0.016934,-0.041758,-0.056171,-84.412386,49.068628,-48.187009,0.000000,0.000000,0.000000,0.000000,0.000000,0.000000,0.027398,-0.011042,-0.023553,-76.854462,51.162662,-44.659857,0.018547,-0.028041,-0.054944,-75.895961,44.219807,-38.120033,0.013603,-0.042129,-0.080579,-75.541908,47.495685,-34.738798,0.026975,0.003149,-0.024343,-67.466194,57.288966,-39.685797,0.017869,-0.016621,-0.057581,-64.725477,47.255367,-27.363119,0.014282,-0.030506,-0.083887,-65.127475,41.220422,-26.313544,0.051882,8,0.062424,8,0,0,1,0,0,0,0,0,0,0,0,1,0,0,0,0,0,0,0.020419,-6.615841,-18.957938,-31.000655
138,3528254321.265048,-0.039038,0.017139,-0.036902,68.768786,-47.785085,-35.481728,-0.043212,0.003396,-0.010696,71.552444,-42.442686,-46.301944,0.000000,0.000000,0.000000,0.000000,0.000000,0.000000,-0.030783,0.034118,-0.044869,71.852514,-59.049937,-36.436990,-0.040844,0.018629,-0.012184,69.373987,-44.011189,-41.286968,-0.039073,0.010721,0.004275,3.351085,0.316730,6.023860,-0.042897,0.001757,-0.033876,63.099575,-55.277101,-28.061637,-0.048618,-0.014668,-0.003320,57.717481,-43.231018,-27.643004,-0.048293,-0.023852,0.017922,53.034198,-61.487032,-28.320287,0.042433,-0.006699,-0.011340,-0.483069,19.081380,1.834300,0.062190,0.006985,-0.037013,-3.885537,17.353505,3.528217,0.000000,0.000000,0.000000,0.000000,0.000000,0.000000,0.038300,0.000979,0.000771,2.001096,16.231352,6.259144,0.057343,0.013350,-0.024160,-2.400917,8.848703,0.775676,0.075652,0.024708,-0.047388,-5.485973,8.988525,4.677613,0.033818,0.010829,0.009752,9.052669,14.155994,13.150573,0.055792,0.024674,-0.021666,-0.339297,4.471317,6.294287,0.074535,0.034802,-0.041354,-1.159997,3.744876,1.779809,0.051858,8,0.063169,8,0,0,1,0,0,0,0,0,0,0,0,1,0,0,0,0,0,0,0.020469,-6.334885,-19.157432,-31.188113
139,3528254321.361452,-0.038549,0.017053,-0.036905,72.039633,-47.704307,-37.113859,-0.044580,0.001617,-0.008792,71.989553,-42.451259,-45.954320,0.000000,0.000000,0.000000,0.000000,0.000000,0.000000,-0.031238,0.033626,-0.043350,75.010179,-59.065925,-38.075510,-0.040923,0.018006,-0.012090,71.230406,-44.528894,-41.815702,-0.039755,0.009530,0.004997,64.360623,-57.587374,-34.051037,-0.043756,0.000414,-0.032291,63.915314,-55.073634,-28.277845,-0.048324,-0.015349,-0.004046,12.871989,-12.754251,-3.312239,-0.048468,-0.025069,0.017464,54.908307,-62.052453,-29.821582,0.042414,-0.006082,-0.010451,-0.059835,18.503730,2.788711,0.062134,0.007757,-0.034805,-3.133824,16.572830,4.715120,0.000000,0.000000,0.000000,0.000000,0.000000,0.000000,0.037508,0.000546,0.003147,3.383254,15.544906,7.759888,0.057331,0.014474,-0.023070,-1.735618,9.040168,2.114671,0.075445,0.025618,-0.044306,-3.961401,7.706251,5.397924,0.033166,0.010785,0.010970,8.619568,13.650783,13.904117,0.055887,0.026188,-0.021556,-1.342710,4.962067,7.561571,0.074279,0.035915,-0.038860,-0.990068,2.875809,2.936438,0.051833,8,0.062645,8,0,0,1,0,0,0,0,0,0,0,0,1,0,0,0,0,0,0,0.020464,-6.770710,-18.552214,-31.238837
141,3528254321.566718,-0.038509,0.016966,-0.037104,70.811170,-48.748053,-37.585980,-0.041857,0.004082,-0.012667,73.798409,-43.367982,-47.949163,0.000000,0.000000,0.000000,0.000000,0.000000,0.000000,-0.032547,0.032503,-0.041840,71.385571,-59.681642,-36.535219,-0.040163,0.018741,-0.013185,71.591681,-44.419879,-42.351449,-0.040357,0.009604,0.005948,61.565303,-57.680062,-32.070135,-0.042400,0.001612,-0.034133,65.497686,-56.223650,-29.306404,-0.048643,-0.014944,-0.003621,58.256808,-43.875884,-27.910066,-0.050259,-0.025609,0.020070,16.422496,-2.936670,15.817141,0.042769,-0.006092,-0.011653,-1.050658,18.532780,1.146454,0.062391,0.006901,-0.035687,-4.092391,16.161763,3.628849,0.000000,0.000000,0.000000,0.000000,0.000000,0.000000,0.037814,0.000491,0.002326,2.890820,15.517401,6.835011,0.057426,0.013422,-0.023288,-1.920634,9.492888,1.730074,0.075462,0.023422,-0.043478,-3.971852,7.396391,4.766474,0.032731,0.009712,0.012578,9.909819,13.508673,13.796614,0.055372,0.023921,-0.019102,0.134750,4.057831,6.875350,0.074295,0.033723,-0.037666,-0.288977,1.761097,1.599591,0.051962,8,0.062244,8,0,0,1,0,0,0,0,0,0,0,0,1,0,0,0,0,0,0,0.020372,-7.223998,-18.724444,-30.804476
144,3528254321.858660,-0.055018,-0.000056,0.004730,-3.331749,-8.088721,4.335666,-0.036009,0.010958,0.025453,-7.110806,-14.610875,-2.137779,0.000000,0.000000,0.000000,0.000000,0.000000,0.000000,-0.059914,0.003619,-0.012861,-2.959559,-11.293523,15.250677,-0.041604,0.017111,0.009963,-5.091122,-11.727258,0.025743,-0.026248,0.024183,0.021601,-9.212991,-9.091044,14.036208,-0.050653,-0.006892,0.017830,-3.646993,-7.291733,13.444472,-0.028751,0.006255,0.043544,-8.848485,-1.371410,2.241438,-0.011505,0.015121,0.056488,-15.913895,-9.315776,19.349362,0.024486,-0.025590,-0.024866,-84.263844,47.755838,-51.974538,0.017152,-0.040995,-0.054364,-85.456293,48.674643,-47.863061,0.000000,0.000000,0.000000,0.000000,0.000000,0.000000,0.027682,-0.010311,-0.022502,-79.260721,51.730632,-46.998533,0.019522,-0.026700,-0.052190,-75.326064,44.950860,-37.565489,0.013711,-0.041279,-0.078350,-77.794769,49.190059,-36.441484,0.025588,0.002457,-0.025587,-72.044798,58.380911,-43.694512,0.016968,-0.016625,-0.057160,-67.436047,48.027499,-28.480433,0.013826,-0.029959,-0.082216,-67.750166,43.321836,-28.749257,0.052016,8,0.061098,8,0,0,1,0,0,0,0,0,0,0,0,1,0,0,0,0,0,0,0.020463,-7.778672,-18.132931,-30.426561
146,3528254322.060340,-0.038588,0.017020,-0.036661,70.896023,-48.259255,-37.027481,-0.045481,0.001475,-0.007653,70.166396,-43.405233,-45.674084,0.000000,0.000000,0.000000,0.000000,0.000000,0.000000,-0.031264,0.033330,-0.042864,72.904690,-59.935018,-37.485730,-0.041255,0.018098,-0.011498,70.783148,-44.396926,-42.145471,-0.039618,0.010180,0.004675,3.394561,-1.001238,5.735799,-0.043028,0.001284,-0.033225,65.322255,-56.833282,-29.834675,-0.048352,-0.014499,-0.004332,58.662436,-43.893671,-28.262618,-0.049421,-0.024642,0.018215,55.097355,-62.381200,-30.231785,0.042159,-0.007158,-0.009699,0.072063,18.241830,1.872939,0.062166,0.006021,-0.033825,-3.500565,15.301738,3.564099,0.000000,0.000000,0.000000,0.000000,0.000000,0.000000,0.038196,0.001026,0.001250,1.300351,15.811760,6.203338,0.057347,0.012948,-0.022108,-2.007654,8.498744,1.216280,0.076131,0.024425,-0.044739,64.782318,-27.747676,-15.258500,0.032926,0.009854,0.012004,10.204599,13.159053,13.335087,0.055662,0.024029,-0.019125,-0.769500,3.751662,5.375549,0.074447,0.033393,-0.036476,0.068606,0.745116,1.139181,0.051942,8,0.062111,8,0,0,1,0,0,0,0,0,0,0,0,1,0,0,0,0,0,0,0.020432,-7.438056,-18.604726,-30.843414
148,3528254322.257826,-0.056694,-0.001377,0.000034,-2.886554,-9.960728,3.847028,-0.038464,0.008724,0.020766,-5.526118,-16.056220,-2.782863,0.000000,0.000000,0.000000,0.000000,0.000000,0.000000,-0.061251,0.002085,-0.018735,-2.183366,-14.035513,14.759500,-0.042825,0.016624,0.007821,-4.935576,-12.771830,-0.948939,-0.028799,0.021586,0.016741,-8.074476,-11.629847,13.652569,-0.053128,-0.009195,0.011594,-2.210365,-9.893087,13.097752,-0.031697,0.003865,0.039401,-7.826166,-2.073983,1.608332,-0.015228,0.011875,0.051891,-14.644662,-11.784805,18.942034,0.025561,-0.025630,-0.024920,-79.141931,47.225879,-48.620144,0.017304,-0.041649,-0.057743,-81.742314,48.508859,-45.922212,0.000000,0.000000,0.000000,0.000000,0.000000,0.000000,0.026413,-0.011995,-0.025768,-74.848871,52.028102,-43.680137,0.019166,-0.027712,-0.055881,-72.988250,44.122016,-36.465139,0.013460,-0.042177,-0.083311,-75.198563,48.513932,-34.531433,0.025943,0.002060,-0.026473,-65.896097,57.397678,-38.355150,0.015981,-0.018264,-0.061927,-67.719853,47.331975,-28.768158,0.015084,-0.029975,-0.085402,-64.368640,41.856591,-27.033807,0.051612,8,0.063876,8,0,0,1,0,0,0,0,0,0,0,0,1,0,0,0,0,0,0,0.020467,-7.645102,-18.494253,-30.552236
150,3528254322.463478,-0.038769,0.016975,-0.036527,71.233153,-47.650744,-37.038260,-0.043589,0.002656,-0.010145,72.906245,-42.918823,-46.964777,0.000000,0.000000,0.000000,0.000000,0.000000,0.000000,-0.031220,0.033592,-0.043173,74.723506,-59.122081,-38.114479,-0.040130,0.018707,-0.013065,72.278683,-43.828627,-42.431390,-0.039111,0.010270,0.004103,64.560524,-57.269195,-34.274626,-0.042842,0.001367,-0.033428,65.336509,-55.766346,-29.603848,-0.049185,-0.015663,-0.002853,57.850712,-43.417927,-27.539465,-0.048778,-0.024777,0.017732,56.368338,-61.984193,-31.270189,0.042480,-0.006178,-0.010887,-0.099150,18.515126,2.254448,0.061574,0.005938,-0.032743,-2.756949,15.417978,3.573847,0.000000,0.000000,0.000000,0.000000,0.000000,0.000000,0.037313,-0.000005,0.003653,2.746028,14.942051,6.962959,0.057090,0.013456,-0.022138,-1.472326,8.642298,1.935105,0.075770,0.025497,-0.045480,-4.749847,9.048835,5.776708,0.031996,0.008857,0.014460,10.476939,12.938368,14.004882,0.055375,0.024585,-0.019322,-0.672178,4.306124,6.860089,0.074219,0.034726,-0.037777,-0.531161,0.772423,1.593008,0.051762,8,0.062059,8,0,0,1,0,0,0,0,0,0,0,0,1,0,0,0,0,0,0,0.020324,-7.568843,-18.206549,-30.557864
152,3528254322.662291,-0.038710,0.017499,-0.037350,69.058660,-47.569395,-36.136959,-0.044097,0.002948,-0.009336,70.651878,-42.886005,-46.765705,0.000000,0.000000,0.000000,0.000000,0.000000,0.000000,-0.030868,0.034092,-0.044702,71.955843,-58.945319,-36.345023,-0.039558,0.019678,-0.013955,69.887414,-44.296891,-41.826290,-0.038759,0.011114,0.003980,3.271235,0.682424,5.476433,-0.042263,0.002481,-0.034761,64.268031,-55.352620,-28.718552,-0.048869,-0.014535,-0.002972,56.684584,-42.517290,-27.514742,-0.047988,-0.023178,0.017514,53.150634,-61.864215,-28.522882,0.042382,-0.007035,-0.011382,-0.111530,19.185336,1.604040,0.061681,0.005328,-0.035226,-3.495148,16.357742,2.763217,0.000000,0.000000,0.000000,0.000000,0.000000,0.000000,0.038055,0.000283,0.001635,2.672678,16.546160,6.901325,0.057193,0.012527,-0.023540,-1.333015,9.446529,0.929356,0.075759,0.024262,-0.047897,-5.384398,9.394044,4.750600,0.033652,0.010280,0.010495,9.904026,14.527320,13.629955,0.056392,0.025101,-0.023714,-1.838964,6.261396,5.911020,0.074890,0.034666,-0.042497,-2.238206,3.232104,1.876897,0.051834,8,0.063174,8,0,0,1,0,0,0,0,0,0,0,0,1,0,0,0,0,0,0,0.020313,-7.636138,-18.164115,-30.529051
154,3528254322.859788,-0.038944,0.017376,-0.037205,70.042379,-47.321032,-35.958327,-0.043710,0.002851,-0.009781,70.071241,-41.884832,-45.459315,0.000000,0.000000,0.000000,0.000000,0.000000,0.000000,-0.030007,0.034927,-0.046270,74.118828,-58.509417,-37.413593,-0.040538,0.018786,-0.012571,69.505295,-43.251073,-40.713278,-0.038761,0.010728,0.004147,61.337771,-56.701015,-31.815168,-0.043676,0.001210,-0.032903,62.364658,-54.679594,-26.932468,-0.047169,-0.013745,-0.005099,59.870758,-42.420609,-28.168902,-0.047679,-0.023867,0.017608,51.856579,-61.378046,-27.539101,0.042241,-0.006807,-0.011003,0.044106,19.143315,2.335717,0.061525,0.006460,-0.035728,-3.007140,16.545551,3.705804,0.000000,0.000000,0.000000,0.000000,0.000000,0.000000,0.038058,0.000731,0.001399,3.031301,16.496194,6.947547,0.057228,0.014001,-0.024891,-1.668346,9.924704,1.480921,0.075181,0.025222,-0.047611,-4.308779,9.367349,5.936655,0.033924,0.011106,0.009263,9.349429,14.640464,13.707615,0.055625,0.025270,-0.022378,-0.909740,5.835493,6.390381,0.073782,0.034551,-0.039897,-0.002254,2.297211,2.052590,0.051730,8,0.062852,8,0,0,1,0,0,0,0,0,0,0,0,1,0,0,0,0,0,0,0.020228,-7.809964,-17.805022,-30.379512
156,3528254323.063548,-0.038110,0.017700,-0.038108,69.887949,-48.062512,-36.592980,-0.044504,0.002552,-0.009093,69.701855,-43.377089,-45.447799,0.000000,0.000000,0.000000,0.000000,0.000000,0.000000,-0.031269,0.033669,-0.044028,70.629017,-59.824428,-36.088416,-0.039220,0.019819,-0.014701,70.572964,-44.380710,-42.260108,-0.038406,0.011409,0.002946,2.637072,0.522788,5.642646,-0.042193,0.002244,-0.034870,65.185358,-55.472514,-29.734774,-0.047258,-0.013285,-0.005698,59.335148,-43.754315,-28.368725,-0.047984,-0.023116,0.016769,53.629412,-61.958467,-29.043237,0.042811,-0.006454,-0.011790,-0.442133,18.838371,1.796338,0.062834,0.007095,-0.037401,-4.534419,16.657630,3.396004,0.000000,0.000000,0.000000,0.000000,0.000000,0.000000,0.038473,0.000997,0.000796,1.649037,15.823471,5.826272,0.057549,0.012884,-0.023358,-1.796058,8.947763,0.819507,0.076255,0.024452,-0.047125,-5.057713,8.676482,4.924338,0.033768,0.010654,0.010216,8.608304,14.196293,13.361605,0.056431,0.024978,-0.022479,-1.372494,6.282687,6.534703,0.074864,0.033998,-0.039784,-0.216777,1.390837,1.398077,0.051551,8,0.063382,8,0,0,1,0,0,0,0,0,0,0,0,1,0,0,0,0,0,0,0.020288,-7.652285,-18.036275,-30.377202
158,3528254323.259340,-0.056066,-0.002252,0.001909,-3.007182,-9.124031,5.201921,-0.036329,0.010433,0.025110,-7.847080,-14.029475,-1.303320,0.000000,0.000000,0.000000,0.000000,0.000000,0.000000,-0.061046,0.001140,-0.015717,-2.876444,-11.503886,16.275738,-0.041184,0.018111,0.012350,-6.502628,-10.093238,0.174509,-0.027255,0.022891,0.019628,-8.381695,-9.497478,14.622447,-0.051218,-0.008302,0.016232,-2.892923,-7.349672,14.032002,-0.029518,0.005039,0.041441,-7.401447,-1.151974,2.393807,-0.011881,0.014823,0.055625,-14.676849,-8.576436,19.463506,0.025216,-0.025247,-0.024251,-83.660228,47.162676,-50.886286,0.017056,-0.041507,-0.054953,-84.875614,48.562019,-46.856938,0.000000,0.000000,0.000000,0.000000,0.000000,0.000000,0.026444,-0.011275,-0.024592,-80.954675,52.083442,-47.683668,0.018776,-0.027498,-0.053484,-76.260140,45.422237,-37.752633,0.013055,-0.042217,-0.079433,-77.809294,48.582426,-35.566770,0.026279,0.003173,-0.024861,-70.406140,58.197124,-41.519588,0.017593,-0.016321,-0.056597,-67.195072,47.854268,-27.948853,0.013211,-0.030830,-0.083193,-68.173327,43.601141,-28.820006,0.052018,8,0.061664,8,0,0,1,0,0,0,0,0,0,0,0,1,0,0,0,0,0,0,0.020321,-7.964921,-18.257903,-30.511086
160,3528254323.460138,-0.039734,0.016580,-0.035698,68.524137,-47.483952,-35.264363,-0.043626,0.002888,-0.010018,71.889027,-42.790993,-47.109864,0.000000,0.000000,0.000000,0.000000,0.000000,0.000000,-0.031301,0.033819,-0.043788,-4.163214,-5.490309,2.913552,-0.041004,0.018376,-0.011799,69.548186,-43.918982,-41.330509,-0.039074,0.010516,0.004263,3.510558,0.500387,5.995869,-0.043399,0.001272,-0.033013,63.482871,-55.901276,-28.707029,-0.048309,-0.014601,-0.003870,58.638409,-42.682266,-27.537502,-0.048399,-0.024206,0.017793,53.969081,-61.763380,-29.483607,0.041825,-0.007569,-0.009341,0.205429,18.338025,1.423434,0.062233,0.007390,-0.036659,-3.511316,16.760333,3.876594,0.000000,0.000000,0.000000,0.000000,0.000000,0.000000,0.038126,0.000898,0.001284,2.528500,16.131496,7.592971,0.057502,0.014077,-0.024584,-2.123885,9.552449,1.547144,0.075386,0.024592,-0.045613,-4.719243,8.554401,4.852660,0.032957,0.009850,0.012060,9.515165,14.086554,13.487044,0.055412,0.024473,-0.020249,-0.136159,4.728109,6.622712,0.073821,0.033630,-0.037286,0.744471,2.480021,1.837857,0.051702,8,0.062433,8,0,0,1,0,0,0,0,0,0,0,0,1,0,0,0,0,0,0,0.020254,-8.362639,-18.073470,-30.109106
162,3528254323.662576,-0.056557,-0.001894,0.000140,-2.554521,-9.368330,3.989250,-0.037435,0.009893,0.022916,-6.694646,-15.787392,-1.990376,0.000000,0.000000,0.000000,0.000000,0.000000,0.000000,-0.061101,0.001811,-0.017436,-2.775140,-12.649792,14.835967,-0.042684,0.016242,0.007588,-4.996637,-13.091808,-0.062390,-0.027428,0.023478,0.019899,-58.746536,45.519174,-22.743509,-0.052101,-0.008168,0.014503,-3.478907,-8.520493,13.391630,-0.030767,0.004751,0.040282,-7.972932,-2.258372,2.171876,-0.014217,0.012962,0.052266,-16.069696,-10.676039,19.510929,0.023499,-0.026934,-0.027218,-83.148677,46.845880,-51.314324,0.016590,-0.042302,-0.056977,-84.091484,48.333903,-47.448565,0.000000,0.000000,0.000000,0.000000,0.000000,0.000000,0.027344,-0.011169,-0.023745,-76.383000,51.153071,-44.231641,0.018264,-0.028461,-0.055540,-75.464189,44.356633,-38.196054,0.013093,-0.042780,-0.081496,-76.184208,47.808020,-34.705398,0.027051,0.003199,-0.024301,-67.100544,57.687294,-39.547767,0.015900,-0.018420,-0.060406,-69.686400,47.620513,-29.756195,0.014022,-0.031012,-0.084462,-66.781307,42.354382,-28.384277,0.051746,8,0.063298,8,0,0,1,0,0,0,0,0,0,0,0,1,0,0,0,0,0,0,0.020224,-8.218426,-18.465521,-30.280785
164,3528254323.866550,-0.037779,0.017701,-0.038470,71.279324,-48.076975,-36.997386,-0.043271,0.002978,-0.010796,72.256425,-43.166072,-46.544222,0.000000,0.000000,0.000000,0.000000,0.000000,0.000000,-0.032355,0.032995,-0.042637,70.921445,-58.229539,-35.203129,-0.040145,0.018843,-0.013447,71.361016,-43.737240,-42.230184,-0.038864,0.010595,0.003531,3.153863,-0.359925,6.152702,-0.041917,0.002097,-0.035056,65.860077,-55.815623,-29.593593,-0.046508,-0.013396,-0.006626,11.436928,-11.668003,-3.055808,-0.047891,-0.024011,0.016857,55.320979,-61.867420,-29.495943,0.042514,-0.006443,-0.010771,0.118706,18.563825,2.360550,0.062454,0.007591,-0.036336,-3.870235,16.419452,3.749704,0.000000,0.000000,0.000000,0.000000,0.000000,0.000000,0.037552,0.000057,0.003424,3.344301,15.065045,7.488771,0.057360,0.013771,-0.023309,-1.758644,8.954886,1.841279,0.075489,0.024508,-0.044613,-4.204043,7.405241,4.833225,0.033886,0.011358,0.009347,8.843071,14.810474,13.800726,0.055897,0.025417,-0.021468,-1.200954,4.527359,6.660734,0.074727,0.035864,-0.041095,-1.866926,3.974680,2.493611,0.051350,8,0.062959,8,0,0,1,0,0,0,0,0,0,0,0,1,0,0,0,0,0,0,0.020249,-8.418051,-18.066499,-29.910748
165,3528254323.963066,-0.037560,0.017817,-0.039045,70.924767,-48.636371,-37.018198,-0.042435,0.003774,-0.012208,72.238249,-43.693344,-46.695884,0.000000,0.000000,0.000000,0.000000,0.000000,0.000000,-0.030993,0.033710,-0.044820,-4.386339,-6.547541,2.593665,-0.039914,0.019148,-0.014066,70.213130,-44.356620,-41.651804,-0.038396,0.011218,0.002676,62.413095,-57.605434,-32.935874,-0.041530,0.002397,-0.035840,65.243880,-55.952413,-29.551076,-0.047314,-0.013805,-0.005666,59.634461,-43.734883,-27.730435,-0.048518,-0.024097,0.017612,53.271963,-61.710740,-27.880980,0.042904,-0.006247,-0.011535,-0.612218,18.845439,1.793584,0.062416,0.006463,-0.035342,-3.499286,15.688397,3.580935,0.000000,0.000000,0.000000,0.000000,0.000000,0.000000,0.038165,0.000758,0.001936,2.961467,15.689973,7.390109,0.058335,0.014812,-0.026091,-2.722260,10.064445,1.116537,0.076274,0.024980,-0.046848,-5.067886,8.080169,4.697702,0.034272,0.011650,0.008647,9.436316,14.467505,13.668766,0.056672,0.025906,-0.023420,-2.268228,5.118157,6.075847,0.074962,0.034902,-0.040365,-1.141360,2.441657,2.551588,0.051681,8,0.063679,8,0,0,1,0,0,0,0,0,0,0,0,1,0,0,0,0,0,0,0.020242,-8.256983,-17.872032,-29.975047
167,3528254324.166166,-0.056866,-0.002258,-0.000648,-1.856322,-9.916133,3.829601,-0.037673,0.009193,0.021851,-5.759870,-15.507856,-2.610501,0.000000,0.000000,0.000000,0.000000,0.000000,0.000000,-0.061092,0.002440,-0.016518,-2.808762,-12.151399,14.749654,-0.042031,0.017342,0.009667,-5.322833,-11.993059,-0.546064,-0.027820,0.022421,0.018396,-59.994814,45.934515,-23.676442,-0.052419,-0.008678,0.013365,-2.141650,-8.865313,13.426322,-0.030504,0.004567,0.040405,-7.836089,-1.797075,2.097692,-0.013281,0.013357,0.053883,-14.868910,-10.060624,19.061481,0.023705,-0.026555,-0.026794,-82.575412,48.288653,-51.303198,0.016421,-0.041776,-0.056757,-84.082663,48.335695,-47.393233,0.000000,0.000000,0.000000,0.000000,0.000000,0.000000,0.026722,-0.011445,-0.024604,-77.589391,51.750965,-45.773382,0.017673,-0.028271,-0.055937,-76.744475,46.083115,-39.551727,0.011650,-0.042756,-0.082629,-78.349911,48.683434,-36.415317,0.025835,0.002270,-0.026078,-68.464272,57.545644,-40.255897,0.015385,-0.018175,-0.060677,-67.644954,48.063771,-29.080335,0.012064,-0.031426,-0.086166,-67.657684,43.121629,-28.790738,0.051766,8,0.063544,8,0,0,1,0,0,0,0,0,0,0,0,1,0,0,0,0,0,0,0.020107,25.018714,15.174352,8.256964
169,3528254324.375170,-0.038975,0.017061,-0.036341,70.957672,-47.770849,-37.232070,-0.044158,0.002533,-0.009274,71.742538,-42.682650,-46.804797,0.000000,0.000000,0.000000,0.000000,0.000000,0.000000,-0.031409,0.033607,-0.043088,-3.739587,-5.840491,2.663074,-0.040841,0.018489,-0.011948,70.693062,-44.217184,-42.394424,-0.039284,0.010383,0.004554,3.069819,-0.129411,5.915399,-0.043918,0.000875,-0.032188,64.408219,-54.945770,-29.393810,-0.049706,-0.015677,-0.002087,58.093676,-42.821352,-27.461715,-0.048860,-0.024376,0.018005,54.486152,-62.163043,-29.968596,0.042415,-0.006535,-0.010976,-0.023073,18.949031,2.342240,0.062064,0.006598,-0.035093,-3.302958,16.291090,3.134896,0.000000,0.000000,0.000000,0.000000,0.000000,0.000000,0.037641,0.000132,0.002793,2.876814,15.810498,6.576024,0.057394,0.013519,-0.023418,-1.689500,8.969352,0.971614,0.075753,0.024641,-0.045512,-4.629378,7.815642,4.979448,0.033711,0.010836,0.009814,9.710755,14.592794,13.776010,0.055798,0.024716,-0.020735,-0.328982,5.577994,6.497190,0.074357,0.034186,-0.038369,-0.605767,1.987981,1.528625,0.051946,8,0.062552,8,0,0,1,0,0,0,0,0,0,0,0,1,0,0,0,0,0,0,0.020101,-8.571993,-17.383016,-30.159612
171,3528254324.568366,-0.039830,0.015991,-0.034110,71.446119,-48.363108,-37.822574,-0.045037,0.001602,-0.008008,73.564717,-42.880817,-48.339231,0.000000,0.000000,0.000000,0.000000,0.000000,0.000000,-0.030953,0.033322,-0.041884,75.817602,-59.389253,-39.626854,-0.041812,0.017424,-0.010178,72.247127,-44.995250,-43.886089,-0.040254,0.009414,0.005797,65.970413,-57.462771,-35.895469,-0.042507,0.001563,-0.033129,68.820335,-56.254144,-32.588460,-0.050035,-0.016048,-0.002148,13.719870,-13.898763,-4.518295,-0.050020,-0.025263,0.018402,56.111543,-63.275958,-31.366927,0.041220,-0.008184,-0.007370,0.345271,17.305547,1.761762,0.061556,0.005412,-0.031396,-2.384456,15.151230,3.797260,0.000000,0.000000,0.000000,0.000000,0.000000,0.000000,0.036963,-0.000352,0.004107,2.321041,14.638490,6.414497,0.056635,0.012206,-0.019663,-1.317244,7.412154,0.994601,0.075541,0.023702,-0.041696,-4.438417,7.398443,5.374392,0.031369,0.008069,0.015568,10.524779,11.773490,13.136849,0.055093,0.023549,-0.017231,0.348780,4.767208,6.975575,0.074316,0.033739,-0.035658,-0.881703,2.249811,1.710783,0.052010,8,0.060897,8,0,0,1,0,0,0,0,0,0,0,0,1,0,0,0,0,0,0,0.020094,-7.865209,-17.993358,-30.536826
174,3528254324.858632,-0.037473,0.018117,-0.039826,69.429927,-48.070595,-35.284598,-0.041860,0.004389,-0.013262,71.764904,-43.436791,-46.048462,0.000000,0.000000,0.000000,0.000000,0.000000,0.000000,-0.030977,0.033994,-0.045645,69.885669,-59.342949,-34.499464,-0.039109,0.019920,-0.015582,70.202925,-44.219400,-41.489771,-0.038173,0.011523,0.002220,2.817703,0.083040,5.843329,-0.042421,0.001891,-0.035197,63.354910,-55.645674,-27.853881,-0.047339,-0.013751,-0.005590,57.030418,-43.410070,-26.815700,-0.047291,-0.023006,0.016137,48.620823,-62.599963,-25.748442,0.043544,-0.005352,-0.013516,-0.860242,19.129536,1.674362,0.062570,0.006634,-0.036433,-3.299965,15.849976,3.295210,0.000000,0.000000,0.000000,0.000000,0.000000,0.000000,0.039565,0.002771,-0.002205,0.918737,17.188658,6.422320,0.058004,0.014022,-0.025154,-1.900248,9.218394,1.685479,0.076421,0.025466,-0.048713,-5.428535,9.555850,5.800967,0.034505,0.011805,0.008359,8.871335,14.666682,13.112433,0.056854,0.026174,-0.024477,-0.965619,5.872179,6.809827,0.075422,0.035950,-0.043488,-2.235311,3.623986,1.782972,0.051602,8,0.064506,8,0,0,1,0,0,0,0,0,0,0,0,1,0,0,0,0,0,0,0.020010,-9.218650,-17.191898,-29.671672
176,3528254325.059279,-0.038398,0.017650,-0.038065,69.106187,-47.798346,-35.598988,-0.043394,0.003282,-0.010595,71.142442,-42.389103,-46.497596,0.000000,0.000000,0.000000,0.000000,0.000000,0.000000,-0.030285,0.034495,-0.045839,71.963292,-59.238474,-36.379086,-0.040161,0.019192,-0.013408,68.778577,-44.050006,-40.747576,-0.038009,0.011568,0.002568,62.578402,-56.862253,-32.736909,-0.043152,0.001571,-0.033796,63.341342,-55.074446,-27.967591,-0.048715,-0.014745,-0.003357,56.512413,-42.073723,-26.215238,-0.047791,-0.023352,0.017043,16.137205,-0.948325,15.916046,0.042559,-0.006843,-0.011241,-0.504097,18.162564,1.433359,0.062138,0.006326,-0.036141,-3.477416,16.793826,3.085165,0.000000,0.000000,0.000000,0.000000,0.000000,0.000000,0.038913,0.001728,-0.000713,1.530642,16.566584,6.692280,0.058034,0.014362,-0.026222,-2.412298,10.013826,1.319059,0.075871,0.024670,-0.047504,-4.863532,9.060220,5.123709,0.034414,0.011490,0.008334,8.273297,14.850308,13.675264,0.056661,0.025935,-0.024495,-2.328219,6.022340,6.042863,0.074547,0.034226,-0.040146,-0.725243,2.257379,1.712835,0.051817,8,0.063664,8,0,0,1,0,0,0,0,0,0,0,0,1,0,0,0,0,0,0,0.020047,-8.932516,-17.195426,-29.756912
178,3528254325.257775,-0.038976,0.016915,-0.036318,70.100902,-48.106798,-36.514268,-0.045273,0.001772,-0.008016,70.482716,-43.059923,-46.170736,0.000000,0.000000,0.000000,0.000000,0.000000,0.000000,-0.032150,0.032963,-0.041965,-3.777413,-7.517322,2.874164,-0.041508,0.018044,-0.011187,69.304336,-44.070552,-41.538657,-0.039326,0.010509,0.004282,63.205812,-57.008521,-33.223009,-0.041908,0.002309,-0.034812,65.925014,-56.615137,-31.276239,-0.049046,-0.014932,-0.003503,58.987228,-43.204423,-27.829495,-0.049117,-0.024273,0.017724,56.144444,-62.047158,-31.175153,0.042618,-0.006570,-0.010893,-0.145730,18.299167,2.208704,0.062130,0.005666,-0.033468,-3.182578,15.066473,2.584813,0.000000,0.000000,0.000000,0.000000,0.000000,0.000000,0.038434,0.001262,0.000742,1.553527,16.162680,6.035859,0.057595,0.013150,-0.022646,-1.606952,8.781047,1.058812,0.076034,0.023915,-0.044107,-4.427729,7.945098,5.119928,0.033551,0.010550,0.010557,8.758344,14.084487,12.976722,0.056265,0.024784,-0.020875,-1.307435,5.506042,6.795004,0.075010,0.034250,-0.038396,52.787445,-22.316447,-10.881574,0.051908,8,0.062589,8,0,0,1,0,0,0,0,0,0,0,0,1,0,0,0,0,0,0,0.020104,-8.811328,-17.556685,-29.670265
180,3528254325.460382,-0.038746,0.016900,-0.036641,69.821845,-48.103201,-36.317466,-0.042161,0.004043,-0.012489,74.846617,-43.671429,-49.064059,0.000000,0.000000,0.000000,0.000000,0.000000,0.000000,-0.031229,0.033372,-0.043078,73.479306,-59.188210,-37.330617,-0.040707,0.018552,-0.012481,70.719433,-44.549761,-42.732936,-0.038891,0.010859,0.003382,63.380128,-57.775646,-33.953461,-0.042997,0.001297,-0.033472,65.062637,-56.552641,-30.934066,-0.048871,-0.014847,-0.003896,58.615217,-43.562927,-28.338414,-0.049425,-0.024454,0.017866,55.054750,-62.398970,-29.922045,0.042588,-0.006678,-0.010530,-0.597764,18.036240,1.342873,0.062229,0.005619,-0.033167,-2.756034,14.778245,2.975723,0.000000,0.000000,0.000000,0.000000,0.000000,0.000000,0.038088,0.000705,0.001929,2.370181,14.992013,6.802719,0.057368,0.012571,-0.021398,-1.601385,8.427168,0.949904,0.076401,0.024226,-0.044550,-4.649048,7.724030,5.343999,0.032860,0.009698,0.012504,9.380444,12.642074,13.139147,0.056320,0.024754,-0.020637,-0.498697,5.441415,6.532421,0.075083,0.034057,-0.037918,-1.108141,1.175904,1.063586,0.051695,8,0.062446,8,0,0,1,0,0,0,0,0,0,0,0,1,0,0,0,0,0,0,0.020145,-9.523529,-17.198110,-29.351970
182,3528254325.662612,-0.038526,0.017164,-0.036694,70.876106,-48.467860,-37.039690,-0.042870,0.003664,-0.011203,73.506220,-43.391607,-48.218511,0.000000,0.000000,0.000000,0.000000,0.000000,0.000000,-0.031014,0.033486,-0.043111,72.212051,-59.370942,-37.389422,-0.040984,0.018436,-0.011757,70.362669,-44.827385,-42.566375,-0.039164,0.010722,0.004179,62.336832,-57.989633,-33.855651,-0.042325,0.002028,-0.034144,66.193330,-56.164927,-31.301568,-0.049097,-0.014764,-0.003371,13.433002,-13.198336,-4.189574,-0.049334,-0.024073,0.018019,53.951125,-62.594765,-30.561552,0.042182,-0.007375,-0.009924,-0.104175,18.321283,1.450409,0.062155,0.005489,-0.033905,-3.446197,15.490624,2.265403,0.000000,0.000000,0.000000,0.000000,0.000000,0.000000,0.036789,-0.001403,0.005431,3.619094,14.974847,6.923610,0.057016,0.011738,-0.020758,-1.436980,7.530678,-0.041521,0.076159,0.023690,-0.044855,-5.396929,8.605782,4.501513,0.033232,0.009978,0.011345,7.571569,13.956272,11.921034,0.055942,0.023902,-0.019879,-0.647458,4.509357,5.972353,0.075037,0.033670,-0.038597,-1.073463,2.602931,1.452970,0.051749,8,0.062106,8,0,0,1,0,0,0,0,0,0,0,0,1,0,0,0,0,0,0,0.020108,-9.842442,-17.115908,-29.315923
184,3528254325.858675,-0.037433,0.017810,-0.038927,2.742562,-10.060512,-5.692051,-0.042544,0.003796,-0.012033,72.601785,-43.666735,-47.271662,0.000000,0.000000,0.000000,0.000000,0.000000,0.000000,-0.030608,0.033775,-0.044697,71.496113,-59.688929,-36.321841,-0.040779,0.018592,-0.012631,69.569221,-44.687566,-41.618825,-0.039356,0.010613,0.004047,3.255442,-0.517337,5.855820,-0.041480,0.002477,-0.035745,65.858119,-56.087081,-30.146842,-0.047364,-0.013607,-0.005808,11.986227,-12.478473,-3.637309,-0.048447,-0.023632,0.017051,52.837154,-62.639603,-28.750291,0.042956,-0.006220,-0.011712,-0.795334,18.246922,1.602675,0.062538,0.006211,-0.035151,-3.399607,16.060282,3.221981,0.000000,0.000000,0.000000,0.000000,0.000000,0.000000,0.038156,0.000627,0.001921,1.968504,15.445085,6.175097,0.058430,0.014494,-0.025837,-2.984171,9.931029,1.642870,0.076668,0.025054,-0.047422,-5.812761,8.862605,5.214763,0.033841,0.010912,0.009899,8.000281,13.874443,12.708942,0.055875,0.023998,-0.019706,-0.316422,4.347516,6.124400,0.075151,0.034364,-0.039723,-0.934599,1.825897,1.584686,0.051697,8,0.063346,8,0,0,1,0,0,0,0,0,0,0,0,1,0,0,0,0,0,0,0.020064,-9.689081,-16.603931,-29.350775
186,3528254326.059297,-0.038306,0.017310,-0.037776,69.353753,-48.534162,-36.344127,-0.042663,0.003975,-0.011686,72.413951,-43.504911,-47.725325,0.000000,0.000000,0.000000,0.000000,0.000000,0.000000,-0.031227,0.033339,-0.044010,69.859206,-59.442560,-35.101624,-0.040422,0.018980,-0.012952,68.958744,-44.863286,-41.781300,-0.037704,0.012001,0.001945,63.772295,-57.982566,-34.228472,-0.043811,0.000907,-0.032769,59.784651,-56.478229,-26.790045,-0.048509,-0.014138,-0.003897,57.843546,-43.803255,-28.420297,-0.048973,-0.023535,0.018202,50.793171,-62.995045,-28.137264,0.042570,-0.007063,-0.011109,-1.126731,18.545636,0.791310,0.062269,0.005286,-0.035208,-3.680291,15.660671,2.750904,0.000000,0.000000,0.000000,0.000000,0.000000,0.000000,0.038257,0.000526,0.001370,1.823982,15.826154,5.935240,0.058149,0.013518,-0.025563,-3.045177,9.675554,0.546204,0.076106,0.023080,-0.045793,62.682667,-26.402509,-14.485590,0.033793,0.010560,0.010101,7.393011,13.873473,11.912520,0.056374,0.024245,-0.022002,-1.991925,4.412189,5.285785,0.074996,0.033199,-0.039723,-1.061999,1.594521,0.780224,0.051646,8,0.063053,8,0,0,1,0,0,0,0,0,0,0,0,1,0,0,0,0,0,0,0.020090,-9.492304,-16.782244,-29.122225
188,3528254326.260544,-0.038152,0.017504,-0.037974,70.556517,-48.018863,-36.658112,-0.042805,0.003588,-0.011427,72.075989,-43.120425,-46.966232,0.000000,0.000000,0.000000,0.000000,0.000000,0.000000,-0.031291,0.033561,-0.043952,70.628274,-59.374181,-35.351069,-0.040545,0.018763,-0.012836,69.822829,-44.689052,-41.561135,-0.039353,0.010486,0.004513,61.177903,-57.552811,-32.451193,-0.042477,0.001864,-0.034431,64.305207,-56.174332,-29.318934,-0.047320,-0.013614,-0.005487,60.180399,-43.605619,-29.019162,-0.048698,-0.024108,0.018042,52.012121,-62.018519,-28.174015,0.042587,-0.006619,-0.011200,-0.598572,18.653989,1.750000,0.062423,0.006776,-0.036279,-3.717183,16.338497,3.135918,0.000000,0.000000,0.000000,0.000000,0.000000,0.000000,0.037924,0.000366,0.002253,2.161867,15.679016,7.269467,0.057816,0.013881,-0.024826,-2.610170,9.810358,1.146844,0.075572,0.023578,-0.044710,-4.290375,7.684527,4.813813,0.033045,0.009862,0.012093,9.768411,13.465321,13.758337,0.055776,0.024329,-0.020532,-1.176381,3.815044,6.122879,0.074524,0.033947,-0.039006,-0.661292,1.414793,1.361525,0.051695,8,0.062733,8,0,0,1,0,0,0,0,0,0,0,0,1,0,0,0,0,0,0,0.019961,-9.593820,-16.641061,-29.386506
190,3528254326.461324,-0.038559,0.017250,-0.036308,70.805268,-48.736388,-38.155907,-0.043645,0.003191,-0.010100,73.701460,-43.212252,-48.716779,0.000000,0.000000,0.000000,0.000000,0.000000,0.000000,-0.030949,0.033575,-0.042638,73.894225,-59.337699,-38.490173,-0.041618,0.018048,-0.010646,69.808563,-44.531338,-42.702168,-0.038517,0.011198,0.003266,64.374688,-57.237890,-35.536682,-0.042000,0.002424,-0.034342,66.771243,-56.504327,-31.514643,-0.049254,-0.014730,-0.003261,59.968769,-43.982129,-29.478085,-0.050227,-0.024691,0.018931,53.783940,-62.665521,-30.599354,0.041651,-0.008244,-0.008400,0.758954,17.231077,1.354354,0.062131,0.005358,-0.033469,-3.059558,15.668247,2.959743,0.000000,0.000000,0.000000,0.000000,0.000000,0.000000,0.037489,-0.000382,0.003266,2.405199,15.034095,5.904459,0.057318,0.012185,-0.021542,-2.020530,8.639741,1.065753,0.075901,0.022717,-0.042674,-4.169097,6.872791,4.158335,0.032004,0.008262,0.014818,11.642793,12.100466,13.006045,0.055904,0.023587,-0.019179,-0.925010,4.393139,6.222753,0.074735,0.032674,-0.036178,0.222291,1.669407,1.244507,0.051854,8,0.061650,8,0,0,1,0,0,0,0,0,0,0,0,1,0,0,0,0,0,0,0.019833,-9.891547,-17.022252,-29.035510
192,3528254326.660621,-0.056228,-0.001569,0.000620,-3.011994,-10.270297,4.556124,-0.037963,0.009100,0.021280,-6.559039,-16.744768,-1.732958,0.000000,0.000000,0.000000,0.000000,0.000000,0.000000,-0.060781,0.001805,-0.017605,-2.767966,-13.162852,14.789720,-0.042161,0.017179,0.009129,-5.234527,-12.751431,-0.428921,-0.027411,0.023691,0.020210,-58.568818,44.915820,-22.647782,-0.052133,-0.008360,0.013903,-3.657579,-8.942744,13.732997,-0.030750,0.005098,0.040970,-8.526932,-2.666627,2.208696,-0.014248,0.013478,0.053279,-16.218546,-10.844849,19.363753,0.024197,-0.026522,-0.026327,-82.427315,46.830555,-50.424272,0.017412,-0.041996,-0.056393,-83.463319,47.438711,-46.497803,0.000000,0.000000,0.000000,0.000000,0.000000,0.000000,0.027555,-0.011062,-0.023471,-76.572054,51.204015,-44.904548,0.020604,-0.027086,-0.052835,-73.826945,43.833583,-37.021971,0.015310,-0.041774,-0.079473,-75.565231,47.708483,-34.881277,0.027047,0.003098,-0.024307,-67.878193,57.172038,-40.010079,0.016527,-0.018257,-0.060072,-69.266413,47.681819,-30.081325,0.015104,-0.030698,-0.083838,-66.782620,42.653339,-28.221888,0.051849,8,0.062588,8,0,0,1,0,0,0,0,0,0,0,0,1,0,0,0,0,0,0,0.019761,-10.162101,-16.442834,-29.077017
194,3528254326.864308,-0.037853,0.017767,-0.038513,70.812269,-47.606225,-36.857726,-0.043090,0.003284,-0.011148,72.390563,-42.452981,-46.574302,0.000000,0.000000,0.000000,0.000000,0.000000,0.000000,-0.031534,0.033538,-0.043794,71.530180,-58.233704,-36.071081,-0.040384,0.018816,-0.013144,69.774797,-44.472289,-42.183251,-0.039361,0.010438,0.004269,3.183337,-0.274196,5.885398,-0.042219,0.002007,-0.034852,64.034232,-56.309494,-29.014148,-0.048188,-0.014552,-0.004333,58.360864,-43.926486,-28.018991,-0.048408,-0.024110,0.017513,54.242074,-61.709410,-28.563244,0.042465,-0.006817,-0.010493,0.272240,19.073098,2.447782,0.062829,0.007868,-0.037495,-3.932351,16.526771,3.612966,0.000000,0.000000,0.000000,0.000000,0.000000,0.000000,0.038810,0.001895,-0.000352,1.218412,16.522086,6.725948,0.058036,0.014534,-0.025379,-2.215102,8.861631,1.110149,0.076160,0.025422,-0.047280,-5.060543,8.835473,5.054410,0.034165,0.011557,0.008808,8.801228,14.216485,13.215756,0.056561,0.026033,-0.023452,-1.921130,6.003124,6.987131,0.074638,0.034719,-0.039526,-0.396523,2.747628,2.292214,0.051821,8,0.063732,8,0,0,1,0,0,0,0,0,0,0,0,1,0,0,0,0,0,0,0.019828,-9.718314,-17.239387,-29.026754
196,3528254327.069016,-0.056895,-0.001769,-0.000383,-1.950161,-9.770704,4.060472,-0.037817,0.009241,0.022098,-5.915932,-15.503574,-3.397526,0.000000,0.000000,0.000000,0.000000,0.000000,0.000000,-0.061417,0.002311,-0.017847,-2.149146,-12.842414,14.346600,-0.042603,0.016663,0.008258,-4.471274,-12.363565,-1.564696,-0.028088,0.022217,0.018242,-58.491177,45.564678,-22.909772,-0.052379,-0.008165,0.014202,-3.600405,-8.236819,12.984052,-0.031525,0.003281,0.038350,-45.427893,31.659427,-14.852211,-0.013975,0.012459,0.053321,-35.362694,53.473593,-11.380354,0.024052,-0.026308,-0.026800,-81.024522,48.328791,-50.315026,0.015680,-0.041931,-0.058761,-83.727807,48.994265,-47.309709,0.000000,0.000000,0.000000,0.000000,0.000000,0.000000,0.027349,-0.010984,-0.024038,-75.049531,51.665809,-44.014661,0.018663,-0.027378,-0.055510,-73.227042,45.108004,-36.746316,0.013529,-0.041178,-0.081653,-73.788584,48.372642,-33.883043,0.025681,0.002126,-0.026579,-66.870232,57.871721,-39.462868,0.014805,-0.018310,-0.062279,-67.958437,48.447622,-28.793325,0.013170,-0.030220,-0.086050,-66.971949,42.904488,-28.678550,0.051688,8,0.063667,8,0,0,1,0,0,0,0,0,0,0,0,1,0,0,0,0,0,0,0.019776,-9.989020,-16.274348,-29.091435
198,3528254327.267895,-0.056811,-0.002061,-0.000551,-2.332321,-9.817148,4.245554,-0.037693,0.009607,0.022560,-7.023838,-15.278298,-3.010431,0.000000,0.000000,0.000000,0.000000,0.000000,0.000000,-0.061172,0.002044,-0.017687,-2.841333,-12.907672,15.285274,-0.042454,0.016949,0.008710,-5.684135,-12.045505,-0.692280,-0.027635,0.023153,0.019483,-9.490768,-10.175241,13.854453,-0.052366,-0.008338,0.014018,-3.680403,-8.760011,13.294307,-0.031409,0.003787,0.038756,-7.652799,-3.193840,2.075898,-0.014278,0.012778,0.052763,-14.160758,-10.897177,18.834351,0.023399,-0.026953,-0.027646,-82.759195,47.253329,-51.144978,0.016439,-0.042139,-0.057698,-83.551882,48.459647,-46.978355,0.000000,0.000000,0.000000,0.000000,0.000000,0.000000,0.025676,-0.012446,-0.026435,-77.990813,51.136960,-45.842405,0.018115,-0.028384,-0.056236,-75.609473,45.466625,-38.640784,0.013154,-0.042376,-0.082095,-76.094797,47.882719,-35.173701,0.025603,0.001886,-0.026639,-67.763965,57.042579,-40.292048,0.016302,-0.017862,-0.060340,-67.926486,47.827303,-29.342225,0.014510,-0.030316,-0.084539,-65.844641,41.744930,-27.357998,0.051757,8,0.063650,8,0,0,1,0,0,0,0,0,0,0,0,1,0,0,0,0,0,0,0.019592,23.549976,17.445293,8.818009
199,3528254327.363806,-0.056936,-0.002402,-0.000837,-2.523204,-10.033742,4.668763,-0.038285,0.008879,0.021339,-5.901439,-15.592193,-2.512569,0.000000,0.000000,0.000000,0.000000,0.000000,0.000000,-0.061490,0.001089,-0.019052,-2.541339,-13.038606,15.704440,-0.043229,0.015714,0.006720,-5.022134,-13.037261,0.304173,-0.028599,0.021988,0.017607,-58.482371,45.089319,-22.260461,-0.052634,-0.008937,0.013185,-3.499350,-9.062843,13.291927,-0.031582,0.003789,0.039092,-8.482588,-2.990101,2.396241,-0.014736,0.012588,0.052571,-17.224538,-10.680638,20.154048,0.023409,-0.027108,-0.028143,-82.031951,46.966024,-50.120793,0.016669,-0.042329,-0.058245,-83.443151,48.135234,-46.929476,0.000000,0.000000,0.000000,0.000000,0.000000,0.000000,0.026155,-0.012079,-0.026019,-76.960955,50.754464,-44.737600,0.018349,-0.028475,-0.056644,-74.660547,45.005685,-37.339181,0.013901,-0.042303,-0.082164,-75.429683,47.900580,-34.636009,0.026141,0.002394,-0.026046,-67.841782,56.054414,-39.093091,0.016829,-0.017685,-0.060299,-66.649319,47.752440,-28.281630,0.014245,-0.030885,-0.085737,-65.782573,42.354202,-26.736556,0.051768,8,0.064000,8,0,0,1,0,0,0,0,0,0,0,0,1,0,0,0,0,0,0,0.019563,-10.006629,-16.425098,-29.055956
200,3528254327.467786,-0.037535,0.017506,-0.040009,67.642108,-48.466454,-34.708690,-0.042831,0.003703,-0.012044,69.715555,-43.533869,-45.265513,0.000000,0.000000,0.000000,0.000000,0.000000,0.000000,-0.028965,0.034421,-0.048713,70.704218,-60.339814,-34.515687,-0.040479,0.018959,-0.013908,66.684764,-44.961255,-39.678341,-0.039289,0.011040,0.003717,3.034445,-0.312840,6.281917,-0.041635,0.002074,-0.036338,62.868871,-56.402445,-28.095570,-0.046710,-0.012976,-0.006523,56.696772,-44.123512,-26.880934,-0.047229,-0.022242,0.016053,49.439384,-62.797257,-25.646300,0.043503,-0.005952,-0.013101,-1.653835,19.122415,1.540187,0.063411,0.007174,-0.039227,-5.294671,17.199627,2.931970,0.000000,0.000000,0.000000,0.000000,0.000000,0.000000,0.039850,0.002842,-0.002837,0.170435,17.138694,6.456405,0.059181,0.015152,-0.029180,-4.642453,10.783017,0.826274,0.076935,0.024772,-0.050174,-6.733372,9.030169,4.584903,0.034676,0.011928,0.007923,7.892574,14.620048,13.245649,0.056924,0.025221,-0.024274,-2.470382,5.373599,6.402099,0.075874,0.035101,-0.044706,-3.468826,3.728983,1.910508,0.051896,8,0.065345,8,0,0,1,0,0,0,0,0,0,0,0,1,0,0,0,0,0,0,0.019562,-10.192010,-17.181770,-28.966790
201,3528254327.565004,-0.038114,0.017704,-0.037371,71.171773,-48.161516,-37.358288,-0.044050,0.002654,-0.009637,71.914244,-43.135000,-46.993532,0.000000,0.000000,0.000000,0.000000,0.000000,0.000000,-0.029414,0.034900,-0.045352,75.632704,-60.322004,-39.869575,-0.040964,0.018425,-0.011862,70.536694,-43.928658,-42.747886,-0.038793,0.010804,0.003594,64.465066,-57.250540,-34.936842,-0.042339,0.002111,-0.034229,65.502390,-55.843113,-30.564890,-0.048931,-0.014981,-0.003550,59.267881,-43.463619,-28.550475,-0.048451,-0.023937,0.016834,55.192377,-62.387141,-30.571392,0.042468,-0.006600,-0.010691,0.098343,18.321070,2.011528,0.062285,0.006651,-0.034687,-3.114854,15.878812,3.534481,0.000000,0.000000,0.000000,0.000000,0.000000,0.000000,0.037208,-0.000559,0.004223,3.895522,15.029587,7.502040,0.057778,0.014027,-0.023897,-2.272156,9.769574,1.358134,0.075640,0.023813,-0.043205,-3.820279,7.635115,4.921782,0.032827,0.009637,0.012482,11.065708,12.811933,13.878256,0.055360,0.023764,-0.018215,0.030337,3.584915,6.714468,0.074926,0.034943,-0.039173,-1.213614,2.736487,2.065629,0.051878,8,0.062321,8,0,0,1,0,0,0,0,0,0,0,0,1,0,0,0,0,0,0,0.019560,-10.007313,-16.603538,-28.767340
204,3528254327.858952,-0.038710,0.017183,-0.037768,67.820774,-47.734461,-34.414534,-0.044018,0.002747,-0.009705,70.438676,-43.070758,-45.484321,0.000000,0.000000,0.000000,0.000000,0.000000,0.000000,-0.031065,0.033760,-0.045017,70.920586,-59.510788,-35.898224,-0.039814,0.019346,-0.014092,69.756581,-44.774087,-41.677050,-0.039250,0.010714,0.004385,58.619966,-57.069541,-30.691295,-0.042424,0.001920,-0.034791,63.235465,-55.793457,-28.395258,-0.047948,-0.014098,-0.004371,58.002523,-43.157679,-27.701272,-0.048366,-0.023766,0.018138,51.324445,-61.647359,-26.943187,0.042555,-0.006831,-0.011206,-0.417628,19.041992,1.592489,0.062322,0.006579,-0.036902,-4.063320,16.467371,3.085661,0.000000,0.000000,0.000000,0.000000,0.000000,0.000000,0.038346,0.000896,0.001055,2.238449,16.750970,6.617600,0.057931,0.014075,-0.026020,-3.406186,9.643881,0.945540,0.075799,0.024414,-0.047617,-5.256278,9.523723,5.200115,0.033540,0.010357,0.011028,11.579126,13.470634,13.338797,0.056022,0.024784,-0.022259,-0.690474,5.136144,6.987473,0.074947,0.035045,-0.042659,-2.266263,3.417143,2.035324,0.051935,8,0.063565,8,0,0,1,0,0,0,0,0,0,0,0,1,0,0,0,0,0,0,0.019499,-10.396447,-16.642392,-28.679842
206,3528254328.062570,-0.039072,0.017199,-0.036312,69.961210,-47.621677,-36.568958,-0.043992,0.002684,-0.009441,71.718706,-42.352293,-46.710226,0.000000,0.000000,0.000000,0.000000,0.000000,0.000000,-0.030794,0.034226,-0.044065,-4.240727,-5.359404,2.651206,-0.041727,0.017952,-0.010636,69.309213,-44.592146,-41.345485,-0.038959,0.010598,0.004252,64.380218,-56.730406,-34.370900,-0.043280,0.001509,-0.033062,65.099240,-55.568518,-30.086944,-0.048672,-0.014837,-0.003418,59.415214,-42.816955,-28.212589,-0.048369,-0.024127,0.017566,54.051337,-61.529414,-29.626572,0.042131,-0.007083,-0.010182,0.393646,18.526060,2.015566,0.061759,0.006157,-0.034394,-3.099093,16.386673,3.560432,0.000000,0.000000,0.000000,0.000000,0.000000,0.000000,0.038248,0.001088,0.000894,2.507474,16.874054,6.530666,0.057526,0.013958,-0.024255,-2.370771,9.171774,1.176805,0.075436,0.024301,-0.044877,-3.658696,8.715700,4.894567,0.033175,0.009914,0.011668,9.242865,13.670295,13.234969,0.055690,0.024694,-0.020640,-0.409824,4.765269,6.695797,0.074531,0.034915,-0.039784,-0.732335,2.849302,2.016107,0.051802,8,0.062559,8,0,0,1,0,0,0,0,0,0,0,0,1,0,0,0,0,0,0,0.019594,-10.782859,-16.409791,-28.660609
208,3528254328.258870,-0.038569,0.017081,-0.037056,69.929769,-48.223794,-36.480193,-0.044869,0.002052,-0.008358,70.557116,-43.096739,-45.485083,0.000000,0.000000,0.000000,0.000000,0.000000,0.000000,-0.031971,0.032923,-0.042581,70.088281,-59.082305,-34.962452,-0.041303,0.018143,-0.011529,2.852605,-3.801644,-10.271251,-0.039274,0.010550,0.004441,62.462624,-57.330791,-33.009560,-0.042492,0.001756,-0.034087,64.746967,-55.604236,-29.487390,-0.047952,-0.014076,-0.004565,60.028750,-43.769368,-28.891339,-0.047645,-0.022946,0.016261,54.556489,-62.837453,-29.982590,0.042552,-0.006618,-0.011136,-0.532499,19.009248,2.044261,0.062057,0.005820,-0.034587,-3.506757,15.938595,3.171532,0.000000,0.000000,0.000000,0.000000,0.000000,0.000000,0.037629,-0.000012,0.003008,2.293330,15.544205,6.227389,0.057629,0.013364,-0.023883,-2.743791,9.267632,0.893573,0.076145,0.024584,-0.046779,-5.422228,8.678509,4.857827,0.033488,0.010446,0.010675,8.470508,13.735149,13.413996,0.056096,0.024653,-0.021489,-1.498191,5.141791,6.275070,0.074651,0.033828,-0.038991,-1.297226,3.199241,2.446971,0.051490,8,0.062794,8,0,0,1,0,0,0,0,0,0,0,0,1,0,0,0,0,0,0,0.019592,-10.970049,-16.682323,-28.460250
210,3528254328.458454,-0.038565,0.017464,-0.037115,69.930083,-47.240535,-36.305587,-0.044750,0.002134,-0.008177,71.250158,-42.324277,-45.934954,0.000000,0.000000,0.000000,0.000000,0.000000,0.000000,-0.031998,0.033362,-0.042756,70.904668,-58.600047,-36.169777,-0.041649,0.017951,-0.010610,68.799988,-43.380181,-40.793218,-0.039064,0.010535,0.004688,62.437216,-56.778810,-32.457957,-0.043172,0.001585,-0.033198,63.841757,-55.242334,-28.339950,-0.048660,-0.014783,-0.003054,57.748427,-42.876012,-27.548368,-0.049039,-0.024666,0.019258,53.357529,-61.535500,-28.942201,0.042264,-0.006783,-0.011126,0.099316,19.357741,2.106749,0.061773,0.006475,-0.035849,-3.844538,16.221797,2.360682,0.000000,0.000000,0.000000,0.000000,0.000000,0.000000,0.037870,0.000450,0.001784,2.316150,16.500706,6.524621,0.057372,0.013807,-0.024825,-2.706437,10.638682,0.890965,0.075180,0.024141,-0.045868,-4.521046,9.152276,5.293058,0.033329,0.010168,0.011011,9.634436,14.695747,13.341561,0.055030,0.023624,-0.019262,0.053809,4.980336,6.386653,0.074243,0.034591,-0.040540,-1.644044,5.056332,2.240837,0.051965,8,0.062504,8,0,0,1,0,0,0,0,0,0,0,0,1,0,0,0,0,0,0,0.019572,-10.552474,-15.347218,-28.782985
212,3528254328.657966,-0.057156,-0.002445,-0.001819,-0.940649,-10.353833,3.877105,-0.038396,0.008492,0.020478,-4.977510,-16.083943,-3.427114,0.000000,0.000000,0.000000,0.000000,0.000000,0.000000,-0.061635,0.001420,-0.019566,-1.831504,-13.517866,14.855697,-0.042411,0.017138,0.009011,-5.521228,-12.146106,-0.457573,-0.028030,0.022503,0.018608,-8.312380,-10.363953,13.161764,-0.052510,-0.008338,0.013770,-2.671170,-8.928945,12.899142,-0.031383,0.003795,0.039351,-6.905147,-3.014778,1.935429,-0.014486,0.012318,0.052882,-37.170501,53.142373,-12.834939,0.023388,-0.026831,-0.027947,-81.783255,47.381619,-50.461152,0.015711,-0.042194,-0.059213,-83.126619,48.427906,-46.607570,0.000000,0.000000,0.000000,0.000000,0.000000,0.000000,0.025904,-0.012175,-0.026312,-76.332861,51.313981,-44.708755,0.018188,-0.027934,-0.056527,-75.277700,45.589264,-38.565987,0.013435,-0.041658,-0.082398,-74.270935,47.653868,-33.257043,0.026043,0.002362,-0.026118,-66.359370,57.170277,-39.088124,0.017594,-0.016517,-0.059044,-63.046848,47.092008,-25.812904,0.012851,-0.030881,-0.087025,-67.789929,43.579572,-29.357316,0.051869,8,0.063928,8,0,0,1,0,0,0,0,0,0,0,0,1,0,0,0,0,0,0,0.019545,-10.921787,-16.145222,-28.482409
214,3528254328.857425,-0.038700,0.016589,-0.036886,69.396470,-48.840056,-36.300716,-0.042912,0.003408,-0.011265,72.782238,-44.083591,-47.924882,0.000000,0.000000,0.000000,0.000000,0.000000,0.000000,-0.031386,0.032782,-0.043336,70.846469,-59.969007,-35.926289,-0.041223,0.018108,-0.011792,68.852023,-45.477772,-41.409255,-0.038373,0.011264,0.002743,62.274687,-57.800521,-33.066707,-0.042979,0.001033,-0.033415,64.366738,-56.804131,-29.797135,-0.047861,-0.014001,-0.004805,59.476019,-44.924892,-28.860897,-0.048978,-0.023820,0.017985,51.351445,-62.897067,-28.191625,0.042433,-0.006941,-0.010464,-1.147223,18.145873,1.385291,0.062668,0.006516,-0.036030,-4.768007,16.449607,2.915606,0.000000,0.000000,0.000000,0.000000,0.000000,0.000000,0.037547,-0.000049,0.003229,1.586182,15.230720,6.570032,0.057518,0.012844,-0.023032,-2.961185,9.409480,1.229557,0.076250,0.023868,-0.045934,-5.850433,7.483983,4.471351,0.033309,0.010436,0.010890,7.946620,14.135301,12.777213,0.055704,0.023684,-0.019647,-1.012415,4.153280,5.977549,0.075099,0.033993,-0.040002,-2.464120,1.824547,1.014920,0.051470,8,0.062723,8,0,0,1,0,0,0,0,0,0,0,0,1,0,0,0,0,0,0,0.019576,-10.819821,-16.074875,-28.528564
216,3528254329.060212,-0.037387,0.018195,-0.038456,71.184012,-48.370616,-37.704792,-0.042999,0.003749,-0.011072,73.229007,-43.059197,-48.331220,0.000000,0.000000,0.000000,0.000000,0.000000,0.000000,-0.030617,0.034000,-0.044074,72.335398,-59.347837,-37.398944,-0.041562,0.018249,-0.011011,70.163419,-44.663010,-42.393788,-0.039154,0.010853,0.004217,3.404054,-0.392170,5.671898,-0.042264,0.002304,-0.034436,65.918605,-55.802653,-30.622215,-0.049367,-0.014877,-0.002862,58.088542,-43.495087,-28.559590,-0.049312,-0.024067,0.018335,53.510593,-62.445892,-30.152940,0.042055,-0.007702,-0.009626,-0.020545,18.312768,1.564476,0.062537,0.006513,-0.036108,-3.912237,16.670686,2.672617,0.000000,0.000000,0.000000,0.000000,0.000000,0.000000,0.037728,-0.000124,0.002748,2.563938,15.278943,5.838622,0.057521,0.012752,-0.023005,-2.442837,8.735197,0.719218,0.076496,0.024787,-0.047453,-5.316812,9.527190,4.821564,0.033766,0.010528,0.010062,8.751646,14.172044,13.146532,0.055708,0.023530,-0.019339,0.139542,2.973134,5.378503,0.074956,0.033704,-0.039102,-1.030599,1.561896,1.185610,0.052042,8,0.062757,8,0,0,1,0,0,0,0,0,0,0,0,1,0,0,0,0,0,0,0.019747,-10.828095,-15.917537,-28.614124
218,3528254329.261096,-0.056276,-0.002046,0.000702,-2.897795,-9.943823,4.893864,-0.037138,0.010059,0.023378,-7.632862,-15.571195,-1.984864,0.000000,0.000000,0.000000,0.000000,0.000000,0.000000,-0.060857,0.001704,-0.016390,-64.739761,39.699143,-18.520934,-0.041834,0.017494,0.010090,-6.314394,-11.836386,0.240393,-0.027185,0.023628,0.020133,-9.264845,-10.083726,13.935495,-0.051571,-0.007777,0.015836,-4.109142,-7.954246,13.657802,-0.030497,0.004843,0.040214,-7.772936,-2.623417,2.694457,-0.013198,0.014299,0.054246,-17.386074,-10.223980,20.001350,0.024041,-0.026487,-0.026076,-83.431051,47.257872,-50.963193,0.017870,-0.041598,-0.054623,-83.883534,47.845599,-46.967561,0.000000,0.000000,0.000000,0.000000,0.000000,0.000000,0.027292,-0.011086,-0.023556,-78.637414,51.148735,-46.646054,0.019356,-0.027749,-0.053465,-76.522748,45.273818,-38.797287,0.014171,-0.042360,-0.079368,-76.277303,47.453485,-34.151268,0.026548,0.002879,-0.024736,-69.365950,57.119073,-41.006648,0.015959,-0.018464,-0.059681,-70.078742,48.089815,-30.811966,0.013862,-0.031389,-0.083806,-68.466902,43.013910,-28.805138,0.051868,8,0.062339,8,0,0,1,0,0,0,0,0,0,0,0,1,0,0,0,0,0,0,0.019816,-11.380112,-16.098810,-28.255060
220,3528254329.460430,-0.056622,-0.001601,0.000327,-3.414960,-9.802467,4.559304,-0.037630,0.009830,0.023126,-6.802030,-14.710824,-2.861843,0.000000,0.000000,0.000000,0.000000,0.000000,0.000000,-0.061278,0.001805,-0.018240,-2.933456,-12.932845,15.661496,-0.042060,0.017825,0.010300,-5.950835,-11.968062,-0.939228,-0.027654,0.023259,0.019787,-9.283302,-10.639547,13.761469,-0.052498,-0.008513,0.013679,-3.267946,-8.885503,12.991407,-0.030786,0.004796,0.041294,-8.697337,-2.037906,1.921059,-0.014152,0.013018,0.053744,-15.575694,-10.815638,19.095588,0.023902,-0.026609,-0.027133,-81.844738,47.658249,-50.244848,0.017428,-0.041561,-0.056839,-81.999144,47.927991,-45.658562,0.000000,0.000000,0.000000,0.000000,0.000000,0.000000,0.026934,-0.011433,-0.024707,-76.176552,51.606666,-45.315669,0.019463,-0.027375,-0.054749,-73.900842,44.472329,-36.703513,0.013802,-0.041928,-0.081830,-75.862721,48.533948,-35.298371,0.026005,0.002317,-0.026111,-68.129950,56.861559,-39.433236,0.016284,-0.017839,-0.060687,-67.926070,48.191396,-29.086142,0.013941,-0.030649,-0.085687,-67.312380,42.764851,-28.270550,0.052201,8,0.063405,8,0,0,1,0,0,0,0,0,0,0,0,1,0,0,0,0,0,0,0.019802,-11.261498,-16.159266,-28.100685
222,3528254329.664736,-0.037487,0.017522,-0.039031,68.750891,-49.259574,-35.881386,-0.043148,0.003518,-0.011083,70.618333,-43.391811,-46.293372,0.000000,0.000000,0.000000,0.000000,0.000000,0.000000,-0.030781,0.033196,-0.044981,-5.411358,-6.274899,2.402728,-0.040183,0.019043,-0.013510,69.097841,-45.037606,-41.439473,-0.037975,0.011851,0.002194,60.668189,-58.537961,-32.177286,-0.042146,0.001832,-0.034939,63.157276,-56.292683,-28.517747,-0.048066,-0.013841,-0.004447,57.599218,-43.564482,-27.248041,-0.047940,-0.022569,0.016804,53.758913,-63.031393,-28.955396,0.043016,-0.006537,-0.012158,-1.827056,18.793106,0.814238,0.062372,0.005064,-0.035252,-4.734470,15.946726,2.509613,0.000000,0.000000,0.000000,0.000000,0.000000,0.000000,0.038732,0.001218,0.000096,0.518342,16.132765,5.561488,0.057989,0.012906,-0.024717,-3.280142,9.226950,0.554295,0.076355,0.023149,-0.046871,-6.033296,8.466881,4.178483,0.033872,0.010720,0.009949,7.743977,13.565855,12.818192,0.056604,0.024364,-0.022721,-2.533600,5.173133,5.831875,0.075583,0.033982,-0.042451,-2.875117,4.505781,2.014674,0.051536,8,0.063540,8,0,0,1,0,0,0,0,0,0,0,0,1,0,0,0,0,0,0,0.019850,-11.270407,-15.766046,-28.342639
224,3528254329.871630,-0.038022,0.017623,-0.038290,70.104481,-48.323181,-36.809020,-0.044300,0.002559,-0.009367,70.554105,-43.286837,-46.175520,0.000000,0.000000,0.000000,0.000000,0.000000,0.000000,-0.031200,0.033633,-0.044295,71.407443,-58.918341,-35.999335,-0.041094,0.018464,-0.012085,68.658879,-44.239213,-41.133593,-0.039559,0.010458,0.004843,60.742264,-56.898465,-31.354810,-0.042469,0.001927,-0.034564,63.525051,-56.013146,-28.821686,-0.047263,-0.013456,-0.005551,59.603212,-43.948765,-28.940678,-0.048361,-0.023617,0.017570,52.076305,-62.164652,-28.186883,0.042787,-0.006368,-0.011836,-0.959152,18.809709,1.797700,0.062230,0.006157,-0.035709,-3.575471,16.095163,2.783962,0.000000,0.000000,0.000000,0.000000,0.000000,0.000000,0.038625,0.001398,0.000111,0.915139,16.402680,6.220644,0.057858,0.013840,-0.025118,-2.288396,9.568463,1.294593,0.075955,0.024282,-0.046709,-4.934737,8.572995,4.877222,0.033650,0.010605,0.010415,8.899153,13.778452,13.087390,0.056500,0.025411,-0.023339,-1.741840,6.422848,6.596413,0.074917,0.034595,-0.041053,-1.630525,2.929556,2.069964,0.051824,8,0.063457,8,0,0,1,0,0,0,0,0,0,0,0,1,0,0,0,0,0,0,0.019805,-11.491820,-15.754924,-28.210965
227,3528254330.165440,-0.038055,0.017240,-0.037438,71.055728,-48.298055,-37.268576,-0.044341,0.002224,-0.009153,72.014240,-43.192464,-46.768514,0.000000,0.000000,0.000000,0.000000,0.000000,0.000000,-0.030908,0.033437,-0.043600,72.436921,-59.592280,-36.752996,-0.040786,0.018309,-0.012197,70.482806,-44.670883,-42.043413,-0.039731,0.010025,0.004879,3.298499,-0.987572,5.001201,-0.041215,0.002490,-0.035460,68.068265,-56.841261,-31.492938,-0.048381,-0.014672,-0.004063,59.865137,-44.122244,-29.046201,-0.049737,-0.025053,0.019042,54.908189,-62.351588,-29.435793,0.042498,-0.006489,-0.010793,-0.524789,18.258035,1.613301,0.062717,0.007457,-0.036377,-3.930530,16.915464,3.698663,0.000000,0.000000,0.000000,0.000000,0.000000,0.000000,0.037844,0.000595,0.002173,2.398917,15.469616,6.941994,0.057405,0.013268,-0.022795,-2.250090,8.487115,1.341544,0.075624,0.023622,-0.043583,-4.511966,7.498163,4.815718,0.032145,0.008878,0.014276,10.245726,12.531853,13.878206,0.055471,0.023951,-0.019072,-0.472667,4.854173,6.607954,0.074458,0.033900,-0.037773,-0.816455,0.942648,1.479759,0.052010,8,0.062308,8,0,0,1,0,0,0,0,0,0,0,0,1,0,0,0,0,0,0,0.019787,-11.473979,-15.472362,-28.282581
228,3528254330.267898,-0.055725,-0.000804,0.001886,-2.792274,-9.461066,4.145133,-0.036502,0.011209,0.024967,-7.515354,-14.911387,-2.488485,0.000000,0.000000,0.000000,0.000000,0.000000,0.000000,-0.060239,0.002922,-0.015630,-3.388594,-12.530958,14.848225,-0.041198,0.018644,0.011444,-6.673134,-11.614924,-0.049195,-0.026436,0.024764,0.021749,-9.857298,-10.001178,13.738961,-0.051390,-0.007135,0.016033,-3.746339,-8.401705,12.929276,-0.030330,0.005393,0.040952,-47.299190,30.666554,-16.053626,-0.013469,0.014060,0.053825,-15.213762,-10.950235,18.891340,0.025221,-0.025607,-0.024047,-81.858199,46.822492,-50.744665,0.017293,-0.041775,-0.055264,-84.304282,48.490181,-47.924289,0.000000,0.000000,0.000000,0.000000,0.000000,0.000000,0.027812,-0.010759,-0.022600,-77.999530,50.938564,-46.184946,0.019832,-0.027388,-0.052816,-75.308456,43.946252,-38.198954,0.014686,-0.041834,-0.078737,-76.009748,48.025262,-34.901321,0.027522,0.003509,-0.023240,-68.809374,56.537905,-40.205580,0.017556,-0.017215,-0.057652,-68.235117,47.744199,-29.880651,0.014400,-0.030893,-0.083255,-67.832345,42.077064,-28.761727,0.051921,8,0.061746,8,0,0,1,0,0,0,0,0,0,0,0,1,0,0,0,0,0,0,0.019760,-11.642648,-15.522583,-28.164993
230,3528254330.465876,-0.038486,0.017268,-0.036515,72.622457,-48.159013,-38.265308,-0.044358,0.002013,-0.008840,72.614516,-43.185584,-47.678522,0.000000,0.000000,0.000000,0.000000,0.000000,0.000000,-0.031304,0.033637,-0.042605,74.414584,-58.554900,-38.070948,-0.041916,0.017472,-0.010246,70.577694,-43.637248,-41.249999,-0.039317,0.009999,0.004666,65.117449,-57.263237,-34.826288,-0.043596,0.000887,-0.032232,65.472237,-55.466093,-29.864411,-0.049687,-0.016114,-0.002160,14.189274,-13.728680,-3.518264,-0.048983,-0.025014,0.018008,54.801568,-62.296229,-30.800755,0.042205,-0.006430,-0.010394,0.241428,18.572063,1.977537,0.061214,0.005554,-0.031839,-2.055201,15.352136,4.064800,0.000000,0.000000,0.000000,0.000000,0.000000,0.000000,0.037187,-0.000149,0.003770,3.711918,15.286256,7.642700,0.057226,0.014008,-0.022969,-1.735177,9.184285,1.892027,0.075494,0.025279,-0.044644,-4.692963,8.118172,5.060120,0.032134,0.008941,0.014013,10.378167,12.564192,13.701279,0.055332,0.024703,-0.019397,-1.349949,4.428254,6.242943,0.073857,0.034253,-0.036460,-0.016822,2.433375,2.427072,0.051937,8,0.061757,8,0,0,1,0,0,0,0,0,0,0,0,1,0,0,0,0,0,0,0.019657,-12.099104,-15.207153,-28.029698
234,3528254330.862740,-0.056070,-0.001861,0.001449,-3.470881,-9.627399,5.015802,-0.036886,0.010489,0.024347,-7.205022,-14.652023,-1.974706,0.000000,0.000000,0.000000,0.000000,0.000000,0.000000,-0.060918,0.001137,-0.017023,-3.425633,-12.648196,15.914976,-0.041829,0.017523,0.010425,-6.050555,-11.682251,0.120763,-0.027216,0.023702,0.020370,-10.179150,-10.271209,14.799288,-0.051958,-0.008824,0.014020,-2.698874,-8.199844,13.531492,-0.029992,0.005643,0.042095,-46.114836,31.327384,-14.217000,-0.013208,0.014431,0.054546,-16.179869,-9.781808,20.133053,0.024594,-0.026076,-0.025385,-83.407632,47.118153,-50.637292,0.017386,-0.042011,-0.055544,-84.397407,48.089423,-46.450092,0.000000,0.000000,0.000000,0.000000,0.000000,0.000000,0.027554,-0.010780,-0.023174,-78.530654,50.926720,-45.867788,0.019679,-0.027583,-0.053239,-75.457303,43.887285,-36.850363,0.013116,-0.043147,-0.080788,-78.367848,48.804112,-36.124388,0.025914,0.002391,-0.025665,-69.815087,57.098889,-40.317219,0.016109,-0.018422,-0.059639,-71.111402,48.302463,-31.079845,0.014747,-0.030861,-0.082996,-67.845745,42.536134,-28.065169,0.052157,8,0.062462,8,0,0,1,0,0,0,0,0,0,0,0,1,0,0,0,0,0,0,0.019618,-11.697236,-15.653478,-28.062699
236,3528254331.059680,-0.038449,0.017463,-0.038019,69.173215,-47.567519,-35.854951,-0.043043,0.003502,-0.011299,70.797974,-43.237753,-46.327429,0.000000,0.000000,0.000000,0.000000,0.000000,0.000000,-0.029766,0.034698,-0.046509,72.472272,-59.498851,-36.607230,-0.038960,0.019952,-0.015352,70.563344,-44.869413,-42.291390,-0.039463,0.010524,0.004464,3.353785,-0.212211,6.021438,-0.042348,0.002047,-0.034900,63.604384,-55.351182,-28.018453,-0.048047,-0.014231,-0.004533,58.806156,-43.727345,-28.080691,-0.046740,-0.022393,0.015072,53.563457,-62.331866,-29.109526,0.043214,-0.005633,-0.012953,-0.930719,19.220361,1.450332,0.062740,0.007357,-0.037456,-3.971009,15.954884,3.538598,0.000000,0.000000,0.000000,0.000000,0.000000,0.000000,0.038568,0.001296,0.000533,1.896004,16.220331,6.277195,0.057838,0.013881,-0.024810,-2.312438,8.271112,0.943338,0.076121,0.024982,-0.047514,-5.356434,8.866905,4.784287,0.034092,0.011308,0.009145,9.278285,15.347729,13.910091,0.056334,0.025346,-0.022669,-1.051631,6.409554,6.992851,0.074856,0.034786,-0.040766,-1.227197,2.323678,1.501135,0.051669,8,0.063752,8,0,0,1,0,0,0,0,0,0,0,0,1,0,0,0,0,0,0,0.019589,-12.308556,-15.424032,-27.751710
238,3528254331.258436,-0.038849,0.016688,-0.036560,68.501977,-48.548701,-36.234509,-0.043725,0.003154,-0.010262,71.819872,-44.056441,-47.621288,0.000000,0.000000,0.000000,0.000000,0.000000,0.000000,-0.028845,0.034385,-0.046156,74.690839,-60.405219,-39.002102,-0.041393,0.018252,-0.011494,69.236893,-44.628323,-41.843671,-0.038959,0.011115,0.003580,63.096883,-58.062385,-34.535101,-0.042981,0.001343,-0.033478,63.658400,-56.610914,-29.379374,-0.048910,-0.014339,-0.003782,58.206797,-43.971919,-28.072744,-0.049238,-0.023471,0.017669,53.240132,-63.153632,-29.676572,0.042239,-0.007693,-0.009591,-1.134390,17.570484,0.428551,0.062665,0.005523,-0.034855,-4.705072,15.373297,2.040585,0.000000,0.000000,0.000000,0.000000,0.000000,0.000000,0.036882,-0.001389,0.005389,3.466148,14.100043,6.013653,0.057913,0.012647,-0.023230,-3.008138,8.267069,0.090797,0.076413,0.022786,-0.044445,-5.526031,8.744769,4.463902,0.032843,0.009472,0.012614,9.692159,13.063553,12.798410,0.055739,0.022834,-0.018407,-0.815933,3.889272,5.711808,0.075281,0.032870,-0.038268,-1.733304,-0.320096,0.337255,0.051949,8,0.062276,8,0,0,1,0,0,0,0,0,0,0,0,1,0,0,0,0,0,0,0.019587,-12.339366,-15.508663,-27.632295
240,3528254331.460753,-0.039314,0.017008,-0.036769,66.928936,-47.449079,-34.618616,-0.042970,0.003842,-0.011043,70.847409,-42.676465,-46.461559,0.000000,0.000000,0.000000,0.000000,0.000000,0.000000,-0.030353,0.034269,-0.045706,70.896729,-59.312553,-36.010562,-0.041022,0.018784,-0.012028,67.692813,-43.701508,-40.038623,-0.038526,0.011441,0.003592,60.658914,-56.805110,-31.452198,-0.042756,0.002031,-0.034258,62.664780,-56.048823,-28.802136,-0.048600,-0.014191,-0.003386,55.759274,-42.660828,-26.455692,-0.048094,-0.023005,0.017726,52.712053,-61.719435,-28.502833,0.043024,-0.006091,-0.013261,-1.266025,19.630190,1.370464,0.062512,0.006802,-0.038387,-4.524309,17.452987,3.206368,0.000000,0.000000,0.000000,0.000000,0.000000,0.000000,0.038468,0.000820,0.000464,1.505884,16.939280,5.805727,0.058128,0.014023,-0.027007,-3.106856,10.410528,1.015091,0.075587,0.023122,-0.046615,-4.969896,8.712309,4.655312,0.033777,0.010337,0.010332,9.137994,14.684528,13.280270,0.056062,0.024189,-0.022248,-0.862860,6.800534,6.533005,0.074819,0.033943,-0.041912,-2.062668,3.273123,1.714250,0.051808,8,0.063622,8,0,0,1,0,0,0,0,0,0,0,0,1,0,0,0,0,0,0,0.019465,-12.240095,-14.762783,-27.953953
242,3528254331.658854,-0.038378,0.017556,-0.037583,69.910977,-48.182092,-36.902298,-0.042354,0.004119,-0.012317,72.660970,-43.689648,-47.449860,0.000000,0.000000,0.000000,0.000000,0.000000,0.000000,-0.030158,0.034405,-0.045025,72.615429,-59.988541,-36.976069,-0.040596,0.018920,-0.012807,69.664436,-44.015210,-41.298479,-0.038727,0.011144,0.003143,2.969370,-0.330815,5.916071,-0.042575,0.001984,-0.034382,64.068653,-55.771711,-29.254560,-0.048601,-0.014435,-0.004222,57.768554,-43.181074,-28.000215,-0.048310,-0.023436,0.016576,53.998600,-61.895357,-29.573503,0.043088,-0.006028,-0.012097,-0.445601,18.646185,1.625617,0.062952,0.007130,-0.036471,-3.896952,16.357572,3.427114,0.000000,0.000000,0.000000,0.000000,0.000000,0.000000,0.038111,0.000500,0.002034,2.875717,15.680193,6.430601,0.058654,0.014873,-0.026327,-3.269845,9.588546,0.748220,0.076394,0.024340,-0.045559,-4.593778,7.603666,4.653489,0.033774,0.010699,0.010210,8.669441,14.017810,12.663380,0.056436,0.024875,-0.021326,-0.936667,4.040606,5.827338,0.075057,0.034037,-0.038515,-0.447308,1.407934,1.332122,0.051730,8,0.063467,8,0,0,1,0,0,0,0,0,0,0,0,1,0,0,0,0,0,0,0.019422,-12.386622,-15.937630,-27.536986
244,3528254331.860987,-0.039063,0.016732,-0.036375,71.682770,-47.502205,-36.937185,-0.043906,0.001962,-0.009797,72.789743,-42.814825,-46.251854,0.000000,0.000000,0.000000,0.000000,0.000000,0.000000,-0.031760,0.033450,-0.042901,-3.105706,-6.314530,3.727207,-0.040580,0.018189,-0.012662,71.930404,-44.146127,-41.827055,-0.038298,0.010523,0.002698,65.465373,-56.726787,-33.880205,-0.042049,0.001763,-0.034511,67.715074,-55.445736,-29.962355,-0.048797,-0.016047,-0.003400,13.946439,-13.387880,-2.885617,-0.048701,-0.025703,0.017804,55.368449,-62.427111,-30.328870,0.042258,-0.006170,-0.009927,0.877886,18.268377,3.377064,0.061709,0.007272,-0.033233,-2.657756,15.621809,4.449752,0.000000,0.000000,0.000000,0.000000,0.000000,0.000000,0.037117,-0.000002,0.004418,3.845040,14.926926,7.644204,0.057121,0.014639,-0.022551,-1.542556,8.369542,2.209277,0.075309,0.026176,-0.044163,-3.796204,8.263962,6.063715,0.032757,0.010414,0.012007,9.922557,13.768353,14.615763,0.054687,0.024697,-0.017572,1.445277,3.769005,8.226446,0.074302,0.037042,-0.039750,-1.254268,2.713175,3.217131,0.051723,8,0.062118,8,0,0,1,0,0,0,0,0,0,0,0,1,0,0,0,0,0,0,0.019391,-12.347140,-15.371456,-27.582982
246,3528254332.063696,-0.055202,0.000119,0.004626,-4.063692,-8.239049,4.361412,-0.036788,0.010200,0.024028,-6.553925,-14.946770,-2.372324,0.000000,0.000000,0.000000,0.000000,0.000000,0.000000,-0.060827,0.001887,-0.016643,-2.574628,-12.653149,15.414489,-0.041642,0.017531,0.010372,-5.367710,-11.794140,-0.184260,-0.026995,0.023485,0.020336,-8.605654,-10.339329,13.887740,-0.051212,-0.007377,0.016653,-3.070641,-7.803067,12.708482,-0.029991,0.005055,0.041353,-8.081471,-2.338662,2.255902,-0.013034,0.013735,0.054193,-15.812210,-9.721205,19.400342,0.025812,-0.024993,-0.023482,-81.909471,47.272996,-49.940863,0.017429,-0.041204,-0.055205,-83.613458,48.242041,-46.479721,0.000000,0.000000,0.000000,0.000000,0.000000,0.000000,0.027854,-0.010416,-0.022672,-77.484566,51.435216,-45.728655,0.018436,-0.027766,-0.054585,-77.011278,45.512076,-39.059404,0.014340,-0.041269,-0.079063,-76.794908,48.237675,-35.847191,0.027475,0.003840,-0.023294,-67.077137,57.894143,-39.979064,0.016785,-0.017157,-0.058476,-67.686395,48.499982,-28.830378,0.012611,-0.031260,-0.085087,-70.367718,43.743499,-30.635854,0.051775,8,0.062077,8,0,0,1,0,0,0,0,0,0,0,0,1,0,0,0,0,0,0,0.019378,-12.847187,-14.874313,-27.728185
248,3528254332.259436,-0.039043,0.016738,-0.035817,70.888260,-48.982832,-37.924443,-0.043818,0.002744,-0.009658,72.803888,-43.256046,-47.163162,0.000000,0.000000,0.000000,0.000000,0.000000,0.000000,-0.030853,0.033556,-0.043231,-4.004352,-5.630317,2.665938,-0.041916,0.017613,-0.010334,3.127940,-3.783238,-10.501159,-0.040440,0.009566,0.006237,4.595038,-0.663040,6.145935,-0.042588,0.001707,-0.033512,66.684040,-56.152589,-31.665949,-0.049656,-0.015530,-0.002250,57.953730,-43.177223,-28.061352,-0.048921,-0.024123,0.017717,54.997815,-62.519114,-30.614634,0.041967,-0.007299,-0.009699,-0.543482,18.222579,1.344494,0.061467,0.004924,-0.032294,-2.821726,15.223866,3.372513,0.000000,0.000000,0.000000,0.000000,0.000000,0.000000,0.037470,-0.000046,0.002997,1.697371,15.296450,5.867064,0.057370,0.013214,-0.022974,-2.157225,9.376874,1.263827,0.075633,0.023730,-0.044049,-4.654398,7.954041,4.978810,0.032236,0.008864,0.013853,9.601440,12.641988,13.427972,0.055431,0.023732,-0.018972,-0.982014,4.171663,6.001058,0.074812,0.034438,-0.039428,-2.060301,3.482873,1.992561,0.051954,8,0.061935,8,0,0,1,0,0,0,0,0,0,0,0,1,0,0,0,0,0,0,0.019340,-12.573434,-14.940991,-27.476301
250,3528254332.460246,-0.037198,0.017931,-0.039278,69.838533,-49.212820,-36.969929,-0.044508,0.002514,-0.008959,69.870887,-43.146803,-45.265698,0.000000,0.000000,0.000000,0.000000,0.000000,0.000000,-0.030202,0.033792,-0.045618,-6.063039,-5.431721,2.304537,-0.040377,0.018917,-0.013029,69.074848,-44.748037,-41.633269,-0.038885,0.011104,0.003755,2.445712,-0.148615,5.394347,-0.041879,0.002198,-0.035171,64.010913,-56.193504,-29.337799,-0.048315,-0.014096,-0.003973,58.310711,-43.684794,-28.193443,-0.047714,-0.022573,0.016636,53.076452,-62.869718,-28.769945,0.042651,-0.006825,-0.011542,-0.932154,19.033451,1.020246,0.062494,0.006109,-0.036745,-4.280680,16.470963,2.937514,0.000000,0.000000,0.000000,0.000000,0.000000,0.000000,0.037795,-0.000068,0.002674,1.834992,16.050588,5.943095,0.058056,0.013531,-0.025697,-3.742192,9.714534,0.701438,0.075784,0.022799,-0.045583,-5.087162,8.371290,4.152259,0.033770,0.010604,0.010096,8.453310,14.026577,13.524090,0.056278,0.024263,-0.022189,-1.753596,5.025770,6.191857,0.074969,0.033523,-0.040706,-1.493156,3.069054,1.332863,0.051799,8,0.063155,8,0,0,1,0,0,0,0,0,0,0,0,1,0,0,0,0,0,0,0.019321,-12.610383,-15.338145,-27.457766
252,3528254332.662784,-0.037698,0.017949,-0.037497,71.781747,-48.646998,-38.822314,-0.045109,0.002028,-0.007897,71.192621,-42.841918,-46.496761,0.000000,0.000000,0.000000,0.000000,0.000000,0.000000,-0.029972,0.034399,-0.044181,74.998863,-60.171309,-39.315207,-0.041233,0.018307,-0.011111,70.698963,-44.451968,-42.852558,-0.039733,0.010211,0.005331,64.078560,-57.567167,-34.853568,-0.043254,0.001520,-0.032776,64.798973,-56.146433,-30.283737,-0.049103,-0.014795,-0.003144,59.843564,-43.932664,-29.635303,-0.049339,-0.024271,0.018202,54.865150,-62.511720,-30.776105,0.042230,-0.007004,-0.010472,-0.252698,18.397303,1.456788,0.062199,0.006322,-0.034966,-3.280598,16.615286,2.865492,0.000000,0.000000,0.000000,0.000000,0.000000,0.000000,0.037076,-0.000862,0.004283,3.231863,15.554233,6.466251,0.057167,0.012511,-0.021957,-1.502840,8.619665,0.805949,0.075638,0.023397,-0.043735,-4.377884,8.967366,4.830555,0.032735,0.009302,0.012646,10.416217,13.159639,13.309618,0.055276,0.023114,-0.017933,0.235018,4.339242,5.972526,0.074287,0.032901,-0.036318,0.780021,1.612668,1.325855,0.052111,8,0.061729,8,0,0,1,0,0,0,0,0,0,0,0,1,0,0,0,0,0,0,0.019342,-12.873619,-15.114420,-27.426185
254,3528254332.866808,-0.038956,0.016993,-0.036279,3.562398,-10.016153,-5.459008,-0.044354,0.002485,-0.008898,71.853543,-42.592640,-47.042312,0.000000,0.000000,0.000000,0.000000,0.000000,0.000000,-0.030917,0.033725,-0.043491,73.602846,-59.920804,-38.093476,-0.041074,0.018343,-0.011541,2.751316,-2.707128,-10.014007,-0.039343,0.010453,0.004702,2.194724,-0.738549,5.433204,-0.043009,0.001594,-0.033225,64.749713,-56.015306,-29.951358,-0.049485,-0.015246,-0.002367,58.017441,-42.940436,-27.778435,-0.049575,-0.024679,0.019130,53.478372,-62.107605,-29.506360,0.042091,-0.007131,-0.010327,-0.328299,19.022226,1.578602,0.062129,0.006519,-0.035624,-3.762245,16.284112,2.794603,0.000000,0.000000,0.000000,0.000000,0.000000,0.000000,0.037478,-0.000109,0.002932,3.063459,15.871057,7.089131,0.057326,0.013144,-0.023396,-2.195642,9.128479,0.709166,0.075637,0.024029,-0.045383,-5.649376,8.762529,4.346505,0.033113,0.009941,0.011417,10.585108,13.898714,14.125066,0.055069,0.023159,-0.018202,0.407801,2.930218,6.298280,0.074193,0.033337,-0.037678,-1.235850,1.324503,1.100315,0.052065,8,0.062081,8,0,0,1,0,0,0,0,0,0,0,0,1,0,0,0,0,0,0,0.019274,-12.976345,-15.110486,-27.364591
256,3528254333.070214,-0.038933,0.016870,-0.036129,69.690063,-48.407657,-36.934204,-0.043045,0.003375,-0.010708,73.113794,-42.983682,-47.909964,0.000000,0.000000,0.000000,0.000000,0.000000,0.000000,-0.032776,0.032459,-0.040923,69.881425,-59.134620,-35.870910,-0.042369,0.017369,-0.009630,69.324810,-44.193325,-41.954053,-0.039427,0.010351,0.004757,3.313081,-0.585877,5.547645,-0.042915,0.001467,-0.033201,64.737626,-56.261481,-30.041758,-0.048682,-0.014675,-0.003494,60.045460,-43.941985,-29.323022,-0.049073,-0.024244,0.018204,54.811435,-62.110767,-29.876009,0.042045,-0.007152,-0.010097,-0.744354,18.225251,0.993161,0.061875,0.005928,-0.034355,-3.376411,16.196146,3.195943,0.000000,0.000000,0.000000,0.000000,0.000000,0.000000,0.037287,-0.000343,0.003516,2.283559,15.164366,6.423899,0.057749,0.013976,-0.024794,-3.059622,9.649082,0.659213,0.075595,0.023771,-0.044643,-4.206870,9.524524,6.030615,0.032151,0.008730,0.014104,10.487870,13.243985,13.401099,0.055256,0.023507,-0.018814,-0.880168,4.295726,6.033155,0.074692,0.034300,-0.039594,-2.298372,4.001763,1.612324,0.051580,8,0.062247,8,0,0,1,0,0,0,0,0,0,0,0,1,0,0,0,0,0,0,0.019288,-13.195156,-14.250229,-27.387222
258,3528254333.265130,-0.039155,0.016934,-0.035923,69.393169,-47.769891,-36.138814,-0.043074,0.003284,-0.010586,73.347609,-42.952231,-47.643428,0.000000,0.000000,0.000000,0.000000,0.000000,0.000000,-0.030911,0.033886,-0.043578,-3.846139,-5.534564,2.671998,-0.040776,0.018457,-0.011827,71.143796,-44.173119,-42.676066,-0.040583,0.009361,0.006681,4.313144,-0.720691,5.887086,-0.042601,0.001893,-0.033685,66.150259,-55.536217,-30.778819,-0.048863,-0.015036,-0.003070,59.121600,-42.739879,-28.188509,-0.048913,-0.024522,0.018286,54.290031,-62.344497,-29.811431,0.042244,-0.006688,-0.010816,-0.105149,18.538455,1.504346,0.062143,0.007014,-0.035846,-3.123493,16.845201,3.643959,0.000000,0.000000,0.000000,0.000000,0.000000,0.000000,0.037316,-0.000306,0.003477,2.751986,15.441306,6.316309,0.057164,0.013232,-0.022981,-2.163357,9.287732,1.461976,0.075488,0.024494,-0.045297,-4.526874,9.131711,5.505053,0.032563,0.009192,0.013093,9.694116,13.806904,13.100748,0.055216,0.023848,-0.019013,-0.121125,5.102140,6.504099,0.074122,0.033898,-0.037883,-0.906858,2.389310,1.684881,0.051905,8,0.062164,8,0,0,1,0,0,0,0,0,0,0,0,1,0,0,0,0,0,0,0.019201,-12.924193,-14.626301,-27.588086
260,3528254333.465930,-0.056754,-0.001670,-0.000219,-2.359601,-9.723056,3.851041,-0.038161,0.009134,0.021664,-7.110888,-15.748882,-2.494657,0.000000,0.000000,0.000000,0.000000,0.000000,0.000000,-0.061553,0.001316,-0.019606,-63.079536,39.239541,-17.454941,-0.043007,0.016161,0.007109,-4.709499,-13.328486,-0.105948,-0.028880,0.021447,0.016544,-58.865049,44.880096,-22.533955,-0.052558,-0.008352,0.013763,-3.032415,-8.540008,12.891732,-0.031649,0.003782,0.039115,-7.719435,-3.103192,2.159458,-0.014841,0.012334,0.052547,-13.960290,-10.993562,18.553037,0.024217,-0.026482,-0.026877,-80.594094,47.464800,-49.426238,0.017063,-0.041773,-0.057790,-82.399583,48.514134,-46.593013,0.000000,0.000000,0.000000,0.000000,0.000000,0.000000,0.026674,-0.011733,-0.025271,-75.915101,51.841122,-44.399315,0.018773,-0.027931,-0.056139,-73.676769,45.083394,-36.813066,0.014226,-0.041681,-0.081914,-74.500649,48.081835,-34.077445,0.026378,0.002518,-0.025700,-64.590454,57.835110,-38.000188,0.016140,-0.018042,-0.061350,-66.794455,47.730689,-27.954163,0.014400,-0.030411,-0.085742,-66.086437,42.817854,-28.039963,0.051713,8,0.063770,8,0,0,1,0,0,0,0,0,0,0,0,1,0,0,0,0,0,0,0.019231,-12.831002,-15.036321,-27.677088
264,3528254333.858934,-0.037633,0.018179,-0.039610,69.044556,-47.383286,-35.163807,-0.042361,0.004142,-0.012068,70.303675,-43.533083,-45.668120,0.000000,0.000000,0.000000,0.000000,0.000000,0.000000,-0.032325,0.033199,-0.043962,67.842421,-58.249750,-33.491165,-0.039040,0.020041,-0.015282,69.638243,-44.092289,-40.899926,-0.037884,0.011772,0.002464,2.123174,0.867797,5.706676,-0.042009,0.002495,-0.035604,62.623343,-55.682082,-27.649915,-0.048335,-0.014324,-0.003513,56.628309,-42.379551,-26.491978,-0.047373,-0.022890,0.017248,49.589393,-61.623844,-26.260330,0.043476,-0.005244,-0.014728,-1.431818,20.332640,1.968046,0.062306,0.006821,-0.038486,-3.980121,17.878940,3.981039,0.000000,0.000000,0.000000,0.000000,0.000000,0.000000,0.039561,0.002683,-0.002962,0.880982,17.968310,6.300766,0.057768,0.013728,-0.026300,-2.954279,9.721211,0.595030,0.075776,0.024686,-0.049622,-5.677071,10.094406,5.120461,0.034367,0.011310,0.008603,8.743959,15.083619,13.232299,0.056586,0.025732,-0.025373,-2.621554,6.308726,5.962619,0.075034,0.035610,-0.045372,-2.893903,5.184758,2.486668,0.051617,8,0.064663,8,0,0,1,0,0,0,0,0,0,0,0,1,0,0,0,0,0,0,0.018970,-13.349638,-14.864686,-27.195329
266,3528254334.058911,-0.038072,0.017515,-0.037466,70.898270,-48.831894,-37.201928,-0.042969,0.003513,-0.011166,73.684446,-42.969405,-48.465208,0.000000,0.000000,0.000000,0.000000,0.000000,0.000000,-0.030707,0.033824,-0.043790,72.566810,-59.601945,-37.497864,-0.040100,0.019033,-0.013179,71.437473,-44.506200,-42.757993,-0.039451,0.010433,0.004553,61.694473,-57.425995,-32.899824,-0.041577,0.002565,-0.035205,67.502969,-56.549526,-31.425401,-0.048872,-0.014797,-0.003618,60.141314,-43.494436,-28.581099,-0.048913,-0.024037,0.017546,54.417967,-62.325983,-30.332327,0.042570,-0.006697,-0.010738,-0.158920,18.009745,1.803905,0.062400,0.006230,-0.034598,-3.077741,15.297384,2.838995,0.000000,0.000000,0.000000,0.000000,0.000000,0.000000,0.037786,0.000163,0.002763,2.537700,15.421196,6.016130,0.058031,0.013910,-0.024296,-2.489103,9.624241,1.073553,0.076299,0.024501,-0.045526,-5.302145,8.552125,4.923892,0.033503,0.010449,0.010730,8.484379,13.744854,13.408767,0.055995,0.024371,-0.020197,-0.563080,4.927177,6.153099,0.074843,0.033942,-0.038138,-0.958188,2.278346,1.509254,0.051797,8,0.062767,8,0,0,1,0,0,0,0,0,0,0,0,1,0,0,0,0,0,0,0.018963,-13.883800,-14.302929,-27.171897
268,3528254334.257578,-0.038488,0.017170,-0.037277,70.220186,-48.077885,-36.855399,-0.043052,0.003436,-0.011125,72.433917,-42.887679,-47.448821,0.000000,0.000000,0.000000,0.000000,0.000000,0.000000,-0.031241,0.033426,-0.043727,-4.285577,-6.098970,2.285551,-0.040630,0.018686,-0.012622,70.233368,-44.652949,-42.221959,-0.038680,0.011055,0.003359,62.817604,-57.099722,-32.495982,-0.041815,0.002324,-0.035124,66.182902,-56.264056,-30.208775,-0.048345,-0.014349,-0.004310,12.301324,-13.136843,-4.320091,-0.047914,-0.023110,0.016344,54.684975,-62.553969,-30.037094,0.042668,-0.006550,-0.011268,-0.650080,18.369260,1.671496,0.062124,0.005640,-0.034270,-2.938001,15.940107,3.686387,0.000000,0.000000,0.000000,0.000000,0.000000,0.000000,0.038193,0.000790,0.001424,1.837798,15.569100,6.199127,0.057456,0.012791,-0.022753,-1.560707,8.759536,1.940446,0.076212,0.024310,-0.046135,-5.377808,8.116758,5.005352,0.032621,0.009209,0.013408,9.942688,12.644185,12.797356,0.055964,0.024292,-0.020590,-0.770813,4.177829,5.620302,0.075035,0.034382,-0.040039,-2.165001,2.714960,1.324505,0.051489,8,0.062756,8,0,0,1,0,0,0,0,0,0,0,0,1,0,0,0,0,0,0,0.018864,-13.350137,-15.165458,-27.010431
270,3528254334.459108,-0.038416,0.017126,-0.036829,70.705988,-48.635914,-37.432451,-0.044453,0.002176,-0.009074,71.614990,-42.805701,-46.071804,0.000000,0.000000,0.000000,0.000000,0.000000,0.000000,-0.031392,0.033265,-0.042667,72.851875,-59.756645,-37.390545,-0.041255,0.018024,-0.011475,70.768794,-43.991203,-42.115602,-0.040225,0.009662,0.005628,61.170519,-57.260591,-31.967667,-0.042468,0.001667,-0.033871,66.519281,-56.088106,-30.848438,-0.048503,-0.014772,-0.004103,61.137799,-43.827017,-29.029117,-0.049375,-0.024761,0.018114,52.039127,-63.031096,-29.351327,0.041892,-0.007566,-0.008810,0.386762,17.652835,1.857559,0.062376,0.006713,-0.034610,-3.366780,16.024479,3.399543,0.000000,0.000000,0.000000,0.000000,0.000000,0.000000,0.037332,-0.000222,0.003793,2.737953,15.274327,6.394066,0.056922,0.012362,-0.020637,-1.497772,8.142423,1.284837,0.075752,0.023783,-0.043091,-3.628186,6.931199,5.030896,0.032164,0.008925,0.014170,10.418565,12.574571,13.865415,0.055667,0.024262,-0.019216,-0.940540,4.065264,6.082748,0.074152,0.033098,-0.035275,0.915213,0.254485,1.565887,0.051929,8,0.061659,8,0,0,1,0,0,0,0,0,0,0,0,1,0,0,0,0,0,0,0.018832,-13.277708,-15.049955,-27.017375
272,3528254334.659562,-0.038070,0.017264,-0.036796,72.038193,-48.663241,-38.234740,-0.043703,0.002816,-0.010139,73.552705,-43.391347,-48.090434,0.000000,0.000000,0.000000,0.000000,0.000000,0.000000,-0.031016,0.033315,-0.042406,73.859020,-59.983083,-38.440420,-0.041207,0.018072,-0.011415,71.739078,-44.794971,-43.150369,-0.039080,0.010591,0.003809,65.159188,-58.103975,-35.350020,-0.043092,0.001217,-0.032918,65.888231,-56.821105,-31.196471,-0.049652,-0.015460,-0.002876,59.117213,-43.832008,-28.448250,-0.049851,-0.024753,0.018072,56.692387,-62.445198,-31.511220,0.041472,-0.008373,-0.007450,0.016958,17.116986,1.532317,0.062077,0.005480,-0.032381,-2.848247,15.394453,2.938976,0.000000,0.000000,0.000000,0.000000,0.000000,0.000000,0.036788,-0.001120,0.005344,2.626186,14.057074,6.447942,0.057265,0.012446,-0.020839,-1.760344,7.961243,0.676330,0.076137,0.023622,-0.042721,-4.341759,6.670219,4.778332,0.032263,0.008998,0.013756,8.724626,12.523904,13.150304,0.055608,0.023613,-0.017961,-0.154484,4.134472,6.400433,0.074777,0.033354,-0.035907,0.041969,2.091010,1.853128,0.051848,8,0.061458,8,0,0,1,0,0,0,0,0,0,0,0,1,0,0,0,0,0,0,0.018766,-13.500723,-15.007573,-26.828909
274,3528254334.858650,-0.038016,0.017419,-0.037126,71.635798,-49.122292,-38.407853,-0.043417,0.003283,-0.010745,74.170820,-43.466811,-48.530158,0.000000,0.000000,0.000000,0.000000,0.000000,0.000000,-0.030768,0.033538,-0.042937,73.172552,-59.963055,-38.128741,-0.040092,0.019021,-0.013114,72.630978,-45.233316,-43.642085,-0.039760,0.010370,0.004551,3.831107,-1.436007,5.314208,-0.042938,0.001466,-0.033351,65.389107,-56.422549,-30.967502,-0.049303,-0.014853,-0.003593,59.134142,-43.700458,-28.987526,-0.049921,-0.024408,0.017957,55.265595,-62.944788,-31.509506,0.041691,-0.008295,-0.007847,0.893780,17.230596,1.905600,0.062821,0.006199,-0.034217,-3.443458,15.322767,3.157568,0.000000,0.000000,0.000000,0.000000,0.000000,0.000000,0.038227,0.000830,0.001532,2.181898,14.998946,5.635924,0.058386,0.013859,-0.023989,-2.692828,9.423908,1.737181,0.076378,0.023090,-0.042527,-3.784593,6.761259,4.399390,0.031832,0.008213,0.015390,10.176681,11.524676,12.918754,0.055943,0.023543,-0.018297,-0.274222,3.614184,5.953437,0.075534,0.033912,-0.037938,-0.889314,3.544633,2.374250,0.051919,8,0.062388,8,0,0,1,0,0,0,0,0,0,0,0,1,0,0,0,0,0,0,0.018798,-13.826668,-14.732497,-26.815890
276,3528254335.059581,-0.038436,0.017195,-0.037636,70.111723,-48.131243,-36.721325,-0.043978,0.002660,-0.009998,71.238644,-43.007267,-46.279127,0.000000,0.000000,0.000000,0.000000,0.000000,0.000000,-0.030887,0.033700,-0.044430,71.157356,-59.636967,-35.766152,-0.040545,0.018728,-0.013014,69.888436,-44.180037,-41.381697,-0.039143,0.010700,0.003840,62.448372,-57.546391,-32.481549,-0.042148,0.001946,-0.034876,64.435876,-56.024479,-29.421650,-0.048909,-0.015032,-0.003512,57.444554,-43.353132,-27.057646,-0.047436,-0.022945,0.015663,53.875301,-62.409543,-29.768094,0.042638,-0.006657,-0.010727,-0.474227,18.100726,1.558776,0.062670,0.006904,-0.035954,-3.565659,15.902666,3.262894,0.000000,0.000000,0.000000,0.000000,0.000000,0.000000,0.038160,0.000793,0.001811,2.121176,15.405663,6.736460,0.058232,0.014458,-0.025376,-2.418462,9.407914,1.379570,0.076181,0.024501,-0.045770,-4.742489,7.405414,5.076645,0.033516,0.010625,0.010758,9.321482,12.901815,13.268570,0.055828,0.024358,-0.020036,-0.387208,4.210604,6.835659,0.075257,0.035246,-0.041077,-2.164167,2.389052,2.115849,0.051710,8,0.063273,8,0,0,1,0,0,0,0,0,0,0,0,1,0,0,0,0,0,0,0.018776,-14.035738,-14.996151,-26.855720
278,3528254335.259308,-0.039131,0.017026,-0.036242,69.855780,-47.986267,-36.717926,-0.042989,0.003374,-0.011035,73.102312,-43.357979,-47.669760,0.000000,0.000000,0.000000,0.000000,0.000000,0.000000,-0.031011,0.034014,-0.043731,-3.544648,-5.833167,3.031418,-0.040194,0.018945,-0.012977,71.612604,-44.149691,-42.992478,-0.039411,0.010244,0.004709,63.200612,-57.050959,-33.191089,-0.041847,0.002481,-0.034906,67.168432,-55.625633,-31.266164,-0.048729,-0.014989,-0.003565,59.425786,-42.986208,-28.421170,-0.049022,-0.024742,0.018170,54.136051,-61.952759,-29.852930,0.042581,-0.006336,-0.011180,0.031529,18.135733,2.073180,0.062541,0.007635,-0.036405,-3.449016,16.833043,4.013694,0.000000,0.000000,0.000000,0.000000,0.000000,0.000000,0.037976,0.000641,0.001926,2.908026,15.700632,6.943607,0.057253,0.013288,-0.022556,-0.852526,8.697818,1.496934,0.075873,0.025157,-0.045815,-4.099828,8.890959,5.750981,0.032867,0.009692,0.012429,10.337302,13.051028,14.014039,0.055726,0.024710,-0.020196,-0.245923,5.138526,6.357512,0.074792,0.035348,-0.040090,-1.423042,3.711053,2.703257,0.051846,8,0.062870,8,0,0,1,0,0,0,0,0,0,0,0,1,0,0,0,0,0,0,0.018747,-14.256466,-14.851487,-26.541215
280,3528254335.460156,-0.038183,0.017722,-0.037545,71.832025,-47.609475,-37.885651,-0.043474,0.002983,-0.010113,72.617710,-42.681366,-47.498984,0.000000,0.000000,0.000000,0.000000,0.000000,0.000000,-0.032384,0.033151,-0.042163,-2.851231,-6.178174,3.095008,-0.040134,0.018965,-0.012972,71.736331,-44.255299,-42.917572,-0.038478,0.010886,0.003532,63.759093,-56.869108,-33.815660,-0.043578,0.001154,-0.032648,64.509376,-55.455368,-29.689706,-0.048888,-0.015165,-0.002957,58.832725,-42.577409,-27.760508,-0.048074,-0.023980,0.017342,53.713023,-62.299528,-29.794908,0.042119,-0.006940,-0.010351,0.181764,19.108915,2.424517,0.062007,0.007098,-0.035949,-3.706952,16.994254,3.633762,0.000000,0.000000,0.000000,0.000000,0.000000,0.000000,0.038116,0.001020,0.001110,2.537763,16.362584,6.966561,0.057268,0.013803,-0.023885,-1.282386,9.880008,2.012028,0.075173,0.024239,-0.044715,-3.972067,8.340310,5.675086,0.033110,0.010058,0.011577,9.963785,13.400203,13.958561,0.055580,0.024865,-0.020949,-0.770964,5.194274,6.463363,0.074089,0.034464,-0.038799,0.518668,3.241918,2.363537,0.051546,8,0.062470,8,0,0,1,0,0,0,0,0,0,0,0,1,0,0,0,0,0,0,0.018764,-13.905278,-14.364414,-26.729663
282,3528254335.659722,-0.039348,0.016476,-0.035931,70.221876,-47.770753,-36.772887,-0.043565,0.002699,-0.010037,72.480088,-43.082948,-46.920322,0.000000,0.000000,0.000000,0.000000,0.000000,0.000000,-0.031940,0.033067,-0.042623,71.510275,-58.699829,-35.820330,-0.040903,0.018183,-0.011937,70.522162,-44.176676,-41.778285,-0.038695,0.010646,0.003632,63.677109,-57.610781,-33.133194,-0.041914,0.002063,-0.034642,66.582144,-56.049838,-30.420214,-0.048640,-0.015162,-0.003320,58.346648,-43.259430,-27.968074,-0.048718,-0.024637,0.018132,15.814806,-1.578153,15.889805,0.042264,-0.006680,-0.010370,0.064941,18.366500,2.261778,0.061725,0.006174,-0.033986,-3.307015,15.808514,3.762879,0.000000,0.000000,0.000000,0.000000,0.000000,0.000000,0.037309,-0.000173,0.003785,2.275322,15.290765,6.443396,0.056978,0.013140,-0.022276,-1.383131,8.266713,1.950751,0.075136,0.023838,-0.043568,-4.105131,7.800509,5.596724,0.033274,0.010525,0.010855,9.518858,14.254097,13.992766,0.055097,0.024034,-0.018838,-0.007282,3.676204,6.275099,0.074229,0.034676,-0.038919,-0.183931,2.268647,2.468941,0.051610,8,0.061893,8,0,0,1,0,0,0,0,0,0,0,0,1,0,0,0,0,0,0,0.018730,-14.179439,-14.447249,-27.036071
284,3528254335.864450,-0.056607,-0.002026,0.000815,-2.839235,-9.463200,4.574490,-0.037542,0.009358,0.022983,-6.459573,-14.872992,-1.982818,0.000000,0.000000,0.000000,0.000000,0.000000,0.000000,-0.061370,0.001726,-0.016900,-62.683165,39.759238,-16.921509,-0.042503,0.016649,0.009140,-5.350746,-11.517131,0.102116,-0.028159,0.022140,0.018453,-58.947212,45.788814,-21.979603,-0.051970,-0.008332,0.015389,-3.859751,-8.064202,13.194867,-0.030344,0.004660,0.041642,-8.357586,-0.909800,2.092023,-0.014438,0.011864,0.051481,-14.881463,-10.674194,19.322815,0.023919,-0.026413,-0.027209,-82.428327,48.129623,-50.596207,0.016060,-0.042081,-0.058299,-83.723729,48.858459,-46.876552,0.000000,0.000000,0.000000,0.000000,0.000000,0.000000,0.026155,-0.011746,-0.025865,-77.772221,51.183590,-45.311069,0.018797,-0.027458,-0.055247,-74.567620,44.768318,-36.802198,0.012689,-0.042229,-0.082523,-76.308719,48.513716,-34.948983,0.025887,0.002600,-0.026134,-67.153023,57.927412,-38.740166,0.016133,-0.017493,-0.060340,-66.793021,48.893766,-28.488586,0.012332,-0.031236,-0.086760,-68.191703,43.680372,-28.538260,0.051690,8,0.063744,8,0,0,1,0,0,0,0,0,0,0,0,1,0,0,0,0,0,0,0.018736,-14.596201,-14.261680,-26.540903
286,3528254336.067424,-0.055516,-0.000303,0.004015,-3.440717,-8.359114,4.471660,-0.036988,0.009952,0.023613,-6.249016,-14.338878,-2.664685,0.000000,0.000000,0.000000,0.000000,0.000000,0.000000,-0.061210,0.001446,-0.017115,-64.880349,39.853954,-18.416995,-0.041557,0.017865,0.011066,-5.397838,-11.704543,-0.156852,-0.026974,0.023615,0.020587,-9.437685,-9.824610,14.256627,-0.051735,-0.008185,0.015127,-3.705911,-8.264503,13.296924,-0.030659,0.004010,0.039175,-6.643519,-2.628362,2.261903,-0.013330,0.013240,0.053153,-15.667046,-10.158686,19.623422,0.024397,-0.025937,-0.025663,-82.574458,47.815882,-50.659532,0.016956,-0.041446,-0.055804,-84.414845,48.333135,-47.014506,0.000000,0.000000,0.000000,0.000000,0.000000,0.000000,0.026271,-0.011630,-0.025127,-78.392060,51.229545,-46.033279,0.020180,-0.026506,-0.052342,-73.953841,44.014293,-36.833596,0.012689,-0.042206,-0.080937,-78.270302,49.057164,-36.769527,0.027088,0.003585,-0.023974,-67.460418,57.632338,-39.727686,0.015345,-0.018166,-0.060338,-69.866821,48.732331,-30.607297,0.012864,-0.030943,-0.084727,-68.368003,44.129617,-30.025463,0.051618,8,0.062516,8,0,0,1,0,0,0,0,0,0,0,0,1,0,0,0,0,0,0,0.018698,-14.134512,-15.327991,-26.342909
288,3528254336.269156,-0.037734,0.017789,-0.038902,68.856808,-48.898893,-36.253674,-0.042891,0.003793,-0.011707,71.750715,-43.325126,-46.884400,0.000000,0.000000,0.000000,0.000000,0.000000,0.000000,-0.031891,0.033130,-0.043630,-3.719999,-6.853282,2.995767,-0.040292,0.019158,-0.013580,3.024572,-3.520726,-9.971212,-0.038435,0.011546,0.002711,60.412050,-57.669554,-31.566062,-0.040959,0.003022,-0.036718,65.544156,-56.047358,-30.184706,-0.047629,-0.013513,-0.005561,11.245200,-12.900867,-4.354965,-0.048261,-0.023104,0.016905,52.355930,-62.359810,-28.624655,0.042899,-0.006758,-0.011439,-0.807338,18.125270,0.677993,0.063038,0.006676,-0.037166,-4.334431,16.502770,2.777581,0.000000,0.000000,0.000000,0.000000,0.000000,0.000000,0.040140,0.003310,-0.003834,-0.038194,17.220701,6.128155,0.058328,0.013665,-0.025290,-2.909026,9.689365,0.575427,0.076748,0.024392,-0.047695,-5.297001,8.353770,4.557323,0.033857,0.010588,0.010414,8.696388,13.669571,13.107550,0.056890,0.025128,-0.023196,-2.286496,6.127206,6.128155,0.075763,0.034795,-0.042296,-1.565398,4.079143,2.452942,0.051617,8,0.064288,8,0,0,1,0,0,0,0,0,0,0,0,1,0,0,0,0,0,0,0.018492,-14.318364,-14.677032,-26.659435
290,3528254336.467992,-0.038234,0.017823,-0.037786,70.224754,-47.809134,-36.562494,-0.042350,0.004018,-0.012016,72.553562,-43.413302,-47.158927,0.000000,0.000000,0.000000,0.000000,0.000000,0.000000,-0.030821,0.034284,-0.044383,72.890110,-59.164953,-36.906387,-0.040824,0.018637,-0.012181,69.687918,-43.671763,-41.220668,-0.038399,0.011144,0.003180,63.080616,-56.582877,-33.593324,-0.042313,0.002296,-0.034620,64.257804,-54.933094,-28.696674,-0.048694,-0.014848,-0.003579,58.845547,-42.355831,-27.815334,-0.048487,-0.024207,0.017672,52.938014,-61.663559,-28.533904,0.042422,-0.006836,-0.010695,0.208767,18.596225,1.335240,0.062187,0.006697,-0.035544,-2.978843,15.991216,3.590455,0.000000,0.000000,0.000000,0.000000,0.000000,0.000000,0.038801,0.001774,-0.000402,1.877665,16.705746,6.685274,0.057705,0.014027,-0.024487,-1.839337,8.994919,1.615257,0.076071,0.025542,-0.047383,-4.607045,9.356559,5.568571,0.033289,0.010011,0.011633,11.214569,13.325963,13.887425,0.056206,0.025392,-0.022119,-0.633183,5.656108,6.362943,0.074504,0.034517,-0.039075,0.400249,2.326364,2.237505,0.051774,8,0.063201,8,0,0,1,0,0,0,0,0,0,0,0,1,0,0,0,0,0,0,0.018435,-14.341652,-15.221484,-26.650904
294,3528254336.860656,-0.054773,-0.000043,0.005142,-3.563645,-8.154689,4.014760,-0.034914,0.012111,0.027244,-7.531146,-13.749651,-2.766677,0.000000,0.000000,0.000000,0.000000,0.000000,0.000000,-0.060097,0.002933,-0.013094,-3.137575,-11.429742,15.446844,-0.040331,0.018819,0.012903,-6.756114,-10.396043,-0.233468,-0.025237,0.025243,0.023059,-61.706318,46.519200,-24.922728,-0.050314,-0.006777,0.017989,-3.698446,-7.290602,13.263494,-0.027511,0.007479,0.045114,-47.428818,31.815884,-16.124944,-0.010235,0.016249,0.057166,-15.943608,-7.960190,18.829479,0.025131,-0.025056,-0.023183,-85.073383,47.415779,-52.575755,0.016929,-0.041084,-0.052960,-86.297738,49.103586,-49.291049,0.000000,0.000000,0.000000,0.000000,0.000000,0.000000,0.027214,-0.010620,-0.022679,-81.252042,51.155567,-48.721179,0.019290,-0.026787,-0.051057,-77.063857,45.428445,-39.347702,0.012944,-0.041795,-0.077159,-78.838622,48.690161,-36.993512,0.027940,0.004448,-0.022089,-69.205146,58.644887,-42.232786,0.015523,-0.017701,-0.057590,-72.243366,49.464748,-32.412928,0.013199,-0.030424,-0.081011,-69.032014,43.678337,-29.483735,0.052359,8,0.060456,8,0,0,1,0,0,0,0,0,0,0,0,1,0,0,0,0,0,0,0.018531,-15.187351,-14.106176,-26.221820
296,3528254337.062346,-0.056918,-0.002442,-0.000554,-2.553877,-9.679065,4.930677,-0.037424,0.009793,0.023251,-7.143305,-15.003448,-2.356198,0.000000,0.000000,0.000000,0.000000,0.000000,0.000000,-0.061737,0.000872,-0.018877,-2.307782,-13.000427,15.253230,-0.042778,0.016242,0.007865,-5.076741,-11.946091,-0.607715,-0.027426,0.023451,0.020151,-9.787859,-9.669204,14.354740,-0.051686,-0.007451,0.016637,-5.280822,-7.229568,13.835800,-0.031220,0.003744,0.038795,-7.586877,-2.690911,2.302987,-0.013894,0.012965,0.053019,-16.203132,-9.801040,19.671305,0.023421,-0.026913,-0.027596,-82.783909,47.498789,-51.079388,0.016257,-0.042260,-0.057658,-84.144004,47.965639,-46.961050,0.000000,0.000000,0.000000,0.000000,0.000000,0.000000,0.026137,-0.012018,-0.025857,-1.899724,-2.874137,0.068877,0.018054,-0.028343,-0.055994,-75.887070,45.436282,-38.177211,0.012434,-0.042823,-0.082479,-77.575936,48.310822,-35.529017,0.026117,0.002470,-0.025864,-67.262718,57.657209,-39.212321,0.017041,-0.017159,-0.059024,-65.550164,48.140719,-26.982413,0.012968,-0.031323,-0.085856,-67.781434,43.917115,-29.376926,0.051937,8,0.063637,8,0,0,1,0,0,0,0,0,0,0,0,1,0,0,0,0,0,0,0.018447,-14.584658,-15.324992,-26.282482
298,3528254337.258302,-0.038256,0.017465,-0.037809,68.230276,-48.564231,-36.166894,-0.043609,0.003469,-0.010390,70.898149,-43.518567,-47.018304,0.000000,0.000000,0.000000,0.000000,0.000000,0.000000,-0.029743,0.034249,-0.045772,72.059885,-60.367672,-37.758124,-0.040396,0.019179,-0.012967,69.792832,-44.793390,-42.204864,-0.038512,0.011614,0.003184,61.003600,-57.846913,-32.944458,-0.042533,0.002029,-0.034438,63.409500,-56.795453,-29.486235,-0.048793,-0.014055,-0.003696,57.128377,-43.421656,-27.932941,-0.047934,-0.022303,0.016379,52.914860,-62.324445,-29.261995,0.042473,-0.007535,-0.010582,-0.287155,18.772501,1.230264,0.062855,0.005925,-0.036767,-4.468246,16.393608,2.336123,0.000000,0.000000,0.000000,0.000000,0.000000,0.000000,0.038202,0.000240,0.001721,2.122684,15.737370,6.095995,0.058202,0.012949,-0.024905,-3.363357,8.799128,0.485087,0.076679,0.023553,-0.047469,-5.742071,9.472509,4.744997,0.033931,0.010489,0.010030,9.029704,13.888322,12.708366,0.056642,0.024119,-0.022142,-1.673034,4.672965,4.964461,0.075431,0.033166,-0.040314,-0.993106,3.245402,1.862763,0.051736,8,0.063450,8,0,0,1,0,0,0,0,0,0,0,0,1,0,0,0,0,0,0,0.018404,-14.661756,-14.163163,-26.570938
300,3528254337.458502,-0.038470,0.017274,-0.037079,70.032814,-48.377908,-37.117634,-0.043360,0.003256,-0.010588,72.205877,-43.285087,-47.154615,0.000000,0.000000,0.000000,0.000000,0.000000,0.000000,-0.030909,0.033722,-0.043763,72.765776,-58.910155,-37.669155,-0.041184,0.018335,-0.011627,69.575844,-44.436225,-41.910112,-0.039716,0.010296,0.005074,60.915137,-58.078278,-32.899411,-0.042482,0.001910,-0.034142,64.728798,-55.998958,-29.557585,-0.049122,-0.014942,-0.003120,58.301698,-43.555727,-28.145452,-0.048677,-0.023750,0.017372,15.704073,-1.756833,15.244601,0.042589,-0.006663,-0.011119,-0.443658,19.076127,1.628095,0.062209,0.005893,-0.034634,-3.588401,15.788628,2.905236,0.000000,0.000000,0.000000,0.000000,0.000000,0.000000,0.037765,0.000090,0.002633,2.264249,15.535493,6.396331,0.057640,0.013175,-0.023460,-2.070994,9.449875,1.243301,0.076017,0.023849,-0.045094,-4.905709,7.931413,4.997541,0.033414,0.010214,0.010950,9.639738,14.448297,13.517546,0.055596,0.023609,-0.019060,0.780595,4.763511,6.227933,0.074588,0.033323,-0.037651,0.027373,1.680259,2.326658,0.051870,8,0.062360,8,0,0,1,0,0,0,0,0,0,0,0,1,0,0,0,0,0,0,0.018375,-14.841613,-14.005967,-26.610157
302,3528254337.661618,-0.056636,-0.002400,-0.000177,-2.224734,-9.855618,4.416486,-0.037767,0.009159,0.022155,-7.350585,-15.414018,-1.674447,0.000000,0.000000,0.000000,0.000000,0.000000,0.000000,-0.061281,0.001108,-0.018131,-2.543332,-13.261972,15.717306,-0.042465,0.016671,0.008796,-5.287668,-12.076764,-0.228144,-0.027364,0.023573,0.020455,-10.000949,-10.260994,14.485706,-0.052271,-0.008868,0.013729,-3.012666,-8.739552,13.692326,-0.031038,0.004084,0.039628,-7.673853,-2.317130,1.756851,-0.013770,0.013415,0.053913,-16.366539,-10.135617,19.728256,0.024291,-0.026308,-0.026418,-82.088007,47.011804,-49.807110,0.018529,-0.040990,-0.054920,-81.831255,47.094980,-45.146238,0.000000,0.000000,0.000000,0.000000,0.000000,0.000000,0.027789,-0.010641,-0.023275,-75.711038,51.025564,-44.216083,0.018725,-0.028000,-0.055342,-74.908192,44.801905,-37.171320,0.014392,-0.041797,-0.080495,-75.653698,47.672424,-33.975561,0.026784,0.003161,-0.024731,-66.655068,56.818745,-39.251872,0.016033,-0.018135,-0.060539,-69.314569,48.209028,-30.059484,0.015045,-0.030054,-0.083676,-64.950797,41.598716,-26.172780,0.051976,8,0.062732,8,0,0,1,0,0,0,0,0,0,0,0,1,0,0,0,0,0,0,0.018344,-15.336118,-14.901067,-26.237366
304,3528254337.857592,-0.038024,0.017273,-0.037015,72.281530,-48.427321,-38.692107,-0.044248,0.002272,-0.009128,73.182767,-42.763257,-47.619439,0.000000,0.000000,0.000000,0.000000,0.000000,0.000000,-0.030883,0.033410,-0.042974,74.190755,-59.957946,-38.496484,-0.042184,0.017348,-0.009970,70.016504,-44.624272,-41.986158,-0.040502,0.009432,0.006229,63.250663,-57.539298,-33.501831,-0.041724,0.002150,-0.034493,68.492379,-56.711666,-32.490509,-0.050096,-0.016029,-0.001732,58.958073,-43.465645,-28.764416,-0.049362,-0.024598,0.018165,54.221809,-62.823682,-30.533541,0.041814,-0.007516,-0.008940,0.167635,17.770359,1.583317,0.061395,0.004769,-0.031450,-3.169318,15.062108,3.036002,0.000000,0.000000,0.000000,0.000000,0.000000,0.000000,0.036959,-0.000707,0.004601,2.896178,14.979384,6.586756,0.056939,0.012446,-0.021004,-1.371514,8.664365,1.666479,0.075789,0.024091,-0.044004,-4.614498,9.135468,5.386735,0.032144,0.008917,0.013963,10.751913,12.938538,13.727801,0.055617,0.024098,-0.019273,-0.771090,4.617097,6.316171,0.074201,0.033203,-0.035950,-0.617230,1.230688,1.590766,0.052154,8,0.061413,8,0,0,1,0,0,0,0,0,0,0,0,1,0,0,0,0,0,0,0.018141,-14.907138,-14.220636,-26.491382
306,3528254338.059548,-0.055234,0.000349,0.004865,-55.720643,31.473403,-18.237088,-0.035830,0.011404,0.026593,-7.065056,-13.723637,-2.918625,0.000000,0.000000,0.000000,0.000000,0.000000,0.000000,-0.060774,0.002803,-0.015545,-1.897036,-12.158083,14.679492,-0.040588,0.019247,0.013518,-6.250818,-10.349422,-0.877369,-0.026007,0.024554,0.022565,-9.088627,-8.861143,14.075908,-0.051140,-0.007132,0.016934,-3.411952,-7.932015,13.114652,-0.029417,0.005271,0.042305,-7.375947,-1.585476,1.720565,-0.012736,0.013157,0.053869,-14.678187,-10.110992,18.925243,0.023881,-0.025915,-0.026098,-83.264405,47.949116,-51.744682,0.016874,-0.040675,-0.055365,-83.777313,49.142292,-47.718010,0.000000,0.000000,0.000000,0.000000,0.000000,0.000000,0.027002,-0.010833,-0.023794,-78.043183,52.511123,-46.761872,0.018917,-0.026670,-0.053507,-75.103667,45.476386,-37.784304,0.013214,-0.040800,-0.079727,-75.488888,49.109009,-35.155404,0.027306,0.003906,-0.023449,-67.209637,57.918795,-39.611522,0.015680,-0.017128,-0.059381,-68.391461,49.197261,-30.091272,0.012779,-0.029874,-0.084188,-68.590624,44.553089,-30.243675,0.052066,8,0.061953,8,0,0,1,0,0,0,0,0,0,0,0,1,0,0,0,0,0,0,0.018044,-16.439944,-14.494539,-26.128334
308,3528254338.257512,-0.038765,0.017094,-0.036909,70.109460,-47.871758,-36.638957,-0.043189,0.003319,-0.010803,72.539220,-43.363865,-47.645896,0.000000,0.000000,0.000000,0.000000,0.000000,0.000000,-0.031721,0.033235,-0.043076,-3.063059,-5.787385,3.450920,-0.040752,0.018595,-0.012301,69.933288,-44.097294,-41.713827,-0.038702,0.010966,0.003456,3.133256,-0.049988,5.592924,-0.043399,0.001195,-0.033047,63.058846,-56.127184,-28.288397,-0.049780,-0.015600,-0.002063,57.347368,-43.151200,-27.124116,-0.048403,-0.023694,0.017300,16.300073,-1.887895,15.412765,0.042347,-0.006933,-0.010642,-0.271024,18.560739,1.442071,0.062197,0.006285,-0.035346,-3.503856,16.148792,2.990861,0.000000,0.000000,0.000000,0.000000,0.000000,0.000000,0.037918,0.000461,0.001994,2.365093,16.353465,6.658358,0.057655,0.013557,-0.024188,-2.972882,9.005145,1.150079,0.075906,0.024363,-0.046139,-4.996689,8.266862,4.891690,0.033262,0.010183,0.011208,9.643488,13.397583,13.394423,0.056203,0.024974,-0.022047,-1.133194,5.501892,6.575776,0.074801,0.034413,-0.040035,-1.609802,3.191560,2.244911,0.051751,8,0.062940,8,0,0,1,0,0,0,0,0,0,0,0,1,0,0,0,0,0,0,0.018012,-15.500776,-14.339097,-26.095782
310,3528254338.457406,-0.037856,0.017833,-0.038531,69.228448,-47.714722,-35.950267,-0.043820,0.003149,-0.010156,69.799860,-43.364120,-46.106739,0.000000,0.000000,0.000000,0.000000,0.000000,0.000000,-0.030496,0.034046,-0.045112,70.883404,-59.500250,-36.225832,-0.039549,0.019632,-0.014287,69.249789,-44.432979,-41.008440,-0.039707,0.010585,0.004957,59.821815,-56.819929,-31.763199,-0.043388,0.001350,-0.033454,61.706739,-55.798567,-27.551634,-0.048782,-0.014419,-0.003600,56.720903,-43.064511,-27.080507,-0.047909,-0.022796,0.016563,52.572245,-62.508809,-29.192533,0.043045,-0.006331,-0.012404,-1.410940,18.641112,0.676302,0.062713,0.006402,-0.036816,-4.106723,16.359990,2.972153,0.000000,0.000000,0.000000,0.000000,0.000000,0.000000,0.038066,0.000174,0.002125,2.958460,15.595103,6.552095,0.058115,0.013517,-0.025209,-3.284509,8.580259,0.485763,0.076371,0.024097,-0.047292,-5.290984,8.309701,4.663966,0.034102,0.010938,0.009327,8.391425,15.102175,13.042857,0.056604,0.024790,-0.022731,-1.082610,5.663819,6.401386,0.075232,0.034038,-0.040881,-1.272810,2.539271,1.656751,0.051922,8,0.063642,8,0,0,1,0,0,0,0,0,0,0,0,1,0,0,0,0,0,0,0.017889,-15.226440,-14.579954,-26.197062
312,3528254338.660769,-0.039429,0.016618,-0.036004,67.957700,-47.728244,-35.592849,-0.042757,0.003765,-0.011267,72.775582,-43.044884,-47.669181,0.000000,0.000000,0.000000,0.000000,0.000000,0.000000,-0.030777,0.033723,-0.044225,72.126902,-59.638822,-36.885378,-0.040107,0.019055,-0.013103,70.873609,-44.570719,-42.432105,-0.039073,0.010810,0.004208,3.789527,-0.304811,5.677630,-0.043253,0.001361,-0.033177,62.663931,-55.777114,-28.197115,-0.048859,-0.014662,-0.003138,57.954623,-43.740650,-28.549325,-0.047992,-0.023100,0.016970,54.147991,-62.351897,-30.303795,0.041705,-0.008116,-0.008941,-0.255232,18.391431,1.117680,0.062726,0.007407,-0.038024,-4.536582,17.384849,3.505772,0.000000,0.000000,0.000000,0.000000,0.000000,0.000000,0.037608,-0.000202,0.002948,2.304709,15.402022,6.594189,0.057561,0.013193,-0.024172,-2.403257,9.612507,0.993797,0.000000,0.000000,0.000000,0.000000,0.000000,0.000000,0.033141,0.009804,0.011755,8.925208,13.675358,13.076460,0.055724,0.023904,-0.020489,-0.444703,4.497602,6.214836,0.074387,0.033239,-0.038634,0.048321,3.006366,1.891523,0.051557,8,0.058479,7,0,0,1,0,0,0,0,0,0,0,0,1,0,0,1,0,0,0,0.017871,-15.604293,-14.155549,-25.922604
314,3528254338.867350,-0.055916,-0.001216,0.002214,-2.292805,-8.750822,4.221927,-0.036503,0.010387,0.024421,-6.386177,-14.826874,-2.830290,0.000000,0.000000,0.000000,0.000000,0.000000,0.000000,-0.060538,0.002969,-0.014501,-3.592789,-11.548227,15.680744,-0.040849,0.018799,0.012746,-6.204644,-10.634312,-0.773382,-0.027008,0.023182,0.019969,-60.838909,46.381477,-24.268239,-0.050643,-0.006434,0.018772,-5.051139,-6.582500,13.484459,-0.029959,0.004661,0.040440,-7.005490,-2.181417,1.954488,-0.012141,0.014261,0.055230,-15.442009,-9.410908,19.470674,0.024390,-0.025776,-0.025262,-83.545943,47.347735,-51.431932,0.017111,-0.041029,-0.054839,-83.906259,48.780789,-47.089675,0.000000,0.000000,0.000000,0.000000,0.000000,0.000000,0.027149,-0.010870,-0.023563,-78.373063,52.193167,-46.128891,0.019272,-0.026860,-0.052866,-75.477699,44.986613,-38.203534,0.013613,-0.041268,-0.078983,-76.395679,47.864274,-35.045699,0.027624,0.004077,-0.023012,-67.089794,57.878204,-39.846759,0.015669,-0.017630,-0.059239,-69.740121,48.895866,-31.201978,0.012772,-0.030620,-0.083996,-67.702377,43.965080,-28.526688,0.051779,8,0.061808,8,0,0,1,0,0,0,0,0,0,0,0,1,0,0,0,0,0,0,0.017718,-15.732262,-13.871453,-25.952654
316,3528254339.071244,-0.039147,0.016632,-0.034910,4.733171,-11.851239,-6.638702,-0.044189,0.002691,-0.009251,74.551623,-43.178532,-49.805316,0.000000,0.000000,0.000000,0.000000,0.000000,0.000000,-0.030843,0.033316,-0.041635,74.220008,-59.393858,-38.730461,-0.040860,0.018354,-0.011377,73.834830,-45.086172,-45.373863,-0.040584,0.009636,0.006102,4.288807,-2.103840,4.908292,-0.042662,0.001776,-0.032995,67.535163,-56.932216,-32.298044,-0.050032,-0.015321,-0.002527,61.050971,-44.269409,-30.974452,-0.050616,-0.024801,0.018609,55.888059,-63.646799,-32.790532,0.041161,-0.008753,-0.007092,0.990632,17.140353,1.568639,0.062069,0.005192,-0.032156,-3.293235,14.985290,2.892948,0.000000,0.000000,0.000000,0.000000,0.000000,0.000000,0.036761,-0.001070,0.004799,2.487051,14.919533,5.622852,0.056895,0.011500,-0.019514,-1.029981,8.198220,0.842686,0.075653,0.021880,-0.039958,-4.017855,6.638738,4.257439,0.032034,0.008528,0.014092,10.285781,12.388174,12.750005,0.055584,0.022990,-0.017373,-0.648777,4.256667,5.867496,0.075163,0.033244,-0.036513,-1.932766,1.873406,1.395976,0.051991,8,0.060996,8,0,0,1,0,0,0,0,0,0,0,0,1,0,0,0,0,0,0,0.017596,-15.519394,-14.710792,-26.248795
318,3528254339.268750,-0.038046,0.017738,-0.038162,70.178991,-47.780556,-36.069742,-0.042912,0.003462,-0.011348,72.842651,-43.091109,-47.293270,0.000000,0.000000,0.000000,0.000000,0.000000,0.000000,-0.031901,0.033422,-0.043281,-4.149768,-5.927227,3.008783,-0.039910,0.019192,-0.013765,70.536037,-44.153635,-41.673929,-0.038608,0.010964,0.003160,3.161054,-0.154443,5.795782,-0.041810,0.002436,-0.035330,65.417086,-55.711051,-30.038975,-0.047703,-0.014111,-0.005029,59.063860,-43.005749,-27.519608,-0.047520,-0.023304,0.016060,53.457385,-62.373705,-29.494640,0.043246,-0.005358,-0.013007,-0.363239,19.246093,2.139259,0.062530,0.007251,-0.036309,-3.094566,16.626955,3.824830,0.000000,0.000000,0.000000,0.000000,0.000000,0.000000,0.037697,0.000004,0.003225,2.747022,15.087649,6.999415,0.057669,0.013865,-0.023997,-2.273159,9.013101,1.131503,0.076016,0.025181,-0.046578,-4.633192,8.690253,5.487535,0.033349,0.010376,0.011274,9.305266,14.018666,13.101775,0.056310,0.025589,-0.022354,-1.144011,5.661498,6.232467,0.075003,0.035549,-0.041105,-1.266617,3.215890,2.314772,0.051412,8,0.063461,8,0,0,1,0,0,0,0,0,0,0,0,1,0,0,0,0,0,0,0.017594,-15.832737,-13.923492,-26.119726
320,3528254339.465958,-0.055991,-0.000688,0.001721,-2.297621,-9.331504,3.528205,-0.036700,0.010646,0.024007,-6.789158,-15.018201,-2.772584,0.000000,0.000000,0.000000,0.000000,0.000000,0.000000,-0.060689,0.002957,-0.016115,-3.082968,-12.212640,14.650535,-0.041331,0.018286,0.010822,-5.928295,-11.316699,-1.281721,-0.027454,0.022711,0.018491,-61.100132,45.544601,-24.284370,-0.051393,-0.006875,0.016395,-3.104586,-7.294277,12.459105,-0.029909,0.005472,0.041548,-46.692129,31.010095,-15.644186,-0.012474,0.014426,0.055346,-15.823719,-9.589882,18.506979,0.024050,-0.026217,-0.025613,-82.825810,47.490828,-51.437954,0.017601,-0.040978,-0.054341,-82.808685,48.312080,-46.587016,0.000000,0.000000,0.000000,0.000000,0.000000,0.000000,0.027073,-0.011191,-0.023630,-78.346198,51.652190,-46.661997,0.018311,-0.027839,-0.054394,-76.118310,44.422808,-38.788834,0.011927,-0.042554,-0.081327,-78.219014,49.060738,-36.886460,0.026061,0.002331,-0.025404,-68.801408,57.193761,-41.603505,0.016048,-0.017666,-0.059161,-68.102175,48.868815,-30.123266,0.012954,-0.030874,-0.084324,-68.152147,42.692119,-28.635090,0.051879,8,0.062389,8,0,0,1,0,0,0,0,0,0,0,0,1,0,0,0,0,0,0,0.017518,-15.941684,-14.175366,-25.938268
324,3528254339.861177,-0.038935,0.016845,-0.036876,69.871887,-48.143218,-36.125908,-0.042785,0.003413,-0.011514,72.062370,-43.437171,-46.966467,0.000000,0.000000,0.000000,0.000000,0.000000,0.000000,-0.030100,0.034230,-0.045401,73.542162,-59.313780,-37.386071,-0.040446,0.018707,-0.012993,70.847109,-44.350734,-42.354649,-0.039666,0.010150,0.004745,4.242355,-1.021734,6.124097,-0.043099,0.001189,-0.033532,63.291709,-56.332131,-28.431987,-0.048519,-0.014875,-0.003842,59.076785,-43.680436,-28.903551,-0.047825,-0.023543,0.016513,51.552344,-62.965501,-28.971346,0.042664,-0.006277,-0.011239,-0.325312,18.665907,1.662744,0.062020,0.006111,-0.034314,-2.987037,16.393684,3.849242,0.000000,0.000000,0.000000,0.000000,0.000000,0.000000,0.038456,0.001433,0.000608,1.980481,16.182698,7.492311,0.057547,0.013619,-0.023500,-2.020688,8.960606,1.645613,0.075780,0.024363,-0.045134,-4.141513,8.095884,5.701329,0.033816,0.011152,0.009656,8.914443,14.500512,13.418309,0.055730,0.024635,-0.020400,-0.583549,4.879860,7.035767,0.074667,0.034727,-0.039542,-0.990778,2.250131,2.232791,0.051742,8,0.062729,8,0,0,1,0,0,0,0,0,0,0,0,1,0,0,0,0,0,0,0.017291,-16.094907,-13.864853,-25.913367
326,3528254340.060464,-0.055480,-0.000889,0.003533,-3.064916,-8.544790,4.427390,-0.036213,0.010745,0.024896,-8.326087,-14.148548,-1.476499,0.000000,0.000000,0.000000,0.000000,0.000000,0.000000,-0.060506,0.002354,-0.014422,-3.395725,-11.532071,16.089625,-0.040555,0.019239,0.013497,-6.948444,-9.964792,-0.307214,-0.026141,0.024578,0.021867,-10.169580,-9.155748,14.087495,-0.050252,-0.006184,0.019576,-4.660211,-6.561285,13.841531,-0.029131,0.005933,0.042335,-47.037041,31.992387,-15.641243,-0.011891,0.014996,0.055156,-17.298473,-8.986626,19.753728,0.024194,-0.026055,-0.025279,-84.929992,47.275903,-52.342945,0.017962,-0.041017,-0.053108,-84.754537,49.053563,-47.975507,0.000000,0.000000,0.000000,0.000000,0.000000,0.000000,0.028051,-0.010219,-0.022083,-78.425599,51.822125,-46.218416,0.018309,-0.028000,-0.053608,-77.238583,44.833151,-38.976473,0.014216,-0.041660,-0.077484,-76.988276,48.031004,-35.530216,0.028004,0.004410,-0.022403,-70.705576,56.816622,-41.499255,0.016032,-0.017831,-0.058273,-70.456569,49.114482,-31.054180,0.012677,-0.031500,-0.083340,-69.624718,43.569961,-30.210456,0.052047,8,0.061459,8,0,0,1,0,0,0,0,0,0,0,0,1,0,0,0,0,0,0,0.017154,-16.395853,-13.901699,-25.906234
328,3528254340.259872,-0.037864,0.018072,-0.038946,2.309338,-9.816392,-5.556479,-0.042793,0.004138,-0.011540,70.477131,-43.153001,-46.261366,0.000000,0.000000,0.000000,0.000000,0.000000,0.000000,-0.030476,0.034248,-0.045733,-5.174843,-4.804561,2.950453,-0.039842,0.019687,-0.013874,69.221947,-44.261450,-41.123841,-0.037705,0.012188,0.002122,61.073939,-57.252879,-32.346274,-0.043392,0.001652,-0.033691,61.089972,-55.497518,-27.519878,-0.047967,-0.013493,-0.004579,57.542651,-43.239690,-27.804698,-0.047889,-0.022617,0.017066,49.529452,-62.432227,-26.891180,0.043591,-0.005570,-0.014479,-1.010378,19.925991,1.548946,0.062532,0.005917,-0.037256,-4.327232,16.493203,2.079498,0.000000,0.000000,0.000000,0.000000,0.000000,0.000000,0.039269,0.001735,-0.001556,0.741711,17.062947,5.952276,0.058236,0.013487,-0.026298,-2.877404,9.412869,0.595756,0.076336,0.023824,-0.048332,62.959931,-26.440532,-14.865382,0.034063,0.010498,0.010015,9.379845,13.627920,12.762333,0.056262,0.023923,-0.021898,-0.328121,4.404645,5.768339,0.075462,0.034261,-0.043037,-1.721816,4.105437,1.627781,0.051675,8,0.064091,8,0,0,1,0,0,0,0,0,0,0,0,1,0,0,0,0,0,0,0.017099,-15.695294,-15.099375,-25.763754
330,3528254340.458118,-0.038168,0.017556,-0.037613,71.079356,-47.882133,-36.811238,-0.043941,0.002591,-0.009737,71.200683,-43.030613,-46.454087,0.000000,0.000000,0.000000,0.000000,0.000000,0.000000,-0.031092,0.033758,-0.043697,71.828477,-59.294633,-36.517785,-0.040597,0.018655,-0.012554,70.855342,-44.323665,-41.930880,-0.039141,0.010485,0.004165,64.021371,-57.387483,-34.126012,-0.043254,0.001216,-0.033183,64.781113,-55.560023,-29.617790,-0.048756,-0.015034,-0.003524,58.980138,-43.202683,-28.296726,-0.048455,-0.024137,0.017343,53.066723,-62.183796,-28.925637,0.042449,-0.006662,-0.010577,0.312884,18.583139,2.422774,0.061868,0.005842,-0.033587,-3.042150,15.823051,3.357305,0.000000,0.000000,0.000000,0.000000,0.000000,0.000000,0.038516,0.001489,0.000436,2.255517,16.566975,7.027899,0.057813,0.014162,-0.024316,-2.242007,8.749672,1.240032,0.075714,0.024355,-0.044604,-3.679231,8.595933,5.106600,0.032889,0.009745,0.012474,10.187825,13.049444,13.332402,0.055658,0.024472,-0.019853,-0.509288,5.532980,6.630127,0.074557,0.034454,-0.038496,-0.107752,2.509937,2.327624,0.051812,8,0.062511,8,0,0,1,0,0,0,0,0,0,0,0,1,0,0,0,0,0,0,0.016965,-15.864947,-15.188680,-25.702898
332,3528254340.658421,-0.038674,0.016908,-0.036577,70.690408,-48.654996,-37.215462,-0.042650,0.003582,-0.011635,74.293981,-43.022140,-48.092471,0.000000,0.000000,0.000000,0.000000,0.000000,0.000000,-0.030702,0.033653,-0.043559,73.574207,-60.211927,-37.589498,-0.040837,0.018341,-0.012138,71.212480,-44.753054,-42.668739,-0.039771,0.010082,0.004791,3.598331,-1.133595,5.397203,-0.043366,0.000945,-0.032814,64.932785,-56.114975,-29.660493,-0.048294,-0.014499,-0.004510,60.409868,-44.008842,-29.790301,-0.049700,-0.024903,0.018472,54.189128,-62.626150,-30.136613,0.042713,-0.006178,-0.011148,-0.223917,18.411304,1.862371,0.062237,0.006217,-0.033849,-3.430000,15.893947,3.991788,0.000000,0.000000,0.000000,0.000000,0.000000,0.000000,0.037868,0.000612,0.002236,1.853761,15.296107,6.516568,0.058026,0.014227,-0.024231,-2.729453,8.975274,1.292484,0.076367,0.024966,-0.045487,-5.113994,8.499226,4.969655,0.033186,0.010296,0.011285,9.053411,13.381707,13.613814,0.055691,0.024125,-0.019055,-0.423925,3.453422,6.259929,0.074592,0.033743,-0.036816,-0.865231,0.797216,1.924143,0.051815,8,0.062543,8,0,0,1,0,0,0,0,0,0,0,0,1,0,0,0,0,0,0,0.016849,-16.459837,-14.561748,-25.395618
334,3528254340.858744,-0.038141,0.017449,-0.038027,70.122864,-48.004298,-36.203214,-0.043433,0.003113,-0.010488,71.220392,-42.868585,-46.287424,0.000000,0.000000,0.000000,0.000000,0.000000,0.000000,-0.031590,0.033264,-0.043666,70.643879,-59.462254,-35.172996,-0.041167,0.018285,-0.011862,69.523040,-44.275285,-41.461014,-0.038590,0.011101,0.003271,3.053753,0.311143,5.709655,-0.043091,0.001320,-0.033593,63.311280,-55.692839,-27.481883,-0.048359,-0.014486,-0.003958,12.682760,-12.657359,-3.564491,-0.048655,-0.023977,0.018120,50.505609,-62.304549,-27.340763,0.042671,-0.006484,-0.011538,-1.206920,18.947633,1.375785,0.062177,0.006180,-0.035618,-3.672554,16.845397,3.937430,0.000000,0.000000,0.000000,0.000000,0.000000,0.000000,0.038547,0.001315,0.000337,1.247472,15.824277,6.147342,0.057475,0.013166,-0.023742,-2.117057,8.820274,1.408808,0.075856,0.024166,-0.046403,-5.294269,9.195601,5.259245,0.034313,0.011574,0.008262,6.960869,14.763049,12.539662,0.056451,0.025394,-0.023299,-2.276838,5.977085,6.551493,0.074290,0.033341,-0.038182,0.234469,2.168758,1.650814,0.051761,8,0.063013,8,0,0,1,0,0,0,0,0,0,0,0,1,0,0,0,0,0,0,0.016721,-16.322101,-14.515460,-25.723538
336,3528254341.058842,-0.038527,0.017413,-0.037380,70.589025,-48.163498,-37.031758,-0.043021,0.003446,-0.011099,72.216585,-42.691077,-47.150955,0.000000,0.000000,0.000000,0.000000,0.000000,0.000000,-0.032187,0.033223,-0.042681,-3.211235,-6.700643,2.963227,-0.039422,0.019546,-0.014299,71.643080,-44.780070,-42.997327,-0.038477,0.011072,0.003177,63.519135,-56.719297,-33.489378,-0.043647,0.001076,-0.032861,62.983795,-55.689429,-28.661110,-0.048489,-0.014704,-0.003873,58.646312,-43.492353,-28.227229,-0.048524,-0.024144,0.017656,52.111356,-62.031369,-27.975667,0.042543,-0.006609,-0.011005,-0.346555,18.842597,1.494570,0.062623,0.007548,-0.036935,-3.809026,16.877014,3.536392,0.000000,0.000000,0.000000,0.000000,0.000000,0.000000,0.038630,0.001545,0.000207,66.035718,-41.003319,-30.068617,0.057582,0.013724,-0.023926,-2.114603,9.199649,1.384565,0.076121,0.025429,-0.047328,-5.039330,9.346996,6.010787,0.033432,0.010417,0.010958,9.018093,13.812398,14.396100,0.056460,0.025797,-0.023021,-1.389878,5.277965,6.322544,0.074736,0.034886,-0.040008,-0.542627,3.786376,2.590961,0.051604,8,0.063472,8,0,0,1,0,0,0,0,0,0,0,0,1,0,0,0,0,0,0,0.016579,-16.435452,-13.784072,-25.689807
338,3528254341.256018,-0.038788,0.017824,-0.038006,68.761295,-46.968891,-35.421902,-0.043573,0.003284,-0.010280,70.171252,-42.158965,-45.771645,0.000000,0.000000,0.000000,0.000000,0.000000,0.000000,-0.030911,0.034666,-0.045677,69.961132,-58.166821,-34.446580,-0.040207,0.019404,-0.013408,68.651023,-43.552174,-40.649476,-0.038115,0.011559,0.002944,60.131372,-56.422392,-31.281318,-0.041922,0.002953,-0.035810,64.446843,-54.707254,-28.702133,-0.047831,-0.013962,-0.004419,56.612479,-42.151260,-26.693986,-0.048160,-0.023944,0.018339,51.313095,-60.780041,-26.755614,0.043863,-0.004281,-0.016053,-0.983126,20.478023,2.273933,0.062204,0.007199,-0.038090,-3.469812,17.315564,3.272015,0.000000,0.000000,0.000000,0.000000,0.000000,0.000000,0.039306,0.002344,-0.002091,1.732815,17.351351,6.480651,0.057812,0.014354,-0.026544,-1.944437,10.392715,1.797999,0.075718,0.025410,-0.049156,63.444058,-25.721963,-14.173977,0.033971,0.010751,0.010010,10.676384,14.320163,13.584457,0.056651,0.026425,-0.025664,-2.049712,6.307356,6.379351,0.074855,0.036062,-0.044402,-1.418873,3.872904,1.912411,0.051975,8,0.064678,8,0,0,1,0,0,0,0,0,0,0,0,1,0,0,0,0,0,0,0.016459,-16.420681,-14.603243,-25.564843
340,3528254341.459044,-0.039077,0.016918,-0.035835,70.922695,-47.862987,-37.544934,-0.043587,0.002725,-0.010083,73.694813,-42.339190,-47.638211,0.000000,0.000000,0.000000,0.000000,0.000000,0.000000,-0.031523,0.033574,-0.042299,74.081789,-59.056083,-37.875457,-0.040243,0.018673,-0.012658,72.144739,-44.000232,-42.649493,-0.040123,0.009466,0.005651,4.716183,-0.758196,6.093802,-0.042383,0.001934,-0.033878,67.149662,-55.911619,-31.529172,-0.049388,-0.015765,-0.002741,58.962545,-43.156026,-27.861698,-0.049249,-0.025195,0.018117,56.523754,-62.294107,-31.527957,0.041713,-0.007497,-0.008642,1.117380,18.294608,2.483593,0.061817,0.006595,-0.033476,-2.708009,16.019008,3.607507,0.000000,0.000000,0.000000,0.000000,0.000000,0.000000,0.036577,-0.001217,0.005735,4.553465,15.093582,7.436105,0.057374,0.014051,-0.022986,-1.802656,9.060081,1.571564,0.075772,0.025486,-0.044844,-3.818035,8.646071,5.628928,0.032546,0.009542,0.012810,9.300799,13.451574,13.368538,0.055750,0.025196,-0.020258,-0.969316,5.160170,6.826680,0.074404,0.035131,-0.038094,-0.436689,2.749593,2.419467,0.051896,8,0.062165,8,0,0,1,0,0,0,0,0,0,0,0,1,0,0,0,0,0,0,0.016360,-16.727206,-14.832467,-25.400147
342,3528254341.664274,-0.039055,0.016883,-0.036480,70.050709,-48.000982,-36.367190,-0.043899,0.002460,-0.009854,72.199076,-42.994226,-47.038149,0.000000,0.000000,0.000000,0.000000,0.000000,0.000000,-0.030366,0.034283,-0.044690,74.232009,-59.328824,-37.758424,-0.039552,0.019241,-0.014061,72.213919,-43.997771,-42.605801,-0.038914,0.010513,0.003727,63.771675,-56.662082,-33.544427,-0.042631,0.001613,-0.033953,65.993882,-55.924514,-29.476697,-0.049124,-0.015563,-0.003011,59.132870,-43.606293,-28.474835,-0.047958,-0.024011,0.016568,54.854790,-62.495514,-30.796195,0.042529,-0.006273,-0.010975,0.251535,18.443072,2.647487,0.062434,0.007654,-0.036035,-3.478231,16.896712,4.290376,0.000000,0.000000,0.000000,0.000000,0.000000,0.000000,0.038154,0.001168,0.001311,2.214252,16.317803,6.743027,0.057474,0.014028,-0.023534,-1.941563,9.654544,1.896943,0.075607,0.024874,-0.044756,-3.896866,8.415653,6.063170,0.032831,0.009888,0.012330,9.976926,13.428745,13.907352,0.055604,0.024878,-0.020103,-0.662720,4.797745,6.354103,0.074658,0.035609,-0.040027,-0.835507,3.988384,2.731612,0.051753,8,0.062814,8,0,0,1,0,0,0,0,0,0,0,0,1,0,0,0,0,0,0,0.016217,-16.670897,-15.076870,-25.487770
344,3528254341.864374,-0.056702,-0.002419,-0.000134,-1.087663,-10.182987,4.728355,-0.037668,0.008657,0.021897,-6.023966,-15.487858,-2.012731,0.000000,0.000000,0.000000,0.000000,0.000000,0.000000,-0.061705,0.000942,-0.018604,-1.899470,-13.093292,15.330377,-0.042336,0.016528,0.009152,-3.979936,-11.371392,-0.471042,-0.028187,0.021547,0.017743,-7.129228,-10.864755,14.000646,-0.052217,-0.009039,0.013633,-1.396684,-8.869431,13.329687,-0.030001,0.004471,0.041647,-7.242369,-1.917260,2.465206,-0.013268,0.012617,0.053743,-15.243900,-10.511235,19.389774,0.023999,-0.025885,-0.026719,-82.332919,48.442664,-50.455235,0.016517,-0.040970,-0.057131,-83.691224,48.761925,-46.844525,0.000000,0.000000,0.000000,0.000000,0.000000,0.000000,0.027636,-0.010241,-0.023368,-75.967019,51.925520,-44.212236,0.017679,-0.027465,-0.056174,-76.886244,46.065563,-38.762485,0.013221,-0.040782,-0.081133,-75.798461,48.813126,-34.898768,0.025986,0.003019,-0.025626,-67.478609,58.555631,-39.681040,0.016056,-0.016725,-0.059799,-66.916236,49.412320,-29.281886,0.013817,-0.029046,-0.084344,-5.825982,22.242671,-8.838857,0.051835,8,0.062734,8,0,0,1,0,0,0,0,0,0,0,0,1,0,0,0,0,0,0,0.016150,-17.164431,-14.416558,-25.240011
346,3528254342.068266,-0.057480,-0.003070,-0.002841,-0.798129,-10.995444,3.929300,-0.038495,0.008494,0.021116,-6.130067,-15.792046,-2.620303,0.000000,0.000000,0.000000,0.000000,0.000000,0.000000,-0.062004,0.000630,-0.021073,-1.187684,-14.089061,14.721880,-0.043552,0.015279,0.005949,-3.596022,-13.505387,-0.384575,-0.028396,0.022187,0.018518,-8.338137,-11.331896,14.237888,-0.053322,-0.009860,0.010896,-1.530602,-9.460971,13.018294,-0.031893,0.003076,0.038741,-7.190917,-3.037296,2.159380,-0.015187,0.011393,0.051992,-14.624843,-11.476350,19.070617,0.022818,-0.027204,-0.029549,-80.939121,48.081367,-49.421877,0.017320,-0.041118,-0.058137,-81.576607,49.606793,-45.705100,0.000000,0.000000,0.000000,0.000000,0.000000,0.000000,0.026851,-0.011352,-0.025304,-74.400048,51.972575,-42.877093,0.018026,-0.027969,-0.057746,-73.755696,45.749956,-36.837625,0.000000,0.000000,0.000000,0.000000,0.000000,0.000000,0.027334,0.003690,-0.024299,-62.314005,57.243382,-36.100077,0.017101,-0.016724,-0.060459,-64.514358,47.258074,-27.065103,0.013824,-0.030019,-0.087133,-66.040468,43.073838,-27.727547,0.051979,8,0.059957,7,0,0,1,0,0,0,0,0,0,0,0,1,0,0,1,0,0,0,0.016031,-16.489095,-15.520051,-25.532746
348,3528254342.268732,-0.057246,-0.003354,-0.002451,-2.628198,-10.924713,4.770483,-0.039094,0.007701,0.019360,-5.338520,-16.683520,-2.181391,0.000000,0.000000,0.000000,0.000000,0.000000,0.000000,-0.061849,-0.000361,-0.021620,-2.353389,-14.573507,15.993347,-0.043536,0.015319,0.006181,-4.542330,-13.162068,-0.026589,-0.029064,0.021633,0.017190,-58.858008,44.349607,-22.376965,-0.052865,-0.009479,0.012451,-3.430463,-8.912283,13.720267,-0.032085,0.003428,0.038878,-8.544716,-3.139282,2.806521,-0.015283,0.012510,0.053044,-37.701610,51.666038,-11.338824,0.024780,-0.026321,-0.026836,-80.031531,46.600223,-47.821528,0.018113,-0.041810,-0.057712,-81.665339,48.317564,-44.946270,0.000000,0.000000,0.000000,0.000000,0.000000,0.000000,0.025952,-0.012417,-0.026912,-76.432714,50.903389,-44.240558,0.019245,-0.028185,-0.056653,-73.226727,44.109589,-35.990900,0.014845,-0.042192,-0.082703,-75.421971,47.931051,-34.209865,0.025715,0.002000,-0.027002,-64.482313,56.892844,-36.370292,0.017231,-0.017743,-0.060924,-65.155555,46.120319,-25.978879,0.014569,-0.031144,-0.086922,-67.164404,42.521052,-27.947983,0.052018,8,0.064335,8,0,0,1,0,0,0,0,0,0,0,0,1,0,0,0,0,0,0,0.016065,-17.172350,-13.870358,-25.328524
350,3528254342.467476,-0.037889,0.017884,-0.038773,68.540182,-47.805897,-35.884263,-0.043773,0.003131,-0.009891,69.378255,-43.084835,-45.544905,0.000000,0.000000,0.000000,0.000000,0.000000,0.000000,-0.031858,0.033306,-0.043891,69.047655,-58.998964,-34.276965,-0.040974,0.018729,-0.012160,67.260524,-43.995573,-39.803506,-0.039572,0.010625,0.005188,58.946120,-56.852917,-31.090133,-0.043295,0.001484,-0.033612,61.199679,-55.212978,-27.602600,-0.047679,-0.013584,-0.004719,11.346906,-11.975501,-3.989081,-0.047942,-0.023049,0.017643,51.622716,-61.782042,-27.614647,0.043266,-0.005667,-0.013970,-1.166181,19.601759,1.258292,0.062341,0.006395,-0.037707,-4.293910,17.130960,3.101153,0.000000,0.000000,0.000000,0.000000,0.000000,0.000000,0.038667,0.001153,-0.000095,1.228876,16.947925,6.133260,0.058004,0.013852,-0.026648,-2.824602,10.599864,1.127303,0.075744,0.023813,-0.047919,-4.542384,10.041492,5.562717,0.033572,0.010169,0.010877,8.964834,14.913350,12.723270,0.056498,0.025109,-0.024188,-1.893810,7.030036,6.752048,0.074715,0.033953,-0.041809,-1.448760,2.258201,1.434488,0.051794,8,0.063865,8,0,0,1,0,0,0,0,0,0,0,0,1,0,0,0,0,0,0,0.015907,-17.132667,-14.861428,-25.201105
354,3528254342.861271,-0.039375,0.016418,-0.035683,68.740700,-48.308248,-35.848148,-0.043049,0.003339,-0.010657,73.193249,-43.439468,-47.933521,0.000000,0.000000,0.000000,0.000000,0.000000,0.000000,-0.031859,0.032779,-0.042324,71.338654,-59.397375,-36.689610,-0.042895,0.017010,-0.008907,68.805002,-44.675632,-41.778931,-0.039968,0.010004,0.005637,2.891316,-0.660334,5.722402,-0.042523,0.001667,-0.033710,65.508527,-56.492373,-30.558136,-0.048910,-0.014800,-0.003051,58.741790,-43.400360,-28.100183,-0.048999,-0.023997,0.018290,16.584302,-2.058050,16.004686,0.042462,-0.006643,-0.011196,-0.806771,18.444280,1.509092,0.061781,0.005411,-0.034087,-3.391870,16.262039,3.335450,0.000000,0.000000,0.000000,0.000000,0.000000,0.000000,0.037850,0.000452,0.001904,2.157902,16.118845,6.657018,0.057406,0.013003,-0.023498,-2.472904,9.279859,0.864025,0.075667,0.023589,-0.045226,-5.268770,8.785337,5.199896,0.032547,0.009189,0.013151,8.748362,13.139401,12.740225,0.055234,0.023195,-0.018648,-0.721782,3.840565,5.772026,0.074616,0.033808,-0.039521,-0.890544,3.572032,1.933821,0.051749,8,0.062212,8,0,0,1,0,0,0,0,0,0,0,0,1,0,0,0,0,0,0,0.015774,-17.447973,-15.221180,-24.894750
356,3528254343.061162,-0.038660,0.016996,-0.036306,71.185716,-48.663676,-38.032890,-0.043184,0.003305,-0.010579,73.644005,-43.783440,-48.528860,0.000000,0.000000,0.000000,0.000000,0.000000,0.000000,-0.030130,0.033987,-0.044011,73.732698,-59.499157,-38.126303,-0.041591,0.017912,-0.010769,70.479457,-44.272017,-42.713850,-0.039515,0.010344,0.004847,64.474966,-57.533012,-34.643858,-0.042744,0.001635,-0.033407,66.551244,-56.290436,-31.271347,-0.049074,-0.014868,-0.003251,59.830193,-43.639118,-29.160749,-0.049354,-0.024265,0.018093,16.328083,-2.342542,15.723371,0.041934,-0.007586,-0.009285,-0.082441,18.159126,1.564297,0.061786,0.005166,-0.032863,-3.292444,15.133558,3.215227,0.000000,0.000000,0.000000,0.000000,0.000000,0.000000,0.037054,-0.000789,0.004401,2.870103,15.045175,6.850756,0.057574,0.013183,-0.023128,-2.631517,9.700291,1.067496,0.076193,0.024368,-0.045507,-5.037284,8.728526,4.625498,0.032439,0.009029,0.013399,9.043506,12.967973,13.097767,0.055258,0.023111,-0.017810,0.033249,3.202260,6.148267,0.074886,0.033946,-0.038562,-1.092048,2.616727,1.838471,0.051844,8,0.062014,8,0,0,1,0,0,0,0,0,0,0,0,1,0,0,0,0,0,0,0.015735,-17.811499,-14.351992,-25.209070
358,3528254343.263285,-0.036985,0.017480,-0.038928,72.247278,-49.175572,-38.269556,-0.042573,0.003529,-0.011822,73.814628,-44.476619,-48.452090,0.000000,0.000000,0.000000,0.000000,0.000000,0.000000,-0.030645,0.032958,-0.044184,-4.674540,-6.545495,2.774892,-0.040915,0.018202,-0.012350,70.627656,-45.015534,-42.248213,-0.040372,0.009846,0.005579,60.703111,-58.157771,-32.020389,-0.041418,0.001975,-0.035287,65.951697,-57.482430,-30.772896,-0.049662,-0.015511,-0.002496,57.411931,-43.714658,-27.135517,-0.048983,-0.023720,0.017597,53.413476,-63.452636,-29.727223,0.042435,-0.007010,-0.010068,-1.188395,17.807847,1.616361,0.062376,0.005484,-0.033897,-4.763775,15.263463,2.439929,0.000000,0.000000,0.000000,0.000000,0.000000,0.000000,0.037758,0.000314,0.002727,1.596527,15.265680,6.379887,0.057720,0.012930,-0.022962,-3.293685,8.170196,0.008056,0.076280,0.023462,-0.044759,-6.162392,8.640525,5.331291,0.033026,0.010162,0.011683,7.458072,13.181130,13.047847,0.056055,0.024004,-0.020218,-1.544638,4.380248,6.303815,0.074858,0.033087,-0.037683,-0.895127,1.099043,1.752416,0.051997,8,0.062376,8,0,0,1,0,0,0,0,0,0,0,0,1,0,0,0,0,0,0,0.015593,-16.866740,-15.573009,-25.315051
360,3528254343.458912,-0.038550,0.017437,-0.036973,70.112033,-48.306466,-37.075358,-0.043386,0.003303,-0.010388,9.320539,0.544653,-9.707397,0.000000,0.000000,0.000000,0.000000,0.000000,0.000000,-0.031481,0.033588,-0.043044,70.710744,-58.636597,-35.896551,-0.041324,0.018297,-0.011180,69.746723,-44.040477,-41.740671,-0.040109,0.009958,0.005949,3.808461,-0.305850,5.352563,-0.042410,0.002183,-0.034156,65.282081,-56.386602,-30.292628,-0.048632,-0.014531,-0.003497,58.412375,-43.167030,-28.099259,-0.048687,-0.023927,0.017952,52.709810,-62.429105,-29.330389,0.042351,-0.006940,-0.010869,0.042955,18.632594,1.908651,0.061963,0.006006,-0.035034,-3.502188,16.122064,3.252036,0.000000,0.000000,0.000000,0.000000,0.000000,0.000000,0.037940,0.000353,0.001920,2.804459,15.559406,6.720197,0.057599,0.013402,-0.024099,-2.553232,9.009475,0.248152,0.075619,0.023772,-0.045201,-4.330790,8.769602,5.053482,0.033601,0.010345,0.010464,8.687635,14.101342,12.727958,0.055815,0.024230,-0.020634,-0.341981,5.117924,6.418198,0.074348,0.033474,-0.038182,-0.291288,2.544886,1.922308,0.051847,8,0.062471,8,0,0,1,0,0,0,0,0,0,0,0,1,0,0,0,0,0,0,0.015491,-17.098980,-16.179953,-25.070100
362,3528254343.664820,-0.037854,0.017890,-0.039183,69.587953,-48.054557,-35.235015,-0.042527,0.003787,-0.012101,71.488955,-42.563287,-46.257860,0.000000,0.000000,0.000000,0.000000,0.000000,0.000000,-0.030689,0.034226,-0.045976,-4.848885,-4.820049,3.232722,-0.041093,0.018485,-0.012472,68.200481,-43.747745,-40.105495,-0.037655,0.011774,0.001662,62.274491,-57.406083,-32.855823,-0.041415,0.002726,-0.036375,64.867595,-55.855456,-28.818206,-0.048098,-0.014526,-0.004314,57.122497,-43.347910,-27.075806,-0.047125,-0.023093,0.016118,52.352364,-62.375331,-28.320409,0.043298,-0.005494,-0.013176,-0.744925,19.127906,1.868075,0.062575,0.007364,-0.037437,-3.424813,16.826531,3.602304,0.000000,0.000000,0.000000,0.000000,0.000000,0.000000,0.038812,0.001677,-0.000085,2.598677,16.290475,7.163010,0.058138,0.014783,-0.026469,-3.027569,9.972446,1.669921,0.076198,0.025928,-0.049217,-4.992694,9.662426,5.764396,0.034170,0.011495,0.008991,9.553333,15.357231,13.858673,0.056006,0.025137,-0.021982,0.014401,5.579866,6.706593,0.075005,0.035922,-0.042999,-1.722367,3.660423,2.266250,0.051687,8,0.064203,8,0,0,1,0,0,0,0,0,0,0,0,1,0,0,0,0,0,0,0.015366,-16.843867,-15.775064,-25.519007
364,3528254343.857244,-0.038430,0.016799,-0.037532,69.063263,-48.688910,-35.837929,-0.044050,0.002448,-0.009918,71.162299,-43.310547,-46.116820,0.000000,0.000000,0.000000,0.000000,0.000000,0.000000,-0.029747,0.033952,-0.045858,72.973359,-59.649841,-36.911395,-0.040064,0.018848,-0.013755,70.184306,-44.889249,-41.563749,-0.040091,0.009941,0.005083,3.014434,-0.961054,6.032390,-0.042583,0.001239,-0.034168,64.907553,-56.802322,-29.127856,-0.048970,-0.015190,-0.003449,11.676470,-14.193962,-4.055202,-0.048139,-0.023498,0.016657,52.656148,-63.480909,-28.806371,0.042979,-0.006038,-0.011626,-1.388090,17.956417,1.515033,0.062683,0.006687,-0.035557,-4.292641,15.752829,2.976167,0.000000,0.000000,0.000000,0.000000,0.000000,0.000000,0.037898,0.000532,0.002549,2.801583,14.942107,6.970809,0.057978,0.013881,-0.024248,-2.632034,9.083404,1.570763,0.076450,0.024909,-0.046710,-5.749076,9.314730,5.805136,0.033347,0.010602,0.011004,8.827243,13.709022,13.719333,0.055933,0.024477,-0.020375,-1.130208,4.839786,6.422128,0.075188,0.034837,-0.040456,-1.730486,4.356496,2.791116,0.051991,8,0.063238,8,0,0,1,0,0,0,0,0,0,0,0,1,0,0,0,0,0,0,0.015287,-16.754594,-14.275442,-25.845749
366,3528254344.057558,-0.055962,-0.001173,0.002376,-2.667329,-8.793630,4.128456,-0.036236,0.010823,0.025033,-7.714316,-14.296418,-2.278418,0.000000,0.000000,0.000000,0.000000,0.000000,0.000000,-0.061008,0.002190,-0.015467,-64.999817,41.135019,-19.331137,-0.040913,0.018781,0.012496,-6.930026,-10.576039,-0.292720,-0.026845,0.023384,0.020047,-61.328256,46.501888,-24.384914,-0.051081,-0.007139,0.017170,-3.363007,-6.722435,12.823718,-0.029852,0.004827,0.040425,-48.203028,32.272493,-15.962998,-0.012177,0.014161,0.054340,-13.876423,-9.203982,18.771343,0.024024,-0.026059,-0.025576,-84.014363,47.625503,-51.994933,0.016486,-0.041490,-0.055082,-85.427769,48.948845,-48.932084,0.000000,0.000000,0.000000,0.000000,0.000000,0.000000,0.027425,-0.010679,-0.023055,-78.650662,52.058865,-46.758630,0.016998,-0.028507,-0.055387,-78.154091,45.997731,-40.016012,0.013650,-0.041374,-0.078297,-76.088025,48.635875,-35.752736,0.026892,0.003423,-0.024092,-69.141031,57.645878,-41.477520,0.014902,-0.018269,-0.059827,-71.008562,48.606894,-30.948799,0.012842,-0.030632,-0.083296,-68.833480,44.183584,-30.061589,0.051779,8,0.062052,8,0,0,1,0,0,0,0,0,0,0,0,1,0,0,0,0,0,0,0.015176,12.736664,18.752636,9.683033
368,3528254344.260686,-0.038879,0.016717,-0.036841,68.859554,-48.360097,-36.135556,-0.043381,0.003162,-0.010793,71.975354,-42.939798,-47.091374,0.000000,0.000000,0.000000,0.000000,0.000000,0.000000,-0.030547,0.033596,-0.044504,71.839090,-59.222338,-36.263826,-0.040121,0.018968,-0.013484,70.431656,-45.237387,-42.331889,-0.039674,0.010359,0.004682,60.482403,-58.176890,-31.890303,-0.042739,0.001401,-0.033921,63.533323,-56.078079,-28.387576,-0.047652,-0.013816,-0.005305,60.235872,-44.320879,-29.358483,-0.048513,-0.023571,0.017090,53.995970,-62.714508,-29.093927,0.041953,-0.007928,-0.008732,-0.153127,17.532122,1.515858,0.062855,0.006742,-0.036176,-3.795436,15.792824,3.306850,0.000000,0.000000,0.000000,0.000000,0.000000,0.000000,0.038175,0.000781,0.001612,1.301955,15.617903,6.053295,0.057857,0.013325,-0.023706,-2.299480,8.651135,0.956127,0.076148,0.023596,-0.044765,-4.835481,7.800431,4.728781,0.033634,0.010725,0.010302,9.002414,13.927630,13.451326,0.056546,0.025008,-0.022122,-2.007824,5.259429,5.899906,0.075118,0.034025,-0.039303,-1.671011,2.670587,1.659160,0.051652,8,0.062973,8,0,0,1,0,0,0,0,0,0,0,0,1,0,0,0,0,0,0,0.015161,-17.501711,-15.398829,-25.006209
370,3528254344.457788,-0.038952,0.016764,-0.035516,71.854644,-48.533118,-38.086388,-0.045099,0.001521,-0.008056,73.018823,-42.678852,-47.621650,0.000000,0.000000,0.000000,0.000000,0.000000,0.000000,-0.031505,0.033263,-0.041587,74.331953,-59.496805,-38.698140,-0.041546,0.017695,-0.010737,72.426169,-44.520253,-43.191836,-0.039321,0.010070,0.004338,66.689564,-57.758552,-35.934007,-0.042997,0.001282,-0.032775,67.314559,-56.898077,-31.614180,-0.050805,-0.016842,-0.001168,58.747877,-43.118919,-27.846351,-0.049927,-0.025490,0.018278,16.944670,-2.895330,15.540506,0.042525,-0.005973,-0.010847,-0.092716,18.334826,1.931750,0.061594,0.005624,-0.031382,-2.216460,14.929204,3.575963,0.000000,0.000000,0.000000,0.000000,0.000000,0.000000,0.036512,-0.001141,0.005703,3.422448,14.639356,6.857250,0.056961,0.012955,-0.020617,-1.297188,8.147079,1.790446,0.075724,0.024495,-0.042449,-3.851244,7.762000,5.592443,0.032143,0.009087,0.013692,10.454182,12.182516,13.951182,0.055373,0.024237,-0.018043,-0.862572,4.055448,6.270682,0.074421,0.034382,-0.036130,-0.346337,1.605319,2.078512,0.052105,8,0.061442,8,0,0,1,0,0,0,0,0,0,0,0,1,0,0,0,0,0,0,0.015118,-17.866761,-16.073641,-24.751724
372,3528254344.656606,-0.056768,-0.001786,-0.000263,-1.731340,-10.135424,4.189905,-0.037813,0.009241,0.022271,-5.223610,-15.713902,-3.023492,0.000000,0.000000,0.000000,0.000000,0.000000,0.000000,-0.061681,0.001403,-0.019277,-62.813492,39.733601,-17.677597,-0.042856,0.016188,0.007533,-4.027510,-12.440129,-0.956644,-0.028570,0.021468,0.017058,-58.978201,45.505210,-22.497365,-0.052221,-0.008024,0.014745,-3.476257,-8.765820,13.276208,-0.031246,0.003696,0.039429,-6.759556,-2.955961,1.734757,-0.014433,0.012009,0.052513,-38.161863,52.833870,-12.969304,0.023735,-0.026452,-0.027408,-81.508393,48.075073,-50.110496,0.016356,-0.041515,-0.058203,-83.189767,49.134499,-47.314174,0.000000,0.000000,0.000000,0.000000,0.000000,0.000000,0.026457,-0.011569,-0.025387,-76.353464,52.436504,-45.068039,0.019405,-0.026839,-0.054727,-72.694905,44.611241,-36.136422,0.014314,-0.040730,-0.081088,-74.095263,47.674706,-33.693161,0.026196,0.002666,-0.025762,-65.507729,58.169393,-38.206713,0.017166,-0.016530,-0.059377,-65.348670,48.188738,-27.672330,0.013465,-0.030012,-0.086001,-67.499058,43.734127,-29.496373,0.051672,8,0.063175,8,0,0,1,0,0,0,0,0,0,0,0,1,0,0,0,0,0,0,0.015021,-17.564190,-15.045950,-25.068261
374,3528254344.870674,-0.037901,0.017750,-0.038091,70.848838,-48.156171,-37.291940,-0.043055,0.003518,-0.011224,72.752671,-43.524188,-47.282655,0.000000,0.000000,0.000000,0.000000,0.000000,0.000000,-0.031434,0.033548,-0.043349,71.617405,-58.847649,-36.261095,-0.040660,0.018766,-0.012655,70.360149,-44.299743,-41.919903,-0.038791,0.011024,0.003410,62.096142,-57.731722,-32.903135,-0.041548,0.002644,-0.035547,67.028039,-55.985724,-30.891655,-0.048042,-0.014099,-0.004856,59.486623,-43.477572,-29.128885,-0.048314,-0.023547,0.016714,53.671360,-62.003703,-29.702359,0.042722,-0.006531,-0.011164,-0.175028,18.522997,1.647344,0.063202,0.007955,-0.037825,-4.172913,16.810576,2.928293,0.000000,0.000000,0.000000,0.000000,0.000000,0.000000,0.037781,0.000084,0.002916,3.158770,15.157515,6.381303,0.057899,0.013684,-0.024007,-1.496180,9.162168,1.430838,0.076293,0.024451,-0.045669,-4.516068,8.032358,5.554028,0.033709,0.010710,0.010243,7.905970,14.057158,13.628505,0.056005,0.024327,-0.020135,-0.705228,4.485358,6.483766,0.074893,0.034016,-0.038472,0.046943,1.461184,1.878151,0.051594,8,0.063114,8,0,0,1,0,0,0,0,0,0,0,0,1,0,0,0,0,0,0,0.014868,-17.291693,-16.562187,-25.009237
378,3528254345.266666,-0.055726,-0.000317,0.003885,-2.747417,-7.474884,3.891372,-0.036194,0.010607,0.025003,-6.019955,-13.715159,-3.315431,0.000000,0.000000,0.000000,0.000000,0.000000,0.000000,-0.061337,0.002357,-0.015735,-1.943028,-11.691693,14.824821,-0.041652,0.017460,0.010428,-4.680657,-10.806103,-0.774524,-0.026433,0.023674,0.020897,-8.559601,-8.514141,12.942824,-0.051113,-0.007078,0.017372,-3.382967,-6.878265,12.685330,-0.029321,0.004988,0.041491,-7.569957,-1.225719,1.532948,-0.011822,0.013711,0.054567,-14.696182,-8.875885,18.549257,0.022821,-0.026669,-0.027386,-84.648767,48.129833,-52.811815,0.015618,-0.041389,-0.056110,-85.492779,49.875091,-49.314187,0.000000,0.000000,0.000000,0.000000,0.000000,0.000000,0.026153,-0.011484,-0.024947,-79.559930,53.144989,-48.115093,0.017620,-0.027462,-0.054502,-76.592233,45.533322,-39.610046,0.011220,-0.041851,-0.080844,-78.822793,50.257226,-37.673909,0.027388,0.003947,-0.023478,-67.104686,58.800376,-40.171635,0.014669,-0.017718,-0.059960,-69.378327,48.787271,-30.644192,0.010444,-0.031230,-0.085743,-69.952391,45.298879,-31.897662,0.051875,8,0.062687,8,0,0,1,0,0,0,0,0,0,0,0,1,0,0,0,0,0,0,0.014515,-17.147804,-16.228073,-24.888045
380,3528254345.467072,-0.056575,-0.001462,0.000440,-3.424290,-9.714109,4.456014,-0.038367,0.008806,0.020516,-5.733050,-16.039202,-2.914540,0.000000,0.000000,0.000000,0.000000,0.000000,0.000000,-0.061521,0.001200,-0.019156,-64.054268,39.933183,-18.406952,-0.043145,0.015843,0.006495,-64.130155,29.750140,-28.764776,-0.028239,0.022421,0.017764,-9.192199,-10.909058,13.931184,-0.052385,-0.008117,0.014208,-4.616908,-8.609308,13.554618,-0.031353,0.004361,0.039463,-7.798850,-2.593833,1.161256,-0.014548,0.012947,0.052483,-16.420027,-10.658661,19.317146,0.022929,-0.027557,-0.028425,-82.936699,47.093917,-51.030909,0.017762,-0.041816,-0.056035,-82.407270,48.006030,-46.235470,0.000000,0.000000,0.000000,0.000000,0.000000,0.000000,0.026390,-0.012115,-0.025438,-77.062059,51.510093,-45.076889,0.019116,-0.028152,-0.055090,-73.420050,43.793966,-36.137900,0.014114,-0.042426,-0.081138,-75.657480,47.307363,-34.883458,0.026498,0.002458,-0.025444,-65.274968,57.023752,-37.820598,0.016796,-0.017997,-0.059948,-66.793042,48.030735,-28.626174,0.013885,-0.031420,-0.085513,-67.384362,42.448266,-28.631561,0.051687,8,0.063458,8,0,0,1,0,0,0,0,0,0,0,0,1,0,0,0,0,0,0,0.014526,-18.230906,-15.617622,-24.930022
382,3528254345.683221,-0.038212,0.017823,-0.038299,69.287308,-47.831689,-35.900742,-0.044402,0.002476,-0.009096,9.217692,-0.155617,-10.453831,0.000000,0.000000,0.000000,0.000000,0.000000,0.000000,-0.032211,0.033401,-0.043369,69.234409,-58.915326,-34.276303,-0.038676,0.020200,-0.015560,69.903336,-45.109930,-42.401630,-0.038628,0.011050,0.003562,3.203282,0.641518,5.727960,-0.041121,0.003168,-0.036440,65.214710,-54.647076,-28.941477,-0.047858,-0.014081,-0.004432,58.171846,-42.844758,-27.745817,-0.047986,-0.023720,0.017675,52.271334,-61.639081,-27.739780,0.042338,-0.007156,-0.010717,-0.410019,18.560212,1.265314,0.061407,0.004917,-0.033711,-2.473590,15.741003,3.260205,0.000000,0.000000,0.000000,0.000000,0.000000,0.000000,0.039180,0.002246,-0.001752,2.682653,17.051495,7.668739,0.057658,0.013905,-0.025363,-1.971579,10.723312,1.580535,0.076037,0.025722,-0.049546,-5.531218,10.079536,5.247305,0.033965,0.010877,0.009626,9.364772,14.699713,13.063056,0.056546,0.025990,-0.024604,-1.565122,6.159411,6.649312,0.074526,0.034736,-0.041193,-1.340430,2.155085,1.285901,0.051752,8,0.063553,8,0,0,1,0,0,0,0,0,0,0,0,1,0,0,0,0,0,0,0.014421,-17.233916,-16.948180,-25.009570
384,3528254345.857690,-0.037693,0.017540,-0.037714,71.217279,-49.380063,-37.865743,-0.042812,0.003516,-0.011488,73.939941,-43.875155,-48.600748,0.000000,0.000000,0.000000,0.000000,0.000000,0.000000,-0.030456,0.033652,-0.043718,73.726232,-59.898320,-38.278222,-0.041553,0.017922,-0.011212,69.802697,-45.167524,-42.770670,-0.039243,0.010584,0.003929,63.734380,-58.127229,-34.263005,-0.042757,0.001417,-0.033598,65.271586,-56.025415,-29.623136,-0.049571,-0.015352,-0.003000,57.771725,-43.921375,-28.041480,-0.048173,-0.023194,0.015809,56.326101,-63.228626,-32.008359,0.041621,-0.008324,-0.007722,0.284754,17.033105,1.291108,0.061673,0.004261,-0.030912,-2.662437,14.691802,3.122123,0.000000,0.000000,0.000000,0.000000,0.000000,0.000000,0.037692,0.000141,0.002926,2.316379,14.600452,6.628989,0.058022,0.013632,-0.023491,-2.546259,9.109262,1.317999,0.076659,0.024499,-0.045166,-5.336238,8.275015,4.707553,0.032862,0.009697,0.012314,8.864910,13.291093,13.447027,0.055925,0.023934,-0.019103,-0.762676,4.203651,6.029029,0.075184,0.033989,-0.037965,-1.285971,1.655671,1.429817,0.051650,8,0.062176,8,0,0,1,0,0,0,0,0,0,0,0,1,0,0,0,0,0,0,0.014250,-18.239919,-16.586579,-24.674837
386,3528254346.060784,-0.037875,0.017661,-0.037359,71.923329,-48.659519,-37.969463,-0.043620,0.003022,-0.010448,73.044996,-43.478054,-47.967378,0.000000,0.000000,0.000000,0.000000,0.000000,0.000000,-0.030324,0.034049,-0.043608,74.115982,-59.708089,-38.669018,-0.040980,0.018409,-0.011937,71.178425,-44.209334,-42.376670,-0.038634,0.011011,0.003008,65.326821,-57.739987,-35.354563,-0.042349,0.001955,-0.034069,66.443200,-56.181632,-31.016246,-0.050094,-0.015786,-0.002467,57.642683,-43.426243,-27.449014,-0.049138,-0.024140,0.016916,55.189932,-63.232155,-30.984197,0.042440,-0.006833,-0.009986,0.211051,17.504803,1.285100,0.062223,0.005601,-0.032475,-2.816039,15.165303,3.329989,0.000000,0.000000,0.000000,0.000000,0.000000,0.000000,0.038225,0.001012,0.001438,1.998389,15.110439,6.150703,0.057720,0.013283,-0.022139,-1.734958,8.309736,1.079693,0.076339,0.024060,-0.043224,-4.633932,7.207745,4.703931,0.033004,0.009931,0.011951,10.343178,13.150036,13.620200,0.055578,0.023629,-0.017663,0.403012,3.432566,6.323952,0.075114,0.034067,-0.036978,-0.361387,1.323249,1.038311,0.051892,8,0.062099,8,0,0,1,0,0,0,0,0,0,0,0,1,0,0,0,0,0,0,0.014108,-18.297050,-15.832510,-24.525792
388,3528254346.256440,-0.056570,-0.001105,0.001212,-3.177097,-8.837897,4.097935,-0.038425,0.008384,0.020430,-5.647139,-15.591141,-3.057719,0.000000,0.000000,0.000000,0.000000,0.000000,0.000000,-0.061826,0.001340,-0.019427,-2.516176,-12.903975,14.845267,-0.042641,0.016851,0.008627,-4.907026,-11.280987,-1.066432,-0.028194,0.022249,0.018286,-57.920772,45.093671,-22.108932,-0.052553,-0.008456,0.013876,-2.920318,-8.454612,12.422347,-0.031149,0.003960,0.039863,-7.706403,-2.793638,1.866128,-0.014686,0.011770,0.051684,-15.193589,-10.888377,18.941739,0.024117,-0.026380,-0.026888,-81.083163,47.655257,-49.805362,0.015897,-0.042079,-0.058814,-82.834320,48.538512,-46.250527,0.000000,0.000000,0.000000,0.000000,0.000000,0.000000,0.027321,-0.011067,-0.024244,-74.738993,51.484490,-43.948834,0.018933,-0.027443,-0.055460,-73.046825,44.921079,-36.451494,0.012521,-0.042131,-0.083245,-76.066905,48.474090,-35.186020,0.025850,0.002260,-0.026403,-67.083842,57.818517,-39.562941,0.016353,-0.017356,-0.060520,-66.436282,48.295533,-28.237652,0.014748,-0.029442,-0.084579,-63.445146,42.030196,-26.249913,0.051681,8,0.063577,8,0,0,1,0,0,0,0,0,0,0,0,1,0,0,0,0,0,0,0.014011,-18.584157,-16.521354,-24.631146
390,3528254346.462519,-0.039099,0.017083,-0.037046,67.578218,-47.510262,-35.162683,-0.042915,0.003818,-0.011124,71.142614,-42.778325,-46.654700,0.000000,0.000000,0.000000,0.000000,0.000000,0.000000,-0.032099,0.033176,-0.043368,69.333259,-58.813793,-34.423424,-0.039533,0.019667,-0.014193,69.520133,-44.152306,-41.657774,-0.037559,0.012049,0.002053,62.662773,-57.188208,-32.633620,-0.042072,0.002480,-0.035140,65.081457,-55.877788,-29.456315,-0.048237,-0.014009,-0.003865,56.866251,-43.133836,-27.344062,-0.047646,-0.022721,0.017052,51.771516,-62.125221,-28.251627,0.042417,-0.007148,-0.011275,-0.986583,18.970747,0.713366,0.062026,0.005832,-0.036494,-4.404886,16.347139,2.769295,0.000000,0.000000,0.000000,0.000000,0.000000,0.000000,0.037926,0.000064,0.002103,2.504401,16.212220,6.447487,0.057605,0.013115,-0.025087,-3.164308,9.525887,0.484447,0.075790,0.023922,-0.047943,-5.333962,9.394031,4.414307,0.034095,0.010924,0.009162,9.084366,15.169486,12.929449,0.055767,0.023880,-0.021356,-0.323448,5.467115,6.102000,0.074487,0.033455,-0.040508,-0.670921,2.450984,1.286503,0.051368,8,0.063009,8,0,0,1,0,0,0,0,0,0,0,0,1,0,0,0,0,0,0,0.013924,-17.882072,-16.839380,-24.749206
392,3528254346.658134,-0.037669,0.017735,-0.038433,71.030416,-48.543606,-37.105173,-0.041991,0.004078,-0.012613,73.537343,-43.235870,-47.677600,0.000000,0.000000,0.000000,0.000000,0.000000,0.000000,-0.031526,0.033353,-0.043448,71.443768,-59.199350,-36.240167,-0.040682,0.018548,-0.012595,69.783588,-44.449058,-41.324536,-0.038319,0.011148,0.002781,64.120839,-56.961302,-33.354594,-0.042716,0.001534,-0.033991,63.836872,-56.111560,-28.969580,-0.048390,-0.014707,-0.004061,57.923249,-43.326969,-27.165095,-0.048353,-0.023966,0.017259,52.294925,-62.465065,-28.862856,0.042750,-0.006247,-0.011399,-0.412612,18.606973,2.248382,0.061991,0.005926,-0.034040,-3.228389,15.504603,3.123117,0.000000,0.000000,0.000000,0.000000,0.000000,0.000000,0.038367,0.001240,0.000931,2.118254,15.580789,6.488567,0.057700,0.013830,-0.023990,-2.332383,9.152981,1.552933,0.075677,0.024003,-0.044478,-4.145520,7.988696,5.201244,0.033144,0.010172,0.011714,10.448172,13.461023,13.983166,0.055983,0.024924,-0.021096,-1.304017,5.014173,6.542834,0.074690,0.034578,-0.039302,-0.846988,2.974365,2.157107,0.051545,8,0.062708,8,0,0,1,0,0,0,0,0,0,0,0,1,0,0,0,0,0,0,0.013730,-17.691724,-17.048573,-24.759127
394,3528254346.859258,-0.038833,0.017491,-0.037966,67.526780,-47.625804,-34.790586,-0.043155,0.003746,-0.010948,68.984706,-42.478344,-44.929899,0.000000,0.000000,0.000000,0.000000,0.000000,0.000000,-0.031618,0.033753,-0.044754,68.028836,-58.951042,-33.832893,-0.040801,0.019017,-0.012606,67.128153,-43.566318,-39.835293,-0.038575,0.011425,0.003623,58.706055,-56.351267,-30.060474,-0.041469,0.003076,-0.036389,63.975039,-55.236542,-28.980440,-0.047168,-0.013092,-0.005491,11.132853,-11.133846,-3.959527,-0.047004,-0.022294,0.016328,49.874916,-61.641634,-27.102838,0.043253,-0.005905,-0.013759,-0.692032,19.634151,1.534810,0.062313,0.006304,-0.037835,-3.964618,16.961078,2.801642,0.000000,0.000000,0.000000,0.000000,0.000000,0.000000,0.038627,0.000931,0.000286,1.973778,16.707644,6.131005,0.057457,0.012680,-0.024480,-1.844350,8.757733,0.569010,0.076099,0.024731,-0.050055,-5.536173,9.978115,4.744393,0.034041,0.010612,0.009988,9.764446,14.355786,13.315470,0.056807,0.025603,-0.025378,-1.426993,6.613557,5.964431,0.075112,0.034903,-0.044098,-2.295844,3.438323,1.625577,0.051534,8,0.064230,8,0,0,1,0,0,0,0,0,0,0,0,1,0,0,0,0,0,0,0.013597,-18.453601,-17.480009,-24.148380
396,3528254347.059656,0.000000,0.000000,0.000000,0.000000,0.000000,0.000000,-0.042780,0.003662,-0.011820,70.901685,-43.542633,-46.095941,0.000000,0.000000,0.000000,0.000000,0.000000,0.000000,-0.030732,0.033579,-0.045793,69.476314,-59.466670,-34.446118,-0.040345,0.018963,-0.013679,68.412176,-44.612089,-40.525589,-0.039198,0.010906,0.003945,59.117034,-57.249593,-29.871815,-0.041974,0.001950,-0.035524,62.797192,-56.247562,-28.221731,-0.048327,-0.014385,-0.004144,11.755328,-13.115510,-4.285656,-0.047779,-0.022931,0.016911,50.905616,-62.241839,-26.972833,0.043303,-0.005930,-0.012891,-1.264208,19.015095,1.816507,0.063267,0.007649,-0.039303,-4.981061,16.735268,3.025106,0.000000,0.000000,0.000000,0.000000,0.000000,0.000000,0.038454,0.000890,0.001158,1.776144,15.752503,6.526158,0.058545,0.014479,-0.027186,-4.175547,9.469550,0.885926,0.076345,0.024266,-0.048090,-5.517221,8.574042,5.232925,0.034123,0.011238,0.009304,8.131315,14.157290,12.988997,0.056933,0.025628,-0.024652,-2.515972,6.025611,6.537089,0.075079,0.034145,-0.041422,-1.594968,2.156147,1.700810,0.051122,7,0.064381,8,1,0,1,0,0,0,0,0,0,0,0,1,0,0,0,0,0,0,0.013470,-18.379896,-17.023683,-24.504471
398,3528254347.258950,-0.038889,0.016898,-0.036666,69.718654,-47.920937,-36.219612,-0.043564,0.003015,-0.010339,71.988981,-43.543798,-47.209059,0.000000,0.000000,0.000000,0.000000,0.000000,0.000000,-0.031412,0.033370,-0.043339,71.060592,-59.576276,-36.077336,-0.041097,0.018305,-0.011847,69.707203,-44.727608,-42.075784,-0.039844,0.010134,0.005101,3.240635,-0.020898,5.441387,-0.042871,0.001472,-0.033656,65.540255,-55.404838,-29.799752,-0.048219,-0.014337,-0.004332,59.305097,-43.472670,-28.515029,-0.049012,-0.024228,0.018094,52.851152,-62.424693,-29.303896,0.042121,-0.007393,-0.009707,-0.258928,18.433888,1.958657,0.061742,0.005164,-0.033147,-2.765029,15.293475,2.924269,0.000000,0.000000,0.000000,0.000000,0.000000,0.000000,0.037707,0.000107,0.002804,3.020554,15.082022,7.208697,0.057446,0.013097,-0.023029,-2.070879,8.867549,1.157215,0.076122,0.024616,-0.046255,-5.504672,8.612075,4.601902,0.032967,0.009807,0.012104,8.825228,13.485079,13.105384,0.055527,0.023795,-0.019214,0.233561,3.737852,6.484115,0.074607,0.033864,-0.038444,-0.925987,2.267167,1.967253,0.051820,8,0.062245,8,0,0,1,0,0,0,0,0,0,0,0,1,0,0,0,0,0,0,0.013243,-17.825856,-17.489980,-24.598758
400,3528254347.459272,-0.038850,0.016986,-0.037334,68.807024,-47.966044,-35.586063,-0.043349,0.003116,-0.010677,70.537866,-42.330043,-45.565603,0.000000,0.000000,0.000000,0.000000,0.000000,0.000000,-0.030498,0.034050,-0.045461,71.890973,-59.638362,-36.062351,-0.040190,0.018969,-0.013470,69.900002,-44.265326,-41.249122,-0.039038,0.010720,0.004006,60.831235,-57.505685,-31.914773,-0.043136,0.001266,-0.033676,63.078947,-55.808889,-27.748499,-0.047550,-0.013964,-0.004982,58.507757,-43.219918,-27.844240,-0.047247,-0.022964,0.016162,53.294516,-62.395478,-29.370496,0.042705,-0.006343,-0.011614,-0.863398,18.818483,2.114848,0.061880,0.005933,-0.034906,-3.350723,16.449501,3.567230,0.000000,0.000000,0.000000,0.000000,0.000000,0.000000,0.038312,0.001112,0.000989,1.894493,16.053214,6.817234,0.057813,0.014155,-0.025362,-2.483723,9.709462,1.489879,0.075804,0.024758,-0.047139,-5.197811,8.566820,4.936920,0.034261,0.011666,0.008331,7.665716,14.733648,13.450229,0.056014,0.025097,-0.022187,-1.246719,4.957032,7.075622,0.074515,0.034494,-0.040215,-1.150648,1.375976,1.845456,0.051543,8,0.063189,8,0,0,1,0,0,0,0,0,0,0,0,1,0,0,0,0,0,0,0.013121,-18.000727,-17.837739,-24.505465
402,3528254347.659796,-0.056212,-0.001821,0.000814,-2.874898,-10.213946,4.484787,-0.037190,0.010060,0.023427,-7.308073,-15.049267,-2.254859,0.000000,0.000000,0.000000,0.000000,0.000000,0.000000,-0.060706,0.001988,-0.016394,-3.415324,-12.482888,15.986178,-0.042124,0.017002,0.009209,-5.377345,-12.019730,-0.517205,-0.027365,0.023425,0.019840,-9.406440,-10.053798,14.758955,-0.051824,-0.008221,0.014777,-3.281933,-8.010749,13.355284,-0.030287,0.005276,0.041378,-8.429963,-2.042665,2.074579,-0.013578,0.013921,0.053976,-38.869454,53.064057,-12.681331,0.024343,-0.026264,-0.025907,-83.211237,47.245794,-51.193628,0.018328,-0.041228,-0.054490,-83.274897,48.048545,-46.915012,0.000000,0.000000,0.000000,0.000000,0.000000,0.000000,0.027465,-0.010895,-0.023405,-77.174573,50.881835,-45.172670,0.019234,-0.027773,-0.054083,-75.372046,44.824219,-37.482459,0.013985,-0.042317,-0.080186,-77.022524,47.390816,-35.037796,0.026468,0.002798,-0.025009,-68.167980,57.461666,-40.145216,0.018553,-0.016318,-0.056705,-65.763954,47.224124,-27.668345,0.015021,-0.030429,-0.083036,-66.200784,42.649558,-27.770577,0.051895,8,0.062028,8,0,0,1,0,0,0,0,0,0,0,0,1,0,0,0,0,0,0,0.013062,-18.749692,-17.617182,-24.372632
404,3528254347.865065,-0.037816,0.017758,-0.037625,71.787260,-48.132488,-37.753600,-0.043019,0.003319,-0.010915,73.395065,-42.560846,-47.344170,0.000000,0.000000,0.000000,0.000000,0.000000,0.000000,-0.031576,0.033406,-0.042502,73.080268,-59.336623,-37.708661,-0.041379,0.018026,-0.011179,70.568345,-43.940196,-41.575178,-0.039246,0.010353,0.004402,64.576381,-57.777688,-34.488447,-0.042647,0.001733,-0.033684,65.820006,-55.365333,-29.947637,-0.048823,-0.015012,-0.003489,60.732072,-43.602169,-29.864818,-0.048156,-0.023769,0.016611,55.995763,-62.263048,-30.606396,0.041666,-0.007859,-0.008485,0.776155,17.979384,1.872864,0.061741,0.005803,-0.033202,-2.810547,16.113649,3.509275,0.000000,0.000000,0.000000,0.000000,0.000000,0.000000,0.038018,0.000835,0.001637,2.480396,16.172795,6.897998,0.056976,0.012704,-0.021414,-1.785237,8.504469,1.372393,0.075547,0.023973,-0.043526,-4.090451,7.692042,4.871389,0.032507,0.009274,0.013283,9.902886,12.860065,13.227881,0.055511,0.024250,-0.019314,-0.413154,4.550385,6.428352,0.073946,0.033104,-0.035359,0.988568,0.541591,1.110195,0.051555,8,0.061568,8,0,0,1,0,0,0,0,0,0,0,0,1,0,0,0,0,0,0,0.013057,-18.911780,-17.343672,-24.086448
406,3528254348.066668,-0.036997,0.018310,-0.039130,71.566585,-48.338529,-38.038796,-0.043323,0.003307,-0.010741,72.303600,-43.157160,-47.004889,0.000000,0.000000,0.000000,0.000000,0.000000,0.000000,-0.029981,0.034312,-0.045142,73.353439,-59.310753,-37.780605,-0.040503,0.018840,-0.012744,70.441307,-44.331190,-42.242855,-0.038518,0.011229,0.003032,2.054781,-0.029637,5.911631,-0.042400,0.002006,-0.034388,64.581266,-55.609595,-29.505264,-0.048660,-0.014497,-0.003933,12.255659,-13.771737,-4.139763,-0.048764,-0.023818,0.017549,53.395576,-62.868667,-29.896639,0.042596,-0.006621,-0.011126,-0.282037,18.325388,1.197152,0.062339,0.006170,-0.035082,-3.616577,16.033604,3.512872,0.000000,0.000000,0.000000,0.000000,0.000000,0.000000,0.038259,0.000887,0.001191,2.146022,15.953229,6.850847,0.057427,0.012796,-0.022642,-1.783387,8.176973,0.893619,0.076260,0.024492,-0.046293,-5.283861,8.101017,4.331807,0.033297,0.010165,0.011294,9.213139,13.560241,13.021319,0.055787,0.023962,-0.019749,-0.467163,3.528697,6.762751,0.075064,0.034387,-0.039895,-0.923028,3.101457,1.991106,0.051882,8,0.062788,8,0,0,1,0,0,0,0,0,0,0,0,1,0,0,0,0,0,0,0.012712,-17.417268,-17.611450,-24.552762
408,3528254348.268085,-0.038652,0.016801,-0.036567,70.782368,-49.384937,-37.341629,-0.043718,0.002628,-0.009990,72.627856,-43.706026,-47.556965,0.000000,0.000000,0.000000,0.000000,0.000000,0.000000,-0.031093,0.033296,-0.043158,72.652546,-59.838486,-37.028331,-0.041573,0.017750,-0.011059,70.336523,-44.340955,-41.401794,-0.039079,0.010433,0.003882,2.478629,-0.914478,5.755237,-0.043177,0.000958,-0.032935,65.485821,-55.484594,-29.498297,-0.049101,-0.015328,-0.003121,59.756333,-43.968216,-28.818284,-0.049019,-0.024438,0.017814,53.564356,-63.008999,-29.617558,0.042190,-0.007019,-0.009750,-0.197633,18.404925,2.024410,0.061685,0.005171,-0.032253,-3.442003,14.825169,2.983345,0.000000,0.000000,0.000000,0.000000,0.000000,0.000000,0.037674,0.000336,0.002725,2.238254,15.511404,6.768261,0.057846,0.014072,-0.024072,-2.738091,8.766688,1.340742,0.075812,0.024073,-0.044060,-4.315024,7.928134,5.478621,0.032463,0.009412,0.013213,8.659541,13.017403,12.510825,0.055452,0.023944,-0.018794,-0.575028,4.504532,6.686911,0.074477,0.033845,-0.037323,-0.916935,2.266828,1.536066,0.051761,8,0.062007,8,0,0,1,0,0,0,0,0,0,0,0,1,0,0,0,0,0,0,0.012534,-18.088281,-18.067804,-24.364906
410,3528254348.470074,-0.038693,0.017112,-0.035910,72.645436,-48.186939,-38.890567,-0.044679,0.002047,-0.008710,72.775592,-42.607680,-47.375386,0.000000,0.000000,0.000000,0.000000,0.000000,0.000000,-0.031895,0.033120,-0.041103,74.326768,-59.419290,-38.806438,-0.041964,0.017580,-0.010197,70.876457,-44.423587,-42.570255,-0.039833,0.009894,0.005064,64.216275,-57.490382,-34.655599,-0.042749,0.001687,-0.033218,66.928343,-55.748300,-31.342321,-0.049466,-0.015416,-0.003053,61.079043,-44.024782,-29.834104,-0.050144,-0.025347,0.018577,56.390133,-62.812660,-31.689218,0.041882,-0.007330,-0.009013,0.526892,17.630985,1.681536,0.061653,0.005261,-0.031443,-2.006323,14.736065,3.117019,0.000000,0.000000,0.000000,0.000000,0.000000,0.000000,0.037008,-0.000597,0.004404,3.205902,14.797937,6.064872,0.057314,0.013146,-0.021565,-1.478144,7.451767,0.839970,0.075834,0.024062,-0.042490,-3.661274,8.116260,5.484291,0.031880,0.008485,0.014687,11.709412,11.609502,13.797833,0.055593,0.024065,-0.018319,-0.322620,4.114931,6.922068,0.074593,0.033981,-0.036145,-0.478218,2.033376,1.588472,0.051995,8,0.061494,8,0,0,1,0,0,0,0,0,0,0,0,1,0,0,0,0,0,0,0.012464,-18.293532,-17.739684,-24.541592
412,3528254348.685267,-0.039355,0.016299,-0.036264,70.653915,-48.459142,-36.331921,-0.044527,0.001767,-0.008623,70.407424,-42.985068,-45.162991,0.000000,0.000000,0.000000,0.000000,0.000000,0.000000,-0.031859,0.032962,-0.043374,70.735819,-59.373856,-35.005067,-0.040634,0.018299,-0.012567,70.272123,-44.358899,-41.138588,-0.038471,0.010714,0.003303,63.141397,-56.873493,-32.446555,-0.042440,0.001402,-0.034123,64.725188,-55.627516,-28.976194,-0.047945,-0.014773,-0.004070,12.280663,-11.518216,-3.110807,-0.048198,-0.024414,0.018036,53.338135,-62.298368,-29.054503,0.042108,-0.006925,-0.010120,-0.204729,18.601192,2.433948,0.061549,0.006063,-0.034324,-3.540992,15.970772,3.640141,0.000000,0.000000,0.000000,0.000000,0.000000,0.000000,0.037767,0.000664,0.002176,2.296006,16.446461,7.561074,0.057139,0.013778,-0.023906,-2.574521,9.220815,1.769616,0.075348,0.025164,-0.046833,-5.502576,9.288975,5.965659,0.032368,0.009334,0.013618,9.953144,13.609721,13.890015,0.054944,0.024095,-0.019405,-0.652853,5.474163,7.259008,0.073685,0.034087,-0.038398,-0.158469,1.134737,1.681948,0.051573,8,0.062162,8,0,0,1,0,0,0,0,0,0,0,0,1,0,0,0,0,0,0,0.012434,-18.568530,-17.938354,-24.388373
414,3528254348.859277,-0.037813,0.018054,-0.038310,71.621186,-48.012624,-37.282948,-0.043495,0.003024,-0.010259,70.944700,-43.279942,-46.121119,0.000000,0.000000,0.000000,0.000000,0.000000,0.000000,-0.030313,0.034590,-0.045135,73.851035,-58.197477,-37.410113,-0.040499,0.018805,-0.012612,70.078657,-43.370745,-41.610350,-0.039893,0.009924,0.005633,60.806301,-57.109291,-31.646562,-0.043657,0.001151,-0.032811,63.041147,-55.733214,-28.768176,-0.048361,-0.014635,-0.003849,58.684363,-43.168945,-28.381338,-0.047966,-0.023814,0.017091,54.471417,-61.698986,-29.717345,0.042226,-0.006976,-0.010360,0.555933,18.401509,2.289133,0.062027,0.006748,-0.035548,-3.495409,16.368836,3.755402,0.000000,0.000000,0.000000,0.000000,0.000000,0.000000,0.038228,0.001008,0.001124,2.737029,16.236711,7.028274,0.056933,0.012772,-0.022041,-1.633219,7.918934,0.905181,0.075673,0.025117,-0.046551,-4.455252,9.085755,5.293962,0.033688,0.010761,0.010142,8.454164,14.216136,13.580299,0.055957,0.025331,-0.021963,-0.959689,5.621450,6.591941,0.074529,0.035220,-0.040522,-1.006174,2.155033,1.934677,0.051926,8,0.062835,8,0,0,1,0,0,0,0,0,0,0,0,1,0,0,0,0,0,0,0.012302,-17.540553,-18.303173,-24.767202
416,3528254349.059061,-0.038557,0.017439,-0.037402,70.968832,-47.815279,-36.857546,-0.044537,0.002184,-0.008948,70.198938,-42.767370,-45.653846,0.000000,0.000000,0.000000,0.000000,0.000000,0.000000,-0.031228,0.033924,-0.043923,72.635983,-59.104237,-36.411057,-0.042351,0.017511,-0.010138,68.175734,-43.869886,-40.935274,-0.038930,0.010651,0.003903,62.999615,-57.515769,-33.339741,-0.042540,0.001908,-0.034301,66.385527,-55.575403,-30.340270,-0.048310,-0.014653,-0.004103,59.025293,-42.896816,-27.905290,-0.048578,-0.024417,0.017803,53.465794,-61.862243,-28.927131,0.042470,-0.006639,-0.010739,0.124487,18.140593,1.934775,0.062668,0.007960,-0.037251,-3.929864,16.875675,3.657375,0.000000,0.000000,0.000000,0.000000,0.000000,0.000000,0.037770,0.000268,0.002790,3.526386,15.775501,7.088284,0.057893,0.014553,-0.025084,-2.522899,9.231048,1.257012,0.075864,0.025302,-0.046415,-4.533202,9.160986,5.788584,0.033526,0.010632,0.010662,9.203098,13.814579,13.506646,0.055647,0.024687,-0.020239,0.226207,4.462363,7.217335,0.074543,0.034950,-0.039468,-0.192861,3.358740,2.730210,0.051958,8,0.063117,8,0,0,1,0,0,0,0,0,0,0,0,1,0,0,0,0,0,0,0.012234,-17.363529,-18.148153,-24.866339
418,3528254349.256470,-0.038680,0.017281,-0.037789,68.681999,-47.952488,-35.508633,-0.042373,0.003970,-0.011996,71.783038,-42.721739,-46.574449,0.000000,0.000000,0.000000,0.000000,0.000000,0.000000,-0.032178,0.033181,-0.043665,-4.093350,-5.591059,3.004759,-0.040484,0.018879,-0.013013,68.296110,-43.893492,-40.623762,-0.038343,0.011290,0.003091,61.203369,-56.714941,-31.531191,-0.042010,0.002317,-0.035269,64.562649,-55.641047,-28.514112,-0.048408,-0.014617,-0.003531,57.191262,-42.595449,-26.912271,-0.048511,-0.024054,0.018488,16.371874,-1.181669,15.892093,0.042671,-0.006353,-0.012002,-0.681170,19.397430,1.963895,0.062297,0.007163,-0.037734,-3.947758,16.844804,3.481980,0.000000,0.000000,0.000000,0.000000,0.000000,0.000000,0.038288,0.001000,0.000884,1.814143,16.534616,6.644288,0.058100,0.014893,-0.027423,-3.769169,10.302922,0.958554,0.075512,0.024491,-0.047442,-4.838381,9.320026,5.244959,0.033224,0.010057,0.011702,9.552721,14.297090,13.319141,0.055703,0.024617,-0.021739,-1.152653,5.166061,6.532708,0.074291,0.034331,-0.040718,-0.268960,3.095404,2.549999,0.051749,8,0.063427,8,0,0,1,0,0,0,0,0,0,0,0,1,0,0,0,0,0,0,0.012113,-17.454769,-18.420316,-24.639623
420,3528254349.457780,-0.039448,0.016764,-0.036830,66.411031,-47.990417,-34.173595,-0.042232,0.004297,-0.012527,71.557863,-43.596313,-47.118270,0.000000,0.000000,0.000000,0.000000,0.000000,0.000000,-0.030704,0.033965,-0.045352,70.319740,-58.909831,-35.142667,-0.039560,0.019678,-0.014524,69.200454,-44.879425,-41.776624,-0.039888,0.010448,0.005227,59.026908,-57.529183,-30.615757,-0.041044,0.003097,-0.036699,65.288946,-55.811983,-29.577830,-0.047650,-0.013604,-0.005170,57.926854,-43.573718,-28.112874,-0.047412,-0.022530,0.015999,15.971042,-0.679520,15.933208,0.043730,-0.005084,-0.014523,-1.463996,19.111356,1.212556,0.062881,0.006942,-0.037816,-4.317970,16.582321,3.180712,0.000000,0.000000,0.000000,0.000000,0.000000,0.000000,0.038866,0.001439,-0.000214,1.561468,16.081781,6.220433,0.058522,0.014487,-0.027055,-3.069412,9.949658,1.373210,0.076654,0.025177,-0.049465,-5.506465,9.570296,5.364616,0.033738,0.010501,0.010559,9.154329,13.832947,12.721509,0.056685,0.025204,-0.023529,-1.456373,5.489584,6.470295,0.075292,0.034554,-0.041915,-1.511012,2.438012,1.541800,0.051642,8,0.064468,8,0,0,1,0,0,0,0,0,0,0,0,1,0,0,0,0,0,0,0.011985,-17.444778,-18.417361,-24.760341
422,3528254349.658183,-0.037989,0.017954,-0.038867,67.781262,-47.849789,-35.441581,-0.041560,0.005195,-0.013441,71.968077,-42.967977,-47.524562,0.000000,0.000000,0.000000,0.000000,0.000000,0.000000,-0.029190,0.034877,-0.047551,71.278850,-59.089055,-36.464701,-0.038954,0.020340,-0.015371,1.515126,-2.611043,-10.801682,-0.038029,0.012153,0.002524,58.943782,-57.800365,-31.303214,-0.042080,0.002679,-0.035545,62.362388,-55.965341,-28.364616,-0.048524,-0.013671,-0.003913,55.942772,-42.895777,-27.393676,-0.048090,-0.022385,0.017297,50.023898,-61.808993,-27.336853,0.043228,-0.006377,-0.013408,-1.502118,19.134937,0.461361,0.062940,0.006428,-0.038977,-4.888244,17.361290,2.645976,0.000000,0.000000,0.000000,0.000000,0.000000,0.000000,0.038963,0.001144,-0.000594,1.561514,16.649311,5.937133,0.058374,0.013397,-0.026874,-3.600216,9.855619,0.231904,0.076519,0.023652,-0.049290,-6.021900,10.610869,4.141989,0.034014,0.010355,0.010136,7.601539,14.300977,11.424265,0.056654,0.024182,-0.023302,-1.801205,4.434634,5.514899,0.075645,0.033966,-0.043671,-2.156783,3.734372,1.503372,0.051886,8,0.064405,8,0,0,1,0,0,0,0,0,0,0,0,1,0,0,0,0,0,0,0.011923,-17.309893,-18.942099,-24.803007
424,3528254349.863714,-0.038224,0.017452,-0.037288,71.138815,-48.361338,-37.512263,-0.043928,0.002835,-0.009763,71.800308,-43.073673,-46.661384,0.000000,0.000000,0.000000,0.000000,0.000000,0.000000,-0.031444,0.033347,-0.042856,71.898272,-59.698278,-37.797003,-0.041557,0.018088,-0.011041,69.041969,-44.275719,-41.744077,-0.039656,0.010364,0.004934,62.828671,-57.190697,-33.015957,-0.041797,0.002464,-0.034930,66.263513,-56.743196,-30.944137,-0.048732,-0.014555,-0.003751,59.114540,-43.519347,-29.193711,-0.048416,-0.023475,0.016918,54.223308,-62.383042,-30.385676,0.042153,-0.007410,-0.009800,0.050528,18.284115,1.638528,0.062408,0.006324,-0.035259,-3.558909,16.156369,2.857668,0.000000,0.000000,0.000000,0.000000,0.000000,0.000000,0.037670,-0.000039,0.002895,3.004723,15.350844,6.239530,0.057847,0.013539,-0.024064,-2.912293,8.761167,0.547487,0.076148,0.024103,-0.045516,-5.386401,8.497815,4.709328,0.033069,0.009777,0.011951,8.462172,13.616463,12.517968,0.056195,0.024557,-0.021092,-1.421731,4.989312,6.153042,0.075440,0.035026,-0.041358,-1.909737,3.224570,2.266466,0.051734,8,0.062989,8,0,0,1,0,0,0,0,0,0,0,0,1,0,0,0,0,0,0,0.011757,-17.452047,-18.843163,-24.615769
426,3528254350.063774,0.000000,0.000000,0.000000,0.000000,0.000000,0.000000,-0.043221,0.003410,-0.010899,71.037661,-43.685654,-45.850698,0.000000,0.000000,0.000000,0.000000,0.000000,0.000000,-0.031004,0.033603,-0.044838,70.448768,-59.029709,-35.237896,-0.040597,0.018835,-0.012925,68.317136,-44.417922,-40.664119,-0.039718,0.010425,0.005097,59.583437,-56.933497,-30.685630,-0.041490,0.002566,-0.035875,63.958023,-55.800329,-28.790377,-0.047287,-0.013443,-0.005492,58.135692,-43.609860,-27.547723,-0.047634,-0.022851,0.016580,15.155247,-1.242772,14.744957,0.042982,-0.006216,-0.012384,-1.125637,19.003679,1.268001,0.062505,0.006491,-0.036919,-4.004725,16.623392,3.067845,0.000000,0.000000,0.000000,0.000000,0.000000,0.000000,0.038112,0.000432,0.001913,2.431341,15.254301,6.640718,0.057839,0.013468,-0.024963,-3.110891,9.338525,1.007303,0.076278,0.024692,-0.048446,-5.713221,9.212626,5.086058,0.033995,0.010982,0.009496,8.125856,14.759580,12.738792,0.056465,0.025036,-0.023153,-1.708397,5.166223,6.553472,0.075056,0.034487,-0.041800,-1.344215,4.411108,1.740845,0.050922,7,0.063725,8,1,0,1,0,0,0,0,0,0,0,0,1,0,0,0,0,0,0,0.011622,-16.921054,-18.929612,-24.959755
428,3528254350.261020,-0.038099,0.017787,-0.037677,70.894702,-47.771391,-36.997168,-0.041822,0.004558,-0.012684,73.546880,-42.917803,-48.127393,0.000000,0.000000,0.000000,0.000000,0.000000,0.000000,-0.031793,0.033416,-0.042742,71.201160,-58.982304,-36.451544,-0.041376,0.018338,-0.011248,68.726834,-44.088515,-41.453988,-0.040365,0.009875,0.006281,58.945038,-57.191859,-31.309149,-0.043235,0.001585,-0.033265,63.318491,-55.694674,-29.011242,-0.047624,-0.013562,-0.005127,59.828811,-43.863101,-29.510051,-0.048825,-0.023901,0.017931,53.202275,-62.028760,-29.159245,0.042199,-0.007362,-0.010254,-0.063423,18.101278,0.957532,0.062278,0.006279,-0.035678,-3.426318,16.752644,2.863551,0.000000,0.000000,0.000000,0.000000,0.000000,0.000000,0.038282,0.000813,0.000979,1.864652,16.303749,5.952167,0.057872,0.013673,-0.024778,-2.385998,9.582973,1.451952,0.075773,0.023575,-0.045029,-4.159109,7.683580,4.914960,0.033140,0.009708,0.011924,9.960392,13.528426,13.109224,0.055885,0.024147,-0.020587,-0.620365,4.848356,6.132882,0.074920,0.034240,-0.040099,-1.027668,3.433153,1.782534,0.051693,8,0.062809,8,0,0,1,0,0,0,0,0,0,0,0,1,0,0,0,0,0,0,0.011470,-16.863948,-19.249617,-25.184808
430,3528254350.460204,-0.038814,0.016792,-0.037025,69.303671,-48.340065,-35.910231,-0.042235,0.003969,-0.012275,73.450618,-43.395103,-47.903947,0.000000,0.000000,0.000000,0.000000,0.000000,0.000000,-0.029954,0.033998,-0.045653,-5.570623,-5.288618,2.593900,-0.040331,0.018775,-0.013146,70.634482,-44.617617,-42.157608,-0.039248,0.010645,0.004161,60.984517,-57.472738,-31.829597,-0.042189,0.001830,-0.034657,64.144540,-56.360981,-29.647209,-0.048845,-0.014879,-0.003346,57.182668,-43.145052,-26.660083,-0.048559,-0.023738,0.017641,52.666421,-62.819463,-29.000593,0.042857,-0.006147,-0.011885,-0.940609,18.985507,1.744246,0.062154,0.005823,-0.034739,-3.582862,15.584941,3.345207,0.000000,0.000000,0.000000,0.000000,0.000000,0.000000,0.038646,0.001628,-0.000089,0.694905,16.373975,6.237800,0.058210,0.014400,-0.025970,-3.257404,9.732029,0.954926,0.076057,0.024255,-0.046349,-5.253487,8.484843,4.424990,0.033180,0.010229,0.011468,9.536383,14.007845,13.249938,0.055255,0.023335,-0.018553,-0.002249,3.871362,6.226550,0.075074,0.034690,-0.041047,-2.451712,2.772105,1.496575,0.051827,8,0.063044,8,0,0,1,0,0,0,0,0,0,0,0,1,0,0,0,0,0,0,0.011429,-16.691187,-18.905808,-25.227982
432,3528254350.656778,-0.056779,-0.001865,-0.000133,-2.236844,-9.885449,4.171472,-0.038153,0.008635,0.020804,-5.537328,-15.619239,-3.195571,0.000000,0.000000,0.000000,0.000000,0.000000,0.000000,-0.061212,0.002363,-0.017113,-2.424263,-12.781272,15.127189,-0.041987,0.017717,0.010231,-5.540921,-11.349316,-1.097050,-0.027615,0.023009,0.019500,-58.376113,45.289132,-22.780223,-0.052186,-0.008060,0.014653,-3.247661,-8.262986,12.840295,-0.030840,0.004300,0.040162,-8.296540,-2.078763,1.849296,-0.014125,0.012426,0.052441,-15.521985,-10.716373,19.259414,0.023856,-0.026426,-0.026853,-81.927568,47.321266,-50.502306,0.015863,-0.042038,-0.058129,-83.991754,48.803853,-47.562831,0.000000,0.000000,0.000000,0.000000,0.000000,0.000000,0.026456,-0.011634,-0.025197,-76.697052,52.004936,-45.387423,0.019235,-0.027141,-0.054389,-73.406245,44.277734,-36.849017,0.014060,-0.041190,-0.080533,-74.397830,47.761045,-33.718821,0.026896,0.003218,-0.024605,-64.332273,58.238392,-38.035279,0.016457,-0.017264,-0.059768,-66.457294,48.782198,-28.286689,0.014412,-0.029699,-0.084268,-7.313836,22.700981,-10.054036,0.051706,8,0.062894,8,0,0,1,0,0,0,0,0,0,0,0,1,0,0,0,0,0,0,0.011380,-17.086956,-18.784338,-24.947282
434,3528254350.861910,-0.039307,0.016916,-0.036374,69.117194,-48.118838,-36.265923,-0.044054,0.002754,-0.009402,71.057325,-42.195759,-46.523212,0.000000,0.000000,0.000000,0.000000,0.000000,0.000000,-0.031939,0.033367,-0.043102,70.536995,-58.752198,-35.300555,-0.040095,0.019138,-0.013204,70.099462,-44.106274,-42.124402,-0.039102,0.010690,0.004353,3.789174,0.105186,5.861814,-0.042195,0.002279,-0.034679,65.989505,-55.808233,-30.014198,-0.047853,-0.014002,-0.004472,59.381873,-43.329034,-28.447114,-0.048611,-0.024088,0.018305,52.569575,-62.215816,-28.522641,0.042075,-0.007398,-0.010059,-0.073011,18.664268,1.507044,0.061997,0.006305,-0.035776,-3.497067,16.459314,2.743686,0.000000,0.000000,0.000000,0.000000,0.000000,0.000000,0.038122,0.000679,0.001404,1.931015,16.474805,6.433375,0.057431,0.013389,-0.024149,-1.888175,9.509270,1.213206,0.075905,0.025141,-0.048058,-5.405736,9.914314,5.039977,0.033245,0.010000,0.011532,9.402899,13.710618,13.644675,0.056089,0.025036,-0.022430,-1.344493,5.747171,6.654040,0.074770,0.035064,-0.041792,-2.566562,4.546646,1.861645,0.051696,8,0.063180,8,0,0,1,0,0,0,0,0,0,0,0,1,0,0,0,0,0,0,0.011224,-16.962956,-19.430678,-24.994671
436,3528254351.067828,-0.039265,0.016221,-0.034690,71.928819,-47.977054,-37.752744,-0.044995,0.001475,-0.008169,74.012699,-42.377117,-48.087449,0.000000,0.000000,0.000000,0.000000,0.000000,0.000000,-0.031790,0.032670,-0.040703,-3.367701,-7.933267,2.425768,-0.042909,0.016545,-0.008818,71.587994,-44.278234,-43.343939,-0.041099,0.008686,0.006789,64.989492,-57.759614,-35.240701,-0.044351,-0.000042,-0.030837,65.389875,-56.293211,-31.022906,-0.048926,-0.015289,-0.003744,62.524571,-44.658884,-30.822391,-0.050196,-0.025574,0.018314,57.525938,-63.390127,-32.990709,0.041309,-0.007932,-0.007344,0.568645,16.850680,1.881820,0.060689,0.003710,-0.027871,-2.062031,13.863572,3.058060,0.000000,0.000000,0.000000,0.000000,0.000000,0.000000,0.036145,-0.001422,0.006395,3.501659,14.687281,6.926370,0.056099,0.011410,-0.017505,-0.512395,6.926782,1.749371,0.075130,0.022807,-0.039040,-3.518609,4.881857,4.146913,0.031487,0.008456,0.015000,9.395433,11.524763,13.262814,0.054496,0.022763,-0.014932,1.371922,3.530575,6.614929,0.074013,0.033215,-0.033536,-0.012008,1.157815,1.351168,0.051968,8,0.059807,8,0,0,1,0,0,0,0,0,0,0,0,1,0,0,0,0,0,0,0.011196,-17.291735,-19.322587,-24.919488
438,3528254351.268548,-0.038990,0.016693,-0.036982,69.457456,-48.045757,-35.654687,-0.043744,0.002659,-0.010274,71.528155,-42.594288,-46.692507,0.000000,0.000000,0.000000,0.000000,0.000000,0.000000,-0.031140,0.033544,-0.044315,72.127055,-59.840225,-36.182394,-0.041651,0.017847,-0.011476,68.341671,-43.569985,-40.303727,-0.037980,0.011362,0.001981,2.855787,0.187137,6.009081,-0.042229,0.001742,-0.034762,64.329059,-55.887800,-28.916033,-0.048111,-0.014621,-0.004454,59.437880,-43.484938,-27.583345,-0.048062,-0.023823,0.016809,15.388636,-1.707833,15.865477,0.042999,-0.005795,-0.011971,-0.513886,18.870969,1.996810,0.062242,0.006496,-0.034860,-3.250589,15.992280,3.572656,0.000000,0.000000,0.000000,0.000000,0.000000,0.000000,0.037856,0.000502,0.002606,2.802450,15.693440,7.107008,0.057886,0.014321,-0.024702,-2.349987,9.380694,1.793854,0.076188,0.025437,-0.046978,-5.166825,9.139310,5.536701,0.032898,0.009984,0.012508,9.375338,12.377061,13.341154,0.056021,0.025214,-0.021463,-1.086590,4.837095,6.428980,0.074504,0.034400,-0.038568,-0.511247,1.673023,1.720599,0.051606,8,0.063065,8,0,0,1,0,0,0,0,0,0,0,0,1,0,0,0,0,0,0,0.011131,-17.610306,-19.196937,-24.813323
440,3528254351.466165,-0.056078,-0.000926,0.002378,-2.970434,-8.838038,4.440602,-0.037665,0.008976,0.021585,-6.053419,-15.397427,-3.010978,0.000000,0.000000,0.000000,0.000000,0.000000,0.000000,-0.061381,0.001753,-0.017269,-2.600772,-12.106980,14.962524,-0.041441,0.018237,0.011509,-5.368640,-11.010130,-0.339288,-0.027321,0.023039,0.019624,-59.469026,45.733764,-22.831490,-0.052057,-0.008281,0.014529,-3.703916,-7.646058,13.497090,-0.030807,0.003835,0.038928,-47.878340,32.280770,-15.784374,-0.013057,0.013348,0.053735,-15.610662,-9.866196,19.514907,0.023950,-0.026246,-0.026273,-83.297463,48.121682,-51.650531,0.015981,-0.041868,-0.056978,-84.346876,48.370477,-47.168564,0.000000,0.000000,0.000000,0.000000,0.000000,0.000000,0.027293,-0.010910,-0.023662,-77.258267,51.407599,-45.243782,0.017720,-0.028077,-0.055552,-75.829950,45.200501,-37.959393,0.011760,-0.042494,-0.081972,-78.048709,48.801430,-36.303437,0.025392,0.002002,-0.026586,-69.768664,58.117759,-41.486783,0.015064,-0.018146,-0.060639,-69.879104,49.135425,-30.945450,0.013576,-0.030164,-0.083959,-65.769183,42.561418,-27.505607,0.051637,8,0.063041,8,0,0,1,0,0,0,0,0,0,0,0,1,0,0,0,0,0,0,0.010987,-16.889579,-19.763102,-25.108026
442,3528254351.684447,-0.038866,0.017392,-0.036799,70.482634,-47.089842,-35.777204,-0.042133,0.003892,-0.012192,74.666019,-42.504684,-48.125944,0.000000,0.000000,0.000000,0.000000,0.000000,0.000000,-0.031308,0.034123,-0.043689,-3.526155,-4.987222,4.278582,-0.039601,0.019309,-0.013966,71.964743,-43.352477,-42.347056,-0.039594,0.009889,0.004925,4.413925,-0.815643,6.566991,-0.042706,0.001839,-0.033937,65.859197,-55.455038,-30.421127,-0.047479,-0.014282,-0.005229,12.642940,-11.613990,-3.448428,-0.047589,-0.024079,0.016386,55.225768,-61.541098,-30.411525,0.041949,-0.007165,-0.009433,1.106967,18.547496,2.501460,0.062110,0.007720,-0.035752,-2.904201,16.227047,4.090887,0.000000,0.000000,0.000000,0.000000,0.000000,0.000000,0.037506,0.000059,0.003359,4.424549,15.714795,7.799836,0.057440,0.014584,-0.024148,-1.759786,9.651593,1.952096,0.075635,0.026224,-0.046523,-4.173541,10.650033,6.583192,0.033093,0.010161,0.011690,10.886292,13.507119,14.700754,0.055297,0.024942,-0.019701,0.442159,5.467091,6.726641,0.074280,0.035816,-0.039595,-0.241771,2.933654,2.836271,0.051441,8,0.062713,8,0,0,1,0,0,0,0,0,0,0,0,1,0,0,0,0,0,0,0.010848,-16.613086,-19.984417,-25.160684
444,3528254351.858829,-0.038580,0.017500,-0.038617,67.477582,-47.816926,-34.802594,-0.042156,0.004362,-0.012646,70.462895,-43.060315,-45.909322,0.000000,0.000000,0.000000,0.000000,0.000000,0.000000,-0.030990,0.033994,-0.046095,-5.039308,-5.062304,2.996427,-0.039603,0.019716,-0.014713,68.265589,-43.670236,-40.310525,-0.038241,0.011686,0.002782,58.769065,-56.986410,-30.502358,-0.040831,0.003344,-0.037444,63.963084,-55.905039,-28.464743,-0.048050,-0.014019,-0.004216,55.045245,-42.894949,-26.132665,-0.047083,-0.022477,0.016462,51.196505,-61.688042,-26.696014,0.043455,-0.005656,-0.014045,-1.227593,19.561568,1.607401,0.062297,0.006014,-0.037181,-3.861782,16.845924,3.443709,0.000000,0.000000,0.000000,0.000000,0.000000,0.000000,0.039440,0.002194,-0.002055,1.142774,16.938468,6.131200,0.058406,0.014531,-0.027981,-3.517684,10.216917,1.032773,0.076072,0.024487,-0.049345,-5.178880,9.787117,5.265491,0.034811,0.011887,0.007428,8.705727,15.500893,13.725287,0.056667,0.025441,-0.024761,-1.498999,6.024961,6.227262,0.075147,0.034997,-0.044074,-2.034784,3.091112,1.865188,0.051727,8,0.064618,8,0,0,1,0,0,0,0,0,0,0,0,1,0,0,0,0,0,0,0.010902,-16.969629,-19.683337,-25.167681
445,3528254351.954774,-0.038078,0.017096,-0.037212,71.569508,-48.607058,-37.319404,-0.044237,0.002123,-0.009155,71.817136,-42.958063,-46.863698,0.000000,0.000000,0.000000,0.000000,0.000000,0.000000,-0.031126,0.033170,-0.043093,73.511254,-59.429413,-37.733648,-0.041542,0.017648,-0.011013,70.067796,-44.734915,-41.761285,-0.039750,0.009865,0.005094,63.105988,-57.763521,-33.718245,-0.041523,0.002130,-0.034851,67.429586,-56.019983,-30.932348,-0.050020,-0.016226,-0.001649,57.102620,-43.240410,-27.144575,-0.048495,-0.024081,0.017197,15.982072,-1.922041,15.924568,0.041871,-0.007398,-0.009078,-0.203685,17.913064,1.886522,0.061560,0.005299,-0.032419,-3.004160,15.135949,3.148231,0.000000,0.000000,0.000000,0.000000,0.000000,0.000000,0.037448,0.000159,0.003105,1.756685,15.513374,6.460049,0.056851,0.012514,-0.021118,-1.764060,8.080800,1.523784,0.076018,0.025120,-0.046006,-5.821215,9.724221,5.588263,0.032496,0.009517,0.012942,9.305863,13.358892,13.756982,0.055417,0.024147,-0.019278,-0.860378,4.936450,6.465926,0.074366,0.034095,-0.037905,-1.007940,2.417302,2.327467,0.051901,8,0.061869,8,0,0,1,0,0,0,0,0,0,0,0,1,0,0,0,0,0,0,0.010832,-15.959056,-20.014795,-25.548058
446,3528254352.061760,-0.038088,0.017381,-0.038210,70.386774,-48.309109,-36.565058,-0.042635,0.003624,-0.011712,72.546729,-42.998879,-46.531646,0.000000,0.000000,0.000000,0.000000,0.000000,0.000000,-0.031472,0.033275,-0.044010,70.361286,-59.116603,-35.636563,-0.040520,0.018682,-0.012947,69.848157,-44.721706,-41.505847,-0.039503,0.010382,0.004658,60.234294,-56.912841,-31.475774,-0.041294,0.002576,-0.035968,65.280266,-56.393327,-29.716592,-0.048510,-0.014736,-0.003678,56.800134,-43.341742,-26.877348,-0.048060,-0.023554,0.017219,51.587858,-62.954885,-27.759081,0.042392,-0.007045,-0.010427,-0.420371,18.470219,1.566204,0.062185,0.006108,-0.035355,-3.599031,15.723611,2.931926,0.000000,0.000000,0.000000,0.000000,0.000000,0.000000,0.038667,0.001597,-0.000018,2.086585,16.052376,6.448519,0.057950,0.014112,-0.025402,-2.942071,9.531337,1.749792,0.076290,0.025352,-0.048509,-6.117451,9.754535,5.556485,0.033675,0.010803,0.010210,9.703507,13.981336,13.481941,0.056029,0.024806,-0.021768,-1.345955,6.049292,6.248872,0.075044,0.035166,-0.042022,-2.261903,3.796739,2.517589,0.051751,8,0.063524,8,0,0,1,0,0,0,0,0,0,0,0,1,0,0,0,0,0,0,0.010835,-16.443342,-19.893003,-25.467151
448,3528254352.256165,-0.038160,0.017370,-0.037633,70.989612,-48.837355,-37.628094,-0.044286,0.002513,-0.009463,71.854974,-43.106587,-47.207811,0.000000,0.000000,0.000000,0.000000,0.000000,0.000000,-0.030463,0.033842,-0.044458,73.596681,-58.827053,-37.834356,-0.039536,0.019365,-0.014156,71.875188,-44.372978,-42.985866,-0.039486,0.010481,0.004469,61.517947,-57.543727,-32.849928,-0.041549,0.002479,-0.035410,66.526335,-56.305396,-30.829226,-0.048846,-0.014749,-0.003673,58.413359,-43.278803,-27.804787,-0.048493,-0.023592,0.016993,53.656117,-62.804877,-29.851694,0.042689,-0.006571,-0.011107,-0.901923,18.352110,1.467086,0.062771,0.006890,-0.036189,-4.247755,16.364500,3.007110,0.000000,0.000000,0.000000,0.000000,0.000000,0.000000,0.038282,0.000960,0.001206,2.332643,15.875989,7.001652,0.057697,0.013218,-0.023320,-2.646080,8.672366,0.914222,0.076035,0.023628,-0.044524,-4.787891,7.317516,4.537034,0.032480,0.009140,0.013647,9.914747,11.940399,12.400330,0.056229,0.024620,-0.021095,-1.138391,5.006640,6.189551,0.074939,0.033964,-0.038830,-0.508964,2.699576,2.432560,0.051877,8,0.062852,8,0,0,1,0,0,0,0,0,0,0,0,1,0,0,0,0,0,0,0.010856,-16.207591,-20.242199,-25.455411
450,3528254352.457918,-0.039004,0.016645,-0.035925,4.023731,-11.145121,-5.836119,-0.045766,0.001222,-0.007189,70.617610,-43.177570,-46.266885,0.000000,0.000000,0.000000,0.000000,0.000000,0.000000,-0.030807,0.033490,-0.043081,73.928985,-59.226207,-37.896419,-0.040887,0.018271,-0.011836,71.072086,-44.368713,-42.523698,-0.040188,0.009701,0.005582,4.023224,-1.231851,5.417349,-0.042738,0.001466,-0.033372,65.460722,-56.293437,-30.314134,-0.048922,-0.014951,-0.003538,60.037093,-44.069783,-29.107636,-0.049489,-0.024597,0.018071,17.093136,-2.454724,16.077942,0.041996,-0.007351,-0.009261,-0.108112,17.877041,1.784112,0.062103,0.005916,-0.033455,-3.196378,15.632219,3.638745,0.000000,0.000000,0.000000,0.000000,0.000000,0.000000,0.037526,0.000064,0.003090,2.019911,15.200391,6.400193,0.057206,0.012719,-0.021555,-2.051352,8.402452,1.154502,0.075883,0.023826,-0.043546,-4.439098,7.679966,5.133950,0.032791,0.009737,0.012217,8.799936,13.019869,12.926550,0.055667,0.024004,-0.019070,-1.445752,4.087306,5.582334,0.074614,0.033654,-0.036954,-0.388685,1.180738,1.578103,0.052036,8,0.061859,8,0,0,1,0,0,0,0,0,0,0,0,1,0,0,0,0,0,0,0.010654,12.388500,9.342548,8.189999
451,3528254352.552336,-0.039153,0.016597,-0.036520,67.786611,-48.450158,-35.791646,-0.044660,0.002324,-0.008615,70.313636,-43.136060,-46.092953,0.000000,0.000000,0.000000,0.000000,0.000000,0.000000,-0.031065,0.033253,-0.044165,-4.840619,-5.667679,2.489875,-0.039740,0.019267,-0.013757,69.901719,-44.952274,-42.145019,-0.039549,0.010563,0.004962,60.819596,-57.354744,-32.065922,-0.042493,0.001739,-0.034190,63.582841,-55.716174,-29.284629,-0.047689,-0.013619,-0.004856,11.143337,-11.875940,-3.649095,-0.048211,-0.023043,0.017322,15.334273,-0.887714,15.663871,0.042845,-0.006369,-0.012256,-1.124549,19.046084,1.586742,0.062098,0.005400,-0.035286,-4.291444,16.164738,2.869483,0.000000,0.000000,0.000000,0.000000,0.000000,0.000000,0.038168,0.000567,0.001327,1.380471,15.798576,5.998299,0.057792,0.013204,-0.024890,-3.276869,9.426907,0.892236,0.076062,0.023778,-0.047237,-5.612280,9.919793,4.975393,0.033721,0.010553,0.010102,8.316281,14.510279,12.677924,0.056508,0.024812,-0.023273,-2.720364,6.169851,5.605855,0.075056,0.033938,-0.041380,-2.433996,3.015144,1.738177,0.051635,8,0.063333,8,0,0,1,0,0,0,0,0,0,0,0,1,0,0,0,0,0,0,0.010613,-16.076833,-20.320779,-25.637816
452,3528254352.658004,-0.038938,0.016852,-0.036249,69.566011,-48.268636,-35.972043,-0.044951,0.001861,-0.007998,71.233720,-43.303748,-46.388333,0.000000,0.000000,0.000000,0.000000,0.000000,0.000000,-0.031850,0.032999,-0.042341,71.884385,-58.834504,-36.647930,-0.041375,0.018012,-0.011065,70.463504,-43.699912,-42.170040,-0.040379,0.009604,0.006349,61.808899,-57.343936,-32.679322,-0.042637,0.001667,-0.033637,65.473130,-55.374952,-29.964320,-0.049427,-0.015372,-0.002324,58.062463,-43.230246,-27.657556,-0.049365,-0.024624,0.018944,53.524680,-62.575237,-29.639005,0.041822,-0.007551,-0.009410,0.103478,18.410064,1.683415,0.061643,0.005534,-0.033811,-3.583812,15.784893,3.062592,0.000000,0.000000,0.000000,0.000000,0.000000,0.000000,0.037938,0.000634,0.001615,2.199787,16.278199,6.612984,0.057022,0.012665,-0.022330,-2.278762,8.599056,0.682729,0.075618,0.024185,-0.045527,-5.525514,9.302183,5.075343,0.033025,0.009912,0.011614,7.877895,13.969838,12.456227,0.055417,0.023879,-0.019637,-0.994606,4.780169,6.407143,0.074315,0.033780,-0.038560,-0.874641,1.761736,1.662662,0.052106,8,0.062026,8,0,0,1,0,0,0,0,0,0,0,0,1,0,0,0,0,0,0,0.010480,-15.060848,-20.897439,-26.110325
453,3528254352.753482,0.000000,0.000000,0.000000,0.000000,0.000000,0.000000,-0.045068,0.001507,-0.007791,72.190902,-42.661711,-47.053557,0.000000,0.000000,0.000000,0.000000,0.000000,0.000000,-0.032179,0.032931,-0.041588,72.585767,-59.013975,-36.833857,-0.041557,0.017699,-0.010758,71.298801,-43.363985,-41.713998,-0.040122,0.009468,0.005933,62.954979,-57.113007,-33.608733,-0.043314,0.001080,-0.032607,65.102787,-56.092510,-29.905484,-0.048965,-0.015392,-0.003032,13.022740,-13.128443,-3.604703,-0.049190,-0.025063,0.018533,53.302467,-62.469152,-29.365604,0.041731,-0.007396,-0.009050,0.496749,17.917410,2.446325,0.061332,0.005595,-0.032540,-2.669570,15.269483,3.401601,0.000000,0.000000,0.000000,0.000000,0.000000,0.000000,0.037473,0.000206,0.002916,3.131412,15.972242,7.248215,0.057123,0.013594,-0.022829,-2.211756,9.288456,1.572322,0.075473,0.024949,-0.044944,-5.083515,9.599768,5.775294,0.032578,0.009532,0.012704,9.212022,13.589181,13.197104,0.055240,0.024319,-0.019203,-0.863541,4.390543,6.161205,0.073885,0.034030,-0.036929,0.180813,2.298676,2.554001,0.051395,7,0.061726,8,1,0,1,0,0,0,0,0,0,0,0,1,0,0,0,0,0,0,0.010506,-16.341138,-20.009705,-25.738371
454,3528254352.856790,0.000000,0.000000,0.000000,0.000000,0.000000,0.000000,-0.045247,0.001794,-0.007723,69.808675,-42.648129,-45.490595,0.000000,0.000000,0.000000,0.000000,0.000000,0.000000,-0.031144,0.033594,-0.043948,71.862551,-59.445986,-36.487014,-0.038963,0.019798,-0.014801,71.327879,-44.211430,-42.286374,-0.039938,0.010093,0.005674,60.436552,-57.078836,-32.016333,-0.043016,0.001511,-0.033533,64.387231,-55.499160,-29.380715,-0.048535,-0.014534,-0.003539,58.244060,-43.370294,-28.255270,-0.048918,-0.024176,0.018605,51.402595,-62.259714,-27.558725,0.042104,-0.007388,-0.010156,-0.318131,18.460130,1.649105,0.061856,0.005782,-0.035048,-3.438395,16.232889,3.243397,0.000000,0.000000,0.000000,0.000000,0.000000,0.000000,0.037755,0.000096,0.002496,2.161369,15.948895,6.482825,0.057593,0.013538,-0.024657,-2.571602,9.576302,1.026928,0.075725,0.024192,-0.046590,-5.178720,8.626456,4.971533,0.033416,0.010265,0.010918,8.442515,13.882835,12.715391,0.055785,0.024334,-0.021206,-1.287686,5.275762,6.162130,0.074514,0.034068,-0.040106,-1.238956,3.314137,2.326867,0.051449,7,0.062705,8,1,0,1,0,0,0,0,0,0,0,0,1,0,0,0,0,0,0,0.010424,-16.119804,-20.314493,-25.561523
455,3528254352.953010,-0.038939,0.016922,-0.036037,71.468909,-48.311071,-37.464368,-0.044534,0.002112,-0.008740,73.104355,-42.653225,-47.712183,0.000000,0.000000,0.000000,0.000000,0.000000,0.000000,0.000000,0.000000,0.000000,0.000000,0.000000,0.000000,-0.040527,0.018574,-0.012298,72.184698,-43.761761,-42.743946,-0.039536,0.010104,0.004883,64.018940,-57.460238,-34.314472,-0.042130,0.002106,-0.034191,67.620440,-55.264111,-32.063528,-0.048572,-0.014800,-0.003804,59.934648,-43.523368,-28.875489,-0.049741,-0.025203,0.018890,16.944544,-2.559479,15.827780,0.041882,-0.007410,-0.009209,0.287224,18.248595,2.056636,0.061529,0.005416,-0.032425,-2.472988,15.111858,3.032222,0.000000,0.000000,0.000000,0.000000,0.000000,0.000000,0.037681,0.000328,0.002563,2.692713,15.427313,7.037292,0.057307,0.013449,-0.022675,-1.795887,8.775416,1.178205,0.075838,0.024795,-0.044923,-4.561416,8.305824,5.041505,0.032625,0.009468,0.012783,8.687626,13.517922,13.038027,0.055886,0.024905,-0.020642,-0.652940,5.702383,6.777014,0.074412,0.034186,-0.037559,-1.053980,1.797034,1.651571,0.050365,7,0.062082,8,0,0,1,1,0,0,0,0,0,0,0,1,0,0,0,0,0,0,0.010378,-16.097035,-20.516179,-25.531677
456,3528254353.055920,-0.038399,0.017672,-0.037903,69.213265,-47.838822,-35.855062,-0.043001,0.003634,-0.011083,71.060292,-43.175691,-46.619249,0.000000,0.000000,0.000000,0.000000,0.000000,0.000000,-0.030784,0.034237,-0.044992,71.933070,-58.730196,-36.769654,-0.040905,0.018706,-0.012213,68.965323,-43.476786,-41.003498,-0.038628,0.011153,0.003616,61.239563,-57.221966,-32.138263,-0.041940,0.002595,-0.035302,64.796906,-55.052919,-29.033502,-0.048410,-0.014396,-0.003778,56.736349,-42.668013,-27.441471,-0.047663,-0.023158,0.016839,52.342387,-62.052786,-28.139638,0.042609,-0.006579,-0.011699,-0.269021,19.158221,1.588789,0.062729,0.007791,-0.038690,-3.959463,16.850440,3.196435,0.000000,0.000000,0.000000,0.000000,0.000000,0.000000,0.038906,0.001808,-0.000890,1.309161,16.657667,6.530359,0.057927,0.014284,-0.026131,-2.481984,10.429664,1.292483,0.075893,0.024865,-0.047933,-5.007869,9.050751,4.740822,0.033521,0.010231,0.010978,8.766321,13.266165,12.860604,0.056703,0.025987,-0.024670,-2.099006,7.021882,6.608460,0.074646,0.034545,-0.040956,-1.234545,3.732012,1.834777,0.051726,8,0.063963,8,0,0,1,0,0,0,0,0,0,0,0,1,0,0,0,0,0,0,0.010334,-15.788493,-20.609593,-25.711078
457,3528254353.154578,-0.039210,0.016852,-0.036127,69.693031,-47.806829,-36.080925,-0.043592,0.002950,-0.010076,72.039862,-43.126252,-47.316298,0.000000,0.000000,0.000000,0.000000,0.000000,0.000000,-0.030601,0.034072,-0.044227,72.497152,-59.438635,-36.731312,-0.041200,0.018211,-0.011480,70.648701,-44.128607,-41.922795,-0.038986,0.010628,0.004118,63.360546,-57.280662,-33.651684,-0.042281,0.002078,-0.034296,65.608430,-55.734893,-30.659154,-0.049422,-0.015473,-0.002428,56.918612,-43.317070,-27.011848,-0.048646,-0.024183,0.017794,53.541181,-62.257748,-29.207003,0.042226,-0.006940,-0.010321,0.308386,18.641705,2.211036,0.061873,0.006048,-0.034278,-2.800145,15.522107,3.517852,0.000000,0.000000,0.000000,0.000000,0.000000,0.000000,0.037265,-0.000450,0.003921,4.074418,15.618607,6.844958,0.057876,0.014408,-0.025206,-3.049570,10.133049,1.289608,0.075600,0.024328,-0.045096,-4.609299,8.692651,4.922678,0.033123,0.010002,0.011654,8.683011,13.562960,13.229920,0.055653,0.024472,-0.020260,-0.656518,4.807637,6.060852,0.074624,0.034761,-0.039792,-1.284380,3.316824,1.845426,0.051877,8,0.062574,8,0,0,1,0,0,0,0,0,0,0,0,1,0,0,0,0,0,0,0.010294,-15.829590,-20.108118,-25.990156
459,3528254353.352870,-0.039041,0.017155,-0.037632,67.563921,-47.943634,-34.787476,-0.043025,0.003566,-0.011328,70.586019,-42.714482,-45.330954,0.000000,0.000000,0.000000,0.000000,0.000000,0.000000,-0.030615,0.034327,-0.046049,70.280082,-59.012491,-34.785783,-0.040067,0.019313,-0.013937,68.949522,-44.380394,-40.875464,-0.037872,0.011750,0.002165,60.939121,-56.733788,-31.252223,-0.042389,0.002090,-0.035092,62.867843,-55.804872,-28.017090,-0.047520,-0.013784,-0.005075,57.321114,-42.558191,-26.781641,-0.046818,-0.022533,0.015768,51.590672,-61.802649,-27.346902,0.043502,-0.005201,-0.014151,-1.153776,19.825322,1.795173,0.062440,0.006856,-0.037377,-3.602682,16.502804,3.085789,0.000000,0.000000,0.000000,0.000000,0.000000,0.000000,0.038585,0.001167,0.000538,2.573875,16.241838,6.529933,0.058231,0.014749,-0.027193,-2.974115,10.792879,1.470399,0.076391,0.026121,-0.050738,-5.914213,10.176995,5.542212,0.034133,0.011091,0.009428,8.723286,13.214788,13.255782,0.056668,0.025954,-0.024634,-1.865009,6.172581,6.392388,0.074515,0.034274,-0.040507,-0.653938,1.400362,1.535048,0.051503,8,0.064329,8,0,0,1,0,0,0,0,0,0,0,0,1,0,0,0,0,0,0,0.010254,-15.908564,-20.582685,-25.815445
460,3528254353.452420,-0.056346,-0.002170,0.001100,-2.107825,-9.377930,4.770552,-0.037750,0.008751,0.021807,-6.105321,-15.365353,-2.230722,0.000000,0.000000,0.000000,0.000000,0.000000,0.000000,-0.061305,0.000938,-0.017462,-2.798720,-12.772009,15.881779,-0.042210,0.016876,0.009729,-5.807884,-12.183334,0.698594,-0.028288,0.021814,0.017727,-60.936346,44.972569,-22.933107,-0.051008,-0.007120,0.018194,-5.160324,-6.935998,13.944275,-0.030859,0.003856,0.039354,-47.214335,31.449489,-14.859986,-0.013395,0.013453,0.053820,-15.791267,-9.779137,20.070678,0.023469,-0.026703,-0.027472,-84.591945,47.171852,-51.744413,0.018448,-0.040858,-0.054535,-82.286804,48.350873,-45.916218,0.000000,0.000000,0.000000,0.000000,0.000000,0.000000,0.027058,-0.011054,-0.024243,-77.624221,51.894901,-45.290468,0.018371,-0.028040,-0.055321,-76.563734,45.364390,-38.556229,0.013489,-0.042187,-0.080851,-77.404046,48.682831,-35.243687,0.026476,0.003119,-0.025023,-67.973578,57.293678,-39.550236,0.014818,-0.018860,-0.061585,-70.820717,48.873079,-30.737336,0.012786,-0.031433,-0.085554,-68.843938,43.031582,-28.069793,0.051604,8,0.063133,8,0,0,1,0,0,0,0,0,0,0,0,1,0,0,0,0,0,0,0.010285,-16.227080,-20.815951,-25.862925
462,3528254353.653709,-0.037993,0.017575,-0.037635,70.662770,-48.669562,-36.840592,-0.043000,0.003462,-0.011001,72.027508,-43.278538,-47.404797,0.000000,0.000000,0.000000,0.000000,0.000000,0.000000,-0.030054,0.034202,-0.044796,73.764060,-59.337612,-37.976814,-0.041371,0.018122,-0.011286,69.467497,-45.007769,-42.213649,-0.039719,0.010205,0.005158,62.687074,-57.384230,-33.260555,-0.043240,0.001302,-0.033077,63.614251,-55.252583,-29.119612,-0.048297,-0.014353,-0.004150,60.006405,-43.574537,-29.331407,-0.049339,-0.024473,0.018548,16.048960,-2.166596,15.414835,0.042048,-0.007471,-0.009628,-0.521044,17.988992,0.946861,0.061910,0.005553,-0.033864,-2.701316,15.522739,3.182662,0.000000,0.000000,0.000000,0.000000,0.000000,0.000000,0.037285,-0.000622,0.004075,2.559533,15.285197,6.319786,0.057841,0.013856,-0.024566,-2.699503,9.450987,0.861007,0.075902,0.024084,-0.045347,-4.841320,7.805464,4.757109,0.033392,0.010306,0.010844,9.727416,13.450795,13.126533,0.055451,0.023601,-0.018982,-0.464968,4.385589,6.128822,0.074626,0.033820,-0.038516,-0.554837,2.330611,1.670414,0.051962,8,0.062296,8,0,0,1,0,0,0,0,0,0,0,0,1,0,0,0,0,0,0,0.010177,-15.102640,-20.841929,-26.395382
464,3528254353.856360,-0.037364,0.018227,-0.039820,69.241471,-47.779079,-35.943019,-0.043587,0.003614,-0.010552,69.568612,-42.910428,-45.681825,0.000000,0.000000,0.000000,0.000000,0.000000,0.000000,-0.030510,0.033994,-0.046026,68.595745,-59.641471,-34.826823,-0.041218,0.018810,-0.012132,65.923068,-43.994015,-39.535992,-0.038542,0.011748,0.003148,2.015860,-0.018339,5.149360,-0.042069,0.002487,-0.035607,62.609834,-55.317082,-28.584555,-0.048191,-0.013562,-0.004320,56.805557,-43.259625,-27.206367,-0.047830,-0.022265,0.016946,15.795564,-0.681324,15.364477,0.043646,-0.005690,-0.014576,-2.027532,19.861276,0.731769,0.063109,0.006727,-0.039486,-5.179579,17.321788,2.552959,0.000000,0.000000,0.000000,0.000000,0.000000,0.000000,0.038347,0.000217,0.001459,2.179418,15.855387,6.259204,0.058645,0.013888,-0.027832,-3.541822,10.067528,0.214137,0.076504,0.023696,-0.049376,-5.851587,9.747543,4.498544,0.034259,0.010828,0.009303,8.601325,15.108034,13.046880,0.056847,0.024600,-0.024207,-1.714107,5.930721,5.845064,0.075455,0.033662,-0.042936,-2.006573,3.739198,1.314837,0.051944,8,0.064586,8,0,0,1,0,0,0,0,0,0,0,0,1,0,0,0,0,0,0,0.010138,-15.199022,-21.155185,-26.175406
466,3528254354.058850,-0.038405,0.017081,-0.036631,70.677259,-48.887096,-37.734805,-0.043607,0.003048,-0.010261,73.063652,-43.507531,-48.578134,0.000000,0.000000,0.000000,0.000000,0.000000,0.000000,-0.030262,0.033703,-0.043722,73.629653,-59.802117,-37.981028,-0.042930,0.017098,-0.009092,70.056390,-44.063366,-42.022790,-0.039510,0.010459,0.004582,64.089090,-58.139108,-33.782857,-0.042789,0.001536,-0.033390,65.547612,-56.527513,-30.585825,-0.049005,-0.014670,-0.003622,60.451706,-43.970958,-29.219407,-0.049795,-0.024371,0.018325,54.621021,-62.623818,-30.369880,0.041476,-0.008470,-0.007832,0.170479,17.558885,1.553784,0.062292,0.005676,-0.033903,-3.609325,15.718087,2.788404,0.000000,0.000000,0.000000,0.000000,0.000000,0.000000,0.037248,-0.000529,0.003859,2.210412,15.186961,5.725009,0.057969,0.013438,-0.023828,-3.028360,8.858967,0.660867,0.076289,0.023679,-0.044508,-5.294207,8.163039,3.945477,0.032848,0.009607,0.012162,9.737566,12.829102,12.681730,0.055992,0.023839,-0.019638,-1.070838,4.945913,6.408376,0.075113,0.033601,-0.038197,-1.165707,2.461852,1.623763,0.051975,8,0.062272,8,0,0,1,0,0,0,0,0,0,0,0,1,0,0,0,0,0,0,0.010037,-14.662334,-21.522676,-26.565177
468,3528254354.257998,-0.037909,0.017715,-0.038358,69.971055,-48.202812,-36.583873,-0.042385,0.004013,-0.012137,73.257562,-43.428987,-48.423777,0.000000,0.000000,0.000000,0.000000,0.000000,0.000000,-0.030197,0.034244,-0.045432,72.065594,-59.044345,-36.486466,-0.040338,0.018965,-0.013137,69.863044,-44.395347,-41.726823,-0.039722,0.010358,0.004973,59.966413,-57.524310,-30.688641,-0.042521,0.001869,-0.034444,64.519191,-56.454502,-29.546796,-0.049029,-0.014934,-0.003257,13.098479,-13.408148,-4.072060,-0.048864,-0.024065,0.018138,52.055557,-62.436995,-27.837421,0.042529,-0.006900,-0.010817,-0.301923,18.606346,1.556723,0.062207,0.005902,-0.035011,-3.616441,15.575372,2.448210,0.000000,0.000000,0.000000,0.000000,0.000000,0.000000,0.038383,0.000963,0.000985,2.601300,16.225646,6.753603,0.058145,0.014150,-0.025539,-3.307713,9.151922,1.169732,0.076355,0.024942,-0.047637,-5.756960,8.459549,4.799240,0.033688,0.010628,0.010361,8.018174,14.029811,12.583135,0.055782,0.024056,-0.020186,-0.393059,4.710357,6.052013,0.074847,0.034151,-0.039727,-1.058267,2.491808,2.344315,0.052098,8,0.063137,8,0,0,1,0,0,0,0,0,0,0,0,1,0,0,0,0,0,0,0.010070,-15.202415,-21.090372,-26.504084
470,3528254354.459702,-0.039454,0.016349,-0.035371,70.573904,-48.087784,-36.556512,-0.042884,0.002879,-0.010878,74.209085,-43.092849,-48.259867,0.000000,0.000000,0.000000,0.000000,0.000000,0.000000,-0.031872,0.033147,-0.042096,72.829632,-59.090913,-37.040151,-0.041974,0.017163,-0.010254,71.270748,-43.618930,-42.114567,-0.040798,0.008656,0.006840,63.005795,-56.879662,-32.655805,-0.043049,0.001026,-0.032900,66.500533,-55.931845,-29.863182,-0.049582,-0.016448,-0.002075,58.990421,-43.045489,-27.632928,-0.048813,-0.025368,0.018040,55.357351,-62.329768,-30.863669,0.041507,-0.007576,-0.008129,1.176627,17.908785,2.575901,0.061415,0.006313,-0.032565,-2.550726,15.195658,4.145764,0.000000,0.000000,0.000000,0.000000,0.000000,0.000000,0.037681,0.000866,0.002245,2.623598,16.053751,7.110899,0.056525,0.013061,-0.020649,-0.993638,7.773480,1.887857,0.075021,0.024789,-0.042956,-3.412185,6.674716,5.282952,0.032064,0.009143,0.013950,10.188100,12.805140,13.521275,0.055063,0.024731,-0.018874,-0.013747,4.888980,6.712535,0.073615,0.034513,-0.036106,0.138912,2.127339,2.544179,0.051907,8,0.061298,8,0,0,1,0,0,0,0,0,0,0,0,1,0,0,0,0,0,0,0.010041,-15.059407,-21.682842,-26.415807
472,3528254354.677070,-0.038224,0.017664,-0.038060,69.446067,-47.770732,-36.377358,-0.043675,0.003090,-0.010116,70.718987,-42.869149,-46.043129,0.000000,0.000000,0.000000,0.000000,0.000000,0.000000,-0.031081,0.033831,-0.044533,-4.865258,-5.626747,2.671412,-0.040570,0.018907,-0.012743,68.741185,-43.904497,-41.018929,-0.040365,0.009918,0.006201,4.240390,-0.341674,5.720579,-0.042375,0.002168,-0.034716,63.660824,-55.552684,-28.093721,-0.047416,-0.013483,-0.005309,58.124053,-43.315417,-27.863635,-0.048241,-0.023506,0.017542,51.762343,-62.025338,-28.257137,0.042465,-0.006966,-0.011082,-0.941334,18.964063,1.507581,0.061628,0.004949,-0.033869,-2.786805,15.755096,3.250426,0.000000,0.000000,0.000000,0.000000,0.000000,0.000000,0.038810,0.001619,-0.000522,1.307002,16.937251,6.582905,0.057860,0.013814,-0.025358,-2.501811,9.527014,1.082836,0.075781,0.023943,-0.046420,-4.331392,8.917945,5.228444,0.033082,0.009677,0.012286,10.346073,13.277873,12.503945,0.055312,0.023337,-0.019049,-0.219489,2.622328,5.929436,0.074580,0.033907,-0.039832,-0.891026,2.164682,1.768004,0.051888,8,0.062644,8,0,0,1,0,0,0,0,0,0,0,0,1,0,0,0,0,0,0,0.010042,-14.414315,-21.830537,-27.038273
475,3528254354.952916,-0.037676,0.017975,-0.038973,2.802812,-9.985154,-5.472115,-0.043173,0.003538,-0.010982,70.779082,-43.310941,-46.734178,0.000000,0.000000,0.000000,0.000000,0.000000,0.000000,-0.031005,0.033840,-0.044745,70.554977,-58.885304,-35.708313,-0.040345,0.019090,-0.013213,68.992879,-44.397540,-41.565160,-0.038691,0.011220,0.003468,61.140571,-57.323448,-32.163007,-0.041678,0.002626,-0.035703,65.016785,-55.295707,-29.070302,-0.046826,-0.012980,-0.006226,60.089996,-43.766313,-29.543914,-0.047983,-0.023172,0.017058,51.702927,-62.345623,-27.948603,0.042654,-0.006840,-0.011313,-0.135797,18.761747,1.650257,0.062163,0.005620,-0.035256,-3.404134,16.118554,2.736382,0.000000,0.000000,0.000000,0.000000,0.000000,0.000000,0.038705,0.001337,0.000064,1.692006,16.728432,6.327334,0.057999,0.013769,-0.025418,-2.777672,9.727541,0.662159,0.076238,0.024540,-0.047863,-5.123356,8.340183,4.913494,0.034647,0.011756,0.007710,6.835894,15.142362,12.495390,0.056601,0.025306,-0.023541,-1.756257,5.558907,5.732044,0.075115,0.034630,-0.041721,-1.303846,2.902675,2.062924,0.051595,8,0.063691,8,0,0,1,0,0,0,0,0,0,0,0,1,0,0,0,0,0,0,0.009915,-14.722584,-22.123689,-26.740396
478,3528254355.263852,-0.038732,0.017213,-0.036672,70.480305,-48.263135,-36.757620,-0.044252,0.002463,-0.009290,72.027914,-42.817450,-46.738176,0.000000,0.000000,0.000000,0.000000,0.000000,0.000000,-0.030728,0.034008,-0.043867,73.166201,-58.983519,-37.541899,-0.039765,0.019241,-0.013574,71.860779,-44.595866,-43.080874,-0.039057,0.010606,0.004094,63.496183,-57.217903,-34.117152,-0.041963,0.002359,-0.034730,66.913297,-55.948600,-30.940710,-0.049499,-0.015483,-0.002570,57.339500,-43.185599,-27.597472,-0.049293,-0.024693,0.018325,17.303278,-2.291371,15.605846,0.042304,-0.006922,-0.010321,-0.078240,18.199744,2.003284,0.061886,0.005818,-0.033638,-3.055152,15.886680,3.316758,0.000000,0.000000,0.000000,0.000000,0.000000,0.000000,0.038116,0.000793,0.001517,2.198823,16.194300,6.419723,0.057205,0.012889,-0.022092,-1.720235,8.255110,0.815174,0.076071,0.024963,-0.045970,-4.873465,8.582972,5.289981,0.033015,0.009852,0.011965,10.281945,13.162711,13.077474,0.055706,0.024335,-0.019836,-0.954473,5.208337,6.402791,0.074984,0.035099,-0.040166,-1.724812,2.816006,1.789405,0.052027,8,0.062543,8,0,0,1,0,0,0,0,0,0,0,0,1,0,0,0,0,0,0,0.009795,-14.348540,-22.188041,-27.052873
479,3528254355.353210,-0.039298,0.016904,-0.036144,68.807902,-47.327642,-35.811527,-0.043802,0.002821,-0.009729,72.077865,-42.260636,-47.089401,0.000000,0.000000,0.000000,0.000000,0.000000,0.000000,-0.030376,0.034314,-0.044745,74.013164,-59.397676,-38.044179,-0.041334,0.018201,-0.011286,69.607247,-43.932116,-41.474453,-0.039329,0.010404,0.004758,61.687332,-56.533640,-32.242016,-0.041905,0.002497,-0.034887,66.606711,-55.373588,-29.985189,-0.048234,-0.014440,-0.003972,58.849163,-43.587118,-28.339419,-0.048588,-0.024203,0.018016,54.484630,-61.599390,-29.493521,0.042015,-0.007307,-0.009893,0.084600,18.462141,2.171650,0.061870,0.006264,-0.034981,-3.321977,16.148427,3.144708,0.000000,0.000000,0.000000,0.000000,0.000000,0.000000,0.037519,-0.000115,0.003136,3.060802,16.278038,7.230631,0.057246,0.013315,-0.023366,-1.993220,8.711930,1.255670,0.075588,0.024612,-0.046033,-4.690314,8.210437,5.074030,0.032901,0.009648,0.012302,11.231292,13.569104,13.221045,0.056203,0.025542,-0.022840,-1.522027,6.892282,6.827807,0.074447,0.034626,-0.039854,-0.900757,2.942833,1.718022,0.051851,8,0.062676,8,0,0,1,0,0,0,0,0,0,0,0,1,0,0,0,0,0,0,0.009780,-13.906690,-22.331332,-27.216305
481,3528254355.554666,-0.038995,0.016771,-0.037173,68.177879,-47.745268,-34.486112,-0.042899,0.003269,-0.011132,71.255446,-43.224292,-46.507598,0.000000,0.000000,0.000000,0.000000,0.000000,0.000000,-0.031561,0.033326,-0.044271,69.759077,-59.064850,-34.204653,-0.040672,0.018495,-0.012704,69.480829,-44.693139,-41.200811,-0.038805,0.010734,0.003795,60.846341,-56.653795,-30.660102,-0.042866,0.001334,-0.033938,64.493811,-55.313179,-27.931537,-0.048928,-0.015365,-0.002722,12.736084,-13.501390,-3.551154,-0.047536,-0.023502,0.017128,51.686383,-62.639663,-27.289305,0.042311,-0.006845,-0.010666,-0.620394,18.705680,1.716544,0.062212,0.007217,-0.037174,-4.221939,17.209133,3.220854,0.000000,0.000000,0.000000,0.000000,0.000000,0.000000,0.038241,0.001135,0.001010,1.950738,16.636036,7.153357,0.057361,0.013785,-0.024563,-2.873377,9.437178,1.115301,0.075453,0.024729,-0.047099,-5.730374,9.168855,4.956965,0.033656,0.010926,0.010058,8.914005,14.666953,13.640527,0.055447,0.024578,-0.021049,-0.686066,5.661739,6.721974,0.074490,0.035272,-0.042035,-2.041652,3.884664,2.423530,0.051662,8,0.063125,8,0,0,1,0,0,0,0,0,0,0,0,1,0,0,0,0,0,0,0.009715,-13.955192,-22.521468,-27.421463
483,3528254355.757124,-0.038326,0.017292,-0.037865,69.380403,-48.010950,-36.456715,-0.044434,0.002357,-0.009007,70.136358,-43.080236,-45.621164,0.000000,0.000000,0.000000,0.000000,0.000000,0.000000,-0.030915,0.033594,-0.044778,-5.068001,-5.713306,2.331841,-0.040758,0.018571,-0.012454,68.995949,-44.711530,-41.567628,-0.039367,0.010538,0.004539,3.381319,0.080786,5.841336,-0.042659,0.001638,-0.034189,64.092892,-55.767082,-28.485642,-0.048493,-0.014579,-0.003679,12.031439,-13.374213,-3.793798,-0.048921,-0.024176,0.018753,52.800665,-61.890766,-28.357449,0.042445,-0.006906,-0.011033,-0.273985,18.837309,1.907102,0.062479,0.006882,-0.037248,-4.103331,16.976028,3.138672,0.000000,0.000000,0.000000,0.000000,0.000000,0.000000,0.037979,0.000411,0.001960,2.421135,16.154702,6.411375,0.057896,0.013920,-0.025597,-3.090674,9.689218,1.388266,0.075850,0.024253,-0.047143,-5.709411,8.797908,4.651165,0.033589,0.010540,0.010430,8.115941,14.091561,13.155960,0.055900,0.024448,-0.021566,-0.998082,5.196180,6.206073,0.074895,0.034721,-0.041894,-1.497253,3.192332,1.895515,0.052073,8,0.063356,8,0,0,1,0,0,0,0,0,0,0,0,1,0,0,0,0,0,0,0.009748,-13.333522,-22.665801,-27.805498
485,3528254355.953588,-0.056858,-0.001681,-0.000333,-1.331554,-9.665559,3.530550,-0.038463,0.008127,0.019486,-4.693729,-16.089421,-3.420268,0.000000,0.000000,0.000000,0.000000,0.000000,0.000000,-0.061310,0.002506,-0.017380,-2.959696,-12.453183,14.510573,-0.042559,0.016604,0.007976,-4.359785,-12.175335,-0.830400,-0.027783,0.022535,0.018516,-58.958335,45.660408,-23.582805,-0.052569,-0.008459,0.013256,-1.260975,-8.529749,12.234313,-0.031322,0.003542,0.038212,-6.268142,-2.725101,1.900052,-0.013561,0.012933,0.053505,-15.009293,-10.536103,18.891506,0.023996,-0.026342,-0.026481,-81.740877,47.564087,-50.782460,0.015011,-0.042408,-0.058954,-84.338091,49.108146,-48.179098,0.000000,0.000000,0.000000,0.000000,0.000000,0.000000,0.026435,-0.011750,-0.025186,-76.572264,52.224778,-45.285357,0.017793,-0.028065,-0.056109,-74.940544,45.475521,-38.543915,0.013000,-0.041660,-0.081472,-75.594638,47.910080,-34.921526,0.026113,0.002415,-0.025822,-66.557141,58.342491,-39.541598,0.016107,-0.017425,-0.060081,-66.435660,47.971004,-27.621938,0.013163,-0.030384,-0.085359,-66.497992,43.254259,-28.773003,0.051536,8,0.063438,8,0,0,1,0,0,0,0,0,0,0,0,1,0,0,0,0,0,0,0.009647,-14.347898,-22.771249,-27.203325
486,3528254356.050968,-0.038558,0.017142,-0.037697,68.909563,-48.017472,-35.812663,-0.041942,0.004309,-0.012695,71.742581,-43.637313,-47.117493,0.000000,0.000000,0.000000,0.000000,0.000000,0.000000,-0.030332,0.033930,-0.045578,71.271425,-59.324558,-36.057972,-0.038851,0.019933,-0.015335,69.914551,-45.393295,-41.917357,-0.038988,0.010967,0.003941,59.501838,-57.465302,-31.868134,-0.040785,0.003079,-0.036714,65.482423,-56.120562,-29.741689,-0.047263,-0.013402,-0.005474,58.509397,-43.912767,-28.224769,-0.047865,-0.022960,0.016916,15.671380,-0.838504,15.740707,0.043258,-0.005735,-0.013312,-1.413322,19.539187,1.248682,0.063332,0.008234,-0.040084,-5.260987,17.751341,2.710114,0.000000,0.000000,0.000000,0.000000,0.000000,0.000000,0.037509,-0.000481,0.003662,2.014173,15.176486,5.962194,0.057874,0.013449,-0.025108,-3.074223,9.452480,0.831777,0.076812,0.025888,-0.050994,-7.247102,10.215655,4.345570,0.033580,0.010464,0.010642,9.234219,14.844803,13.669929,0.056081,0.024322,-0.021706,-1.979988,4.464544,6.352283,0.074866,0.033899,-0.040722,-1.366653,2.222731,1.482153,0.051514,8,0.064039,8,0,0,1,0,0,0,0,0,0,0,0,1,0,0,0,0,0,0,0.009604,-13.487089,-22.934131,-27.668497
488,3528254356.252824,-0.038874,0.017243,-0.037686,67.273301,-47.049204,-34.343262,-0.041912,0.004466,-0.012672,71.022318,-43.578816,-46.111975,0.000000,0.000000,0.000000,0.000000,0.000000,0.000000,-0.031408,0.033723,-0.044915,69.325221,-58.762519,-34.408518,-0.039536,0.019669,-0.014428,68.426969,-44.136677,-40.637799,-0.038049,0.011664,0.002798,61.175645,-56.956351,-32.159165,-0.042424,0.002140,-0.034895,63.125379,-55.405881,-28.166616,-0.047531,-0.013619,-0.004741,58.049355,-43.334320,-27.569937,-0.047057,-0.022549,0.016592,51.084933,-62.001560,-27.428232,0.043020,-0.006013,-0.013196,-1.150901,19.476511,1.654680,0.062146,0.006432,-0.037505,-3.767380,16.965596,3.128759,0.000000,0.000000,0.000000,0.000000,0.000000,0.000000,0.038808,0.001528,-0.000598,1.436292,17.005481,6.741192,0.057463,0.013210,-0.024991,-2.161173,9.180521,0.837560,0.075670,0.024353,-0.048597,-5.633289,9.661021,4.283963,0.034173,0.011083,0.009076,7.873632,15.690657,13.475411,0.055845,0.024478,-0.022369,-1.655795,5.154537,5.826465,0.074696,0.034693,-0.042991,-1.891461,4.020187,1.824274,0.051367,8,0.063653,8,0,0,1,0,0,0,0,0,0,0,0,1,0,0,0,0,0,0,0.009427,-13.003270,-23.237726,-28.039214
489,3528254356.355528,-0.038150,0.017899,-0.038156,70.252146,-47.889248,-37.168244,-0.042930,0.003796,-0.011096,71.436425,-43.020372,-46.530161,0.000000,0.000000,0.000000,0.000000,0.000000,0.000000,-0.030890,0.034159,-0.044825,71.375926,-58.667558,-36.082727,-0.041716,0.018220,-0.010858,67.845986,-43.286669,-40.257866,-0.038443,0.011328,0.003414,3.190630,0.758082,5.614587,-0.043112,0.001820,-0.033749,61.987630,-54.915102,-27.676181,-0.047829,-0.013728,-0.004526,58.205166,-43.449931,-28.216720,-0.048495,-0.023746,0.018268,50.852780,-61.961998,-27.958019,0.042374,-0.007092,-0.011134,-0.119127,19.288537,1.764767,0.061848,0.005775,-0.035737,-3.260196,16.162064,2.938773,0.000000,0.000000,0.000000,0.000000,0.000000,0.000000,0.038636,0.001310,-0.000242,2.172709,16.570615,6.229546,0.057751,0.013763,-0.025680,-2.621761,9.756735,0.987493,0.075953,0.024918,-0.048764,-5.935725,9.950280,4.323115,0.033971,0.010744,0.009554,7.423371,15.153686,12.706970,0.056213,0.024989,-0.023081,-1.310810,6.116723,6.107868,0.075008,0.035190,-0.043253,-2.344420,4.306051,2.083948,0.051799,8,0.063635,8,0,0,1,0,0,0,0,0,0,0,0,1,0,0,0,0,0,0,0.009458,-13.347100,-23.192278,-28.075422
490,3528254356.452264,-0.037730,0.017946,-0.038248,71.050353,-48.323567,-37.684774,-0.043278,0.003472,-0.010597,72.316877,-42.994876,-47.736514,0.000000,0.000000,0.000000,0.000000,0.000000,0.000000,-0.030775,0.033908,-0.044292,71.145093,-59.600129,-36.314022,-0.040358,0.019017,-0.012732,69.875342,-44.606865,-41.774265,-0.038786,0.011081,0.003789,3.310761,0.080547,5.686062,-0.043423,0.001376,-0.033071,62.741278,-55.377625,-28.268833,-0.048479,-0.014225,-0.003812,57.581864,-43.380045,-27.766279,-0.049173,-0.024079,0.018681,51.803827,-62.053897,-28.374123,0.042246,-0.007399,-0.010359,-0.263294,18.235964,1.234889,0.061881,0.005261,-0.034471,-3.434209,16.174912,2.934177,0.000000,0.000000,0.000000,0.000000,0.000000,0.000000,0.038449,0.001002,0.000534,1.742768,15.945241,6.157195,0.057073,0.011973,-0.021965,-1.030040,8.030094,0.827096,0.076077,0.024128,-0.046895,-5.308808,9.200313,4.991305,0.033376,0.009976,0.011280,8.312927,14.451236,12.554769,0.055865,0.023938,-0.020638,-0.960799,5.720727,6.014158,0.075135,0.034517,-0.041516,-2.088474,3.192562,1.789411,0.051884,8,0.062728,8,0,0,1,0,0,0,0,0,0,0,0,1,0,0,0,0,0,0,0.009443,-13.247195,-23.196241,-27.920303
491,3528254356.555037,-0.038902,0.017523,-0.036090,71.624668,-47.752865,-37.808514,-0.042957,0.003622,-0.010951,74.705827,-41.987704,-48.691943,0.000000,0.000000,0.000000,0.000000,0.000000,0.000000,-0.031574,0.033938,-0.042171,73.503878,-58.777945,-38.413300,-0.039834,0.019333,-0.013097,73.517648,-44.254754,-44.029137,-0.039547,0.010189,0.005050,63.977981,-57.234328,-34.663481,-0.041919,0.002810,-0.034612,67.674256,-55.394399,-31.434616,-0.049412,-0.015293,-0.002839,58.000565,-42.932966,-28.169449,-0.049270,-0.024788,0.018030,54.794516,-62.211642,-31.859195,0.042852,-0.005722,-0.012234,0.042463,18.618072,1.840634,0.062596,0.007879,-0.036408,-3.081916,16.463944,3.663256,0.000000,0.000000,0.000000,0.000000,0.000000,0.000000,0.038149,0.000925,0.001225,2.960721,15.843377,6.882526,0.056998,0.012765,-0.021385,-0.534580,8.207409,1.466042,0.075707,0.024512,-0.044047,-3.235677,8.207953,5.288874,0.032497,0.008952,0.013521,11.003951,13.326454,13.488402,0.056144,0.025270,-0.021114,-0.648715,5.468958,6.115695,0.074318,0.033995,-0.036685,1.002366,1.296385,1.835060,0.051827,8,0.062512,8,0,0,1,0,0,0,0,0,0,0,0,1,0,0,0,0,0,0,0.009360,-12.830746,-23.361027,-28.197279
492,3528254356.652884,-0.037938,0.018032,-0.037124,72.759227,-48.155673,-38.603091,-0.044239,0.002669,-0.009144,72.290640,-43.111342,-48.131641,0.000000,0.000000,0.000000,0.000000,0.000000,0.000000,-0.032001,0.033436,-0.041398,73.016695,-58.250600,-37.939300,-0.041203,0.018399,-0.011127,71.386723,-44.040352,-42.603296,-0.039183,0.010552,0.004473,64.572294,-57.321699,-34.688301,-0.042002,0.002662,-0.034356,68.455764,-55.727565,-32.266453,-0.050037,-0.015638,-0.002055,58.112115,-43.355445,-28.534296,-0.049281,-0.024421,0.017829,54.804665,-62.283410,-31.563265,0.042117,-0.007132,-0.010032,0.686565,17.840770,1.693466,0.062109,0.006342,-0.034240,-2.554990,15.716153,3.242713,0.000000,0.000000,0.000000,0.000000,0.000000,0.000000,0.037559,-0.000070,0.002898,3.472569,15.836640,7.220295,0.057163,0.012754,-0.021742,-0.787854,9.002385,1.454445,0.075954,0.024444,-0.044514,-4.122374,8.863679,5.019042,0.032642,0.009199,0.012883,10.368420,13.916484,13.630889,0.055843,0.024320,-0.019676,-0.600862,4.901482,6.295338,0.074450,0.033549,-0.036529,0.292614,1.056782,1.255860,0.051915,8,0.062043,8,0,0,1,0,0,0,0,0,0,0,0,1,0,0,0,0,0,0,0.009311,-13.029431,-23.492198,-28.331857
494,3528254356.861439,-0.038474,0.017525,-0.037794,68.912209,-48.091760,-36.463548,-0.043236,0.003484,-0.010910,70.522634,-43.147698,-46.249583,0.000000,0.000000,0.000000,0.000000,0.000000,0.000000,-0.030881,0.034027,-0.044732,71.304614,-59.335659,-36.728959,-0.039658,0.019563,-0.014127,70.221543,-44.668178,-41.624249,-0.038202,0.011541,0.002626,2.755090,0.696168,5.233642,-0.041466,0.002867,-0.035948,65.004535,-55.647612,-29.783710,-0.048037,-0.014021,-0.004555,58.320233,-43.600637,-28.224452,-0.048237,-0.023485,0.017283,51.895616,-62.184964,-28.835210,0.042759,-0.006580,-0.011622,-0.385955,18.564021,1.465930,0.062818,0.007356,-0.037805,-4.080145,16.813816,2.917718,0.000000,0.000000,0.000000,0.000000,0.000000,0.000000,0.038479,0.001030,0.000719,1.500335,15.800366,6.072291,0.057896,0.013749,-0.024972,-2.314004,8.691152,1.147089,0.076481,0.025429,-0.048936,-5.462389,9.451339,5.575866,0.033722,0.010539,0.010437,8.066389,13.986256,12.505557,0.056482,0.025195,-0.022863,-1.268032,5.178728,6.133742,0.074769,0.034065,-0.039853,-0.234102,1.546334,1.536139,0.051693,8,0.063737,8,0,0,1,0,0,0,0,0,0,0,0,1,0,0,0,0,0,0,0.009315,-12.917229,-23.565824,-28.261418
496,3528254357.058950,-0.037460,0.018709,-0.039848,69.894265,-47.622890,-36.733280,-0.042949,0.003862,-0.011092,68.684962,-42.281556,-45.197747,0.000000,0.000000,0.000000,0.000000,0.000000,0.000000,-0.030762,0.034655,-0.046049,70.013027,-58.102314,-34.283449,-0.040866,0.019014,-0.012333,67.399390,-42.882374,-39.956086,-0.038317,0.011504,0.003504,59.379877,-56.457526,-30.807112,-0.041462,0.003327,-0.036407,64.616578,-54.888171,-29.193704,-0.047529,-0.013546,-0.004708,11.554643,-11.132728,-3.581930,-0.046545,-0.022249,0.016069,49.292052,-62.267524,-26.971833,0.042956,-0.006175,-0.013236,-0.403830,19.913733,1.911677,0.062528,0.007807,-0.040147,-3.913581,17.862388,3.630566,0.000000,0.000000,0.000000,0.000000,0.000000,0.000000,0.039365,0.002249,-0.002363,2.086425,17.674401,7.090933,0.057961,0.014437,-0.027639,-2.787163,10.424032,0.534944,0.075958,0.026029,-0.051895,-6.482118,11.045952,4.964696,0.034568,0.011446,0.008070,8.732900,15.991615,12.784386,0.056392,0.025614,-0.024952,-1.982445,6.678319,6.207122,0.074310,0.034327,-0.042043,0.103398,2.679787,1.829221,0.051688,8,0.064638,8,0,0,1,0,0,0,0,0,0,0,0,1,0,0,0,0,0,0,0.009318,-12.949071,-23.807026,-28.417520
498,3528254357.258706,-0.037654,0.017651,-0.038857,69.918040,-49.014818,-37.164335,-0.041652,0.004385,-0.013553,73.183522,-43.550529,-47.837973,0.000000,0.000000,0.000000,0.000000,0.000000,0.000000,-0.029168,0.034684,-0.046921,-5.398717,-5.834014,2.850366,-0.040604,0.018720,-0.013233,70.081205,-44.497853,-41.629971,-0.038458,0.011238,0.002442,62.628076,-57.453754,-33.166876,-0.041024,0.002689,-0.036529,65.594694,-56.264729,-29.917317,-0.047774,-0.014112,-0.005436,58.953824,-44.321880,-28.259857,-0.047871,-0.023283,0.015946,53.072572,-63.004486,-28.895173,0.043402,-0.005647,-0.012465,-0.845285,18.109945,1.752947,0.062880,0.006675,-0.035495,-3.439888,15.375930,3.570329,0.000000,0.000000,0.000000,0.000000,0.000000,0.000000,0.038616,0.001333,0.000844,2.504587,15.182611,6.771541,0.058172,0.013921,-0.024220,-1.573335,8.511825,1.659592,0.076751,0.025163,-0.046870,-6.027804,9.042322,5.257627,0.034032,0.011327,0.009422,7.557097,14.392628,13.332924,0.056016,0.024378,-0.019846,-0.774893,3.570979,6.453207,0.075620,0.035444,-0.041265,-1.464191,2.918834,1.857475,0.051702,8,0.063632,8,0,0,1,0,0,0,0,0,0,0,0,1,0,0,0,0,0,0,0.009189,-12.222662,-23.991586,-28.609883
500,3528254357.459552,-0.037687,0.017549,-0.038195,70.839485,-48.694272,-37.153854,-0.042415,0.003802,-0.011959,72.749196,-43.852269,-47.994777,0.000000,0.000000,0.000000,0.000000,0.000000,0.000000,-0.031934,0.032800,-0.042584,70.551190,-59.879494,-36.167833,-0.040903,0.018393,-0.012192,69.748417,-44.511487,-41.426917,-0.038633,0.011045,0.003151,2.879932,-0.341550,5.558187,-0.041851,0.002103,-0.034932,65.831579,-56.094441,-29.512324,-0.048066,-0.014189,-0.004638,11.860350,-12.451881,-3.767946,-0.048694,-0.023814,0.017457,16.837012,-2.146687,16.132518,0.042436,-0.007021,-0.010371,-0.177944,18.240182,1.941320,0.062502,0.006399,-0.035465,-4.101766,15.414411,2.670121,0.000000,0.000000,0.000000,0.000000,0.000000,0.000000,0.038349,0.001101,0.000928,1.838910,15.447259,6.209636,0.057645,0.013198,-0.023409,-2.487081,8.204713,0.568177,0.076240,0.024405,-0.046225,-5.463289,9.222398,4.834630,0.033174,0.010090,0.011590,8.756610,13.234055,13.655344,0.056130,0.024557,-0.021121,-1.088587,4.969298,6.400063,0.074929,0.034067,-0.039335,-1.305397,2.059940,1.468777,0.051478,8,0.062925,8,0,0,1,0,0,0,0,0,0,0,0,1,0,0,0,0,0,0,0.008931,-12.594852,-24.251069,-28.633694
502,3528254357.677494,-0.038242,0.017241,-0.038512,1.552122,-9.074147,-5.307242,-0.043724,0.003129,-0.009970,69.255412,-43.231693,-45.161966,0.000000,0.000000,0.000000,0.000000,0.000000,0.000000,-0.031109,0.033253,-0.045205,68.445494,-59.493140,-34.068428,-0.041778,0.018096,-0.011113,66.547787,-44.220592,-39.447497,-0.038282,0.011605,0.003080,59.391404,-57.236091,-31.034066,-0.042362,0.001866,-0.034833,61.200345,-55.258599,-26.425845,-0.048770,-0.014470,-0.002827,55.718967,-42.849842,-26.008150,-0.047955,-0.022788,0.017929,50.035910,-62.393690,-27.220414,0.042844,-0.006604,-0.012552,-1.628595,19.109058,1.095272,0.062099,0.005442,-0.036887,-5.054252,15.687735,2.174178,0.000000,0.000000,0.000000,0.000000,0.000000,0.000000,0.039037,0.001737,-0.001408,-0.223256,17.085862,6.093658,0.057922,0.013422,-0.026619,-3.574298,10.302440,0.686261,0.075719,0.023218,-0.048234,-6.015647,10.490136,5.035847,0.033492,0.010121,0.011144,7.731048,13.958178,12.362024,0.056160,0.024260,-0.023241,-1.951523,6.593164,6.254255,0.074861,0.033799,-0.043109,-1.803867,4.742580,1.895496,0.051865,8,0.063683,8,0,0,1,0,0,0,0,0,0,0,0,1,0,0,0,0,0,0,0.009054,-12.127443,-24.621129,-29.060748
503,3528254357.759070,-0.056348,-0.001633,0.001224,-3.313991,-9.839745,4.947024,-0.037436,0.009803,0.023526,-6.046994,-15.554969,-2.452330,0.000000,0.000000,0.000000,0.000000,0.000000,0.000000,-0.061138,0.001627,-0.017443,-3.364326,-12.577847,15.979797,-0.042797,0.016116,0.007901,-4.728601,-12.404308,-0.290828,-0.027562,0.023297,0.020160,-9.796869,-10.091983,14.225398,-0.051764,-0.007822,0.016054,-4.450441,-7.910184,13.789506,-0.030992,0.004164,0.040092,-8.419332,-2.228551,2.597619,-0.014381,0.012572,0.052528,-15.758054,-11.155259,20.038420,0.024068,-0.026384,-0.026823,-81.612507,47.222839,-49.588912,0.016909,-0.041838,-0.057342,-82.899517,48.506020,-46.106822,0.000000,0.000000,0.000000,0.000000,0.000000,0.000000,0.026505,-0.011607,-0.025224,-76.911007,52.160084,-45.055453,0.019445,-0.027364,-0.054542,-74.342893,44.154919,-36.358222,0.013601,-0.042074,-0.081653,-76.926726,48.847320,-35.711673,0.026086,0.002614,-0.025810,-66.910987,56.970290,-38.334113,0.017278,-0.016958,-0.059019,-67.692363,47.708860,-29.450743,0.013127,-0.031239,-0.086173,-69.310639,44.220194,-30.295825,0.051814,8,0.063262,8,0,0,1,0,0,0,0,0,0,0,0,1,0,0,0,0,0,0,0.008979,-11.672473,-24.490967,-29.089956
505,3528254357.955392,-0.038212,0.017694,-0.038615,69.135319,-48.147669,-35.938851,-0.042780,0.003824,-0.011806,71.107441,-42.747056,-46.118922,0.000000,0.000000,0.000000,0.000000,0.000000,0.000000,-0.030967,0.034054,-0.045398,-4.205668,-6.345326,2.448241,-0.039811,0.019511,-0.014285,69.855710,-44.561643,-41.872191,-0.036850,0.012560,0.000380,63.157243,-56.864381,-33.161618,-0.042241,0.002207,-0.035286,62.783739,-55.540851,-28.165647,-0.048398,-0.014398,-0.004154,12.705639,-13.092944,-3.879665,-0.047258,-0.022711,0.015952,53.837263,-62.321160,-28.751092,0.043441,-0.005563,-0.013487,-0.800600,18.967845,1.694758,0.062899,0.007271,-0.037945,-4.509067,16.417692,2.779782,0.000000,0.000000,0.000000,0.000000,0.000000,0.000000,0.039139,0.001988,-0.001020,1.742306,17.015872,6.699566,0.058495,0.014788,-0.027134,-2.887587,8.929618,0.699752,0.076736,0.025989,-0.050276,-5.766561,10.573330,4.926470,0.034550,0.011646,0.008274,7.922311,13.853300,12.311707,0.056514,0.025257,-0.022988,-1.186660,4.888386,6.115610,0.075219,0.035073,-0.042170,-1.222414,3.094541,2.556975,0.051549,8,0.064608,8,0,0,1,0,0,0,0,0,0,0,0,1,0,0,0,0,0,0,0.008720,-11.517165,-24.944275,-29.397223
507,3528254358.155444,-0.038811,0.016948,-0.036982,69.447901,-48.353579,-36.070796,-0.044143,0.002398,-0.009463,71.220934,-43.226671,-46.615379,0.000000,0.000000,0.000000,0.000000,0.000000,0.000000,-0.030853,0.033735,-0.044328,72.631745,-59.729018,-37.352857,-0.042253,0.017456,-0.010293,68.805960,-43.561281,-40.812361,-0.039076,0.010558,0.004027,61.667456,-57.155271,-32.175599,-0.041950,0.002102,-0.034900,65.937953,-56.225665,-29.992136,-0.048281,-0.014610,-0.004069,59.007760,-44.137711,-28.494071,-0.048862,-0.024439,0.018223,52.247634,-62.936575,-28.464817,0.042674,-0.006206,-0.011507,-0.508095,18.757837,2.007834,0.062331,0.006873,-0.035843,-3.730049,15.964000,3.199220,0.000000,0.000000,0.000000,0.000000,0.000000,0.000000,0.038596,0.001738,-0.000082,1.804305,16.704618,6.379621,0.057286,0.013222,-0.022975,-1.911917,8.219838,1.082158,0.075893,0.024978,-0.046531,-5.805836,9.293920,5.091415,0.033315,0.010399,0.011102,8.617746,13.730852,13.040650,0.055375,0.024042,-0.019374,-0.183350,4.095315,6.019414,0.074241,0.033861,-0.037984,-0.641897,1.753533,1.414941,0.051933,8,0.062639,8,0,0,1,0,0,0,0,0,0,0,0,1,0,0,0,0,0,0,0.008522,-11.227253,-25.061037,-29.603131
509,3528254358.352724,-0.057112,-0.003043,-0.001371,-1.247062,-10.025360,4.797146,-0.038514,0.007846,0.020261,-5.542313,-16.012036,-2.494251,0.000000,0.000000,0.000000,0.000000,0.000000,0.000000,-0.061574,0.001108,-0.018462,-2.365277,-12.661077,15.460714,-0.042687,0.016426,0.008797,-4.386628,-12.040020,-0.630155,-0.028532,0.021653,0.017798,-58.271257,45.296951,-21.298254,-0.052401,-0.009036,0.013884,-2.773688,-9.020961,13.647823,-0.031236,0.003384,0.039381,-7.115652,-2.962848,2.250343,-0.014720,0.011568,0.051602,-15.206488,-10.415089,19.690827,0.021838,-0.027774,-0.030654,-83.474821,47.916866,-50.824776,0.016634,-0.041602,-0.058231,-83.286478,49.531439,-46.754153,0.000000,0.000000,0.000000,0.000000,0.000000,0.000000,0.026251,-0.011631,-0.025942,-76.705481,52.709309,-44.514678,0.018497,-0.027614,-0.056292,-74.107496,45.088100,-36.175551,0.012959,-0.041848,-0.082988,-75.153042,48.656488,-33.690672,0.026769,0.003412,-0.024928,-65.657906,57.858357,-37.796453,0.015703,-0.017746,-0.061478,-67.645074,48.297731,-27.976628,0.013738,-0.030084,-0.085871,-66.461773,43.549458,-27.888670,0.051565,8,0.064100,8,0,0,1,0,0,0,0,0,0,0,0,1,0,0,0,0,0,0,0.008609,-11.575778,-25.066232,-29.724385
511,3528254358.553428,-0.038960,0.017314,-0.036949,69.314753,-47.262737,-35.730161,-0.043895,0.002952,-0.009721,70.747619,-42.282253,-46.157875,0.000000,0.000000,0.000000,0.000000,0.000000,0.000000,-0.031711,0.033680,-0.043469,70.538582,-58.875041,-35.379610,-0.041283,0.018409,-0.011511,69.477063,-43.357243,-41.420726,-0.039510,0.010444,0.005069,61.347452,-56.633673,-32.222370,-0.042897,0.001872,-0.033896,63.629352,-54.985849,-28.403210,-0.048826,-0.014767,-0.003166,57.426277,-42.826109,-27.419783,-0.048317,-0.023779,0.017705,18.173317,-1.355262,16.797628,0.042343,-0.006978,-0.010894,0.441754,18.858734,2.180849,0.062432,0.007299,-0.037495,-3.784493,17.068143,3.406506,0.000000,0.000000,0.000000,0.000000,0.000000,0.000000,0.038270,0.000795,0.001053,2.546123,16.598690,6.864804,0.058227,0.014954,-0.027158,-2.983696,10.696153,1.486617,0.075703,0.024548,-0.046860,-4.845393,8.788367,5.152834,0.034042,0.011026,0.009235,7.842863,14.964516,12.669100,0.056405,0.025553,-0.023514,-1.766130,5.447559,6.045768,0.074807,0.035076,-0.041733,-1.424904,5.086957,2.382576,0.051909,8,0.063730,8,0,0,1,0,0,0,0,0,0,0,0,1,0,0,0,0,0,0,0.008646,-11.641454,-25.238381,-29.584566
512,3528254358.654664,-0.039606,0.016910,-0.035826,68.944694,-47.055498,-35.658519,-0.045462,0.001519,-0.006963,68.933559,-41.816113,-45.079786,0.000000,0.000000,0.000000,0.000000,0.000000,0.000000,-0.032262,0.033408,-0.042644,-3.832302,-5.282187,2.785143,-0.040967,0.018442,-0.011527,70.321139,-43.669937,-42.093441,-0.038725,0.010701,0.004349,62.546476,-56.455742,-32.334409,-0.044488,0.000644,-0.031486,62.594242,-54.376438,-28.095028,-0.049141,-0.015343,-0.002197,13.477502,-12.715519,-3.762396,-0.048222,-0.024209,0.018354,51.846653,-61.518325,-28.706428,0.042174,-0.006701,-0.011267,0.221410,19.212653,1.989946,0.061910,0.007592,-0.037626,-3.447653,17.774137,3.765324,0.000000,0.000000,0.000000,0.000000,0.000000,0.000000,0.037912,0.000573,0.001500,2.674798,15.834661,6.633718,0.057178,0.013952,-0.024984,-2.042654,10.423373,2.063027,0.074891,0.024438,-0.046173,-4.404920,8.741064,4.796076,0.033127,0.009870,0.011587,8.435509,14.689850,13.197050,0.055511,0.024972,-0.021973,-1.351661,5.504822,6.309724,0.073569,0.033902,-0.038685,-0.133417,2.848437,1.828792,0.051863,8,0.062643,8,0,0,1,0,0,0,0,0,0,0,0,1,0,0,0,0,0,0,0.008783,-11.039681,-25.375110,-29.874607
513,3528254358.753286,-0.055992,-0.001152,0.001885,-3.271044,-9.312757,4.448598,-0.036094,0.011902,0.026770,-9.462417,-13.988060,-1.520052,0.000000,0.000000,0.000000,0.000000,0.000000,0.000000,-0.061261,0.001026,-0.018269,-3.029016,-13.134142,15.872212,-0.041932,0.017416,0.009803,-64.293794,29.321807,-28.110116,-0.027250,0.023466,0.019805,-9.986690,-9.959294,14.576137,-0.051487,-0.007368,0.016304,-5.056125,-7.881594,13.619435,-0.030622,0.004720,0.040078,-47.385833,31.477891,-15.696940,-0.012936,0.014533,0.055106,-15.599373,-9.547949,19.208992,0.023520,-0.026826,-0.026862,-83.621417,46.768017,-51.350412,0.016261,-0.042436,-0.056842,-85.298732,49.071677,-48.586918,0.000000,0.000000,0.000000,0.000000,0.000000,0.000000,0.026656,-0.011617,-0.024520,-78.113830,51.106057,-46.246347,0.019130,-0.027805,-0.053910,-75.224321,44.549434,-37.865140,0.013363,-0.042630,-0.080492,-77.062917,48.080908,-35.792121,0.027425,0.003570,-0.023574,-68.198468,56.742692,-40.026072,0.017292,-0.017305,-0.058129,-67.086768,47.451098,-28.288101,0.012773,-0.031902,-0.085238,-69.790082,43.741112,-29.988374,0.052196,8,0.062805,8,0,0,1,0,0,0,0,0,0,0,0,1,0,0,0,0,0,0,0.008798,-11.245448,-25.706070,-29.677347
515,3528254358.953275,-0.038777,0.017398,-0.036885,70.056611,-47.153886,-36.502827,-0.043328,0.003346,-0.010397,72.305260,-43.030246,-47.758628,0.000000,0.000000,0.000000,0.000000,0.000000,0.000000,-0.031976,0.033441,-0.042707,71.410612,-59.215561,-36.395287,-0.040328,0.018994,-0.012692,70.281721,-43.966843,-42.169797,-0.038474,0.011139,0.003537,62.554359,-56.716046,-33.290140,-0.042979,0.001835,-0.033594,64.173332,-55.331092,-29.577357,-0.047719,-0.013803,-0.004719,60.345068,-43.486875,-29.289339,-0.048611,-0.024005,0.018014,17.027774,-1.220806,15.828767,0.042287,-0.006958,-0.010858,0.327278,18.932001,2.139529,0.061828,0.006015,-0.035160,-3.262226,16.542997,3.202962,0.000000,0.000000,0.000000,0.000000,0.000000,0.000000,0.038108,0.000656,0.001347,3.055066,16.299712,6.778051,0.057460,0.013487,-0.024240,-1.965744,9.433098,1.444075,0.075461,0.023985,-0.045577,-3.995898,8.645337,5.520237,0.032887,0.009447,0.012572,8.624565,13.374102,12.373169,0.055736,0.024420,-0.020988,-0.604525,4.934313,6.697775,0.074347,0.034039,-0.039281,-0.140884,2.783763,2.027251,0.051511,8,0.062554,8,0,0,1,0,0,0,0,0,0,0,0,1,0,0,0,0,0,0,0.008410,1.057964,49.951768,-44.290083
517,3528254359.153314,-0.038310,0.017477,-0.037305,71.989549,-47.533054,-37.246103,-0.045677,0.000942,-0.007130,70.496782,-41.994552,-45.840616,0.000000,0.000000,0.000000,0.000000,0.000000,0.000000,-0.031293,0.033855,-0.043461,74.135472,-59.006689,-37.429658,-0.041487,0.017819,-0.011158,70.979013,-43.296567,-41.248168,-0.039679,0.009745,0.005151,63.019864,-56.809343,-33.275423,-0.043167,0.001234,-0.033141,65.758835,-55.504968,-30.102930,-0.049019,-0.015718,-0.002877,58.366859,-42.917893,-27.513825,-0.048039,-0.024480,0.017097,54.295616,-62.414946,-29.823568,0.042662,-0.005747,-0.011603,0.355356,18.732587,2.860819,0.061836,0.007123,-0.034631,-2.742956,16.021987,3.714794,0.000000,0.000000,0.000000,0.000000,0.000000,0.000000,0.038064,0.001250,0.001357,3.065012,16.396469,7.777835,0.057148,0.014081,-0.023142,-1.895925,9.456291,1.927783,0.075253,0.025258,-0.044725,-4.198785,8.410234,5.770164,0.033165,0.010505,0.011102,9.576565,13.954906,14.250230,0.055077,0.024566,-0.018968,0.337357,4.532207,6.338746,0.073771,0.034660,-0.037192,0.611594,0.873144,1.860112,0.052013,8,0.062201,8,0,0,1,0,0,0,0,0,0,0,0,1,0,0,0,0,0,0,0.008441,-10.402826,-26.011736,-30.652037
519,3528254359.354749,-0.056767,-0.002261,-0.000164,-2.437192,-9.399636,4.636575,-0.038049,0.008805,0.021858,-6.533818,-15.402000,-2.430253,0.000000,0.000000,0.000000,0.000000,0.000000,0.000000,-0.061731,0.000782,-0.019439,-2.103154,-13.085570,15.400373,-0.042925,0.016070,0.007870,-4.907069,-12.544696,-0.048235,-0.028555,0.021673,0.017608,-58.625555,45.330072,-22.276189,-0.052631,-0.009246,0.013003,-3.115977,-9.123212,13.575726,-0.031596,0.003116,0.038564,-45.278076,30.800839,-14.731257,-0.014676,0.011870,0.052038,-15.883585,-10.943133,19.705155,0.024194,-0.026297,-0.027053,-81.684338,47.921629,-50.019457,0.017024,-0.041536,-0.057738,-83.248884,48.778664,-46.660117,0.000000,0.000000,0.000000,0.000000,0.000000,0.000000,0.026536,-0.011573,-0.025520,-75.466213,51.688481,-44.270501,0.018242,-0.027956,-0.056664,-74.822437,44.629281,-36.908513,0.014424,-0.041181,-0.081368,-74.186165,48.329537,-33.651862,0.026146,0.002679,-0.025942,-65.615712,57.051827,-37.974035,0.015007,-0.018518,-0.062547,-68.578990,47.856045,-28.891669,0.014697,-0.029634,-0.085018,-6.935760,22.932242,-10.329590,0.051630,8,0.063717,8,0,0,1,0,0,0,0,0,0,0,0,1,0,0,0,0,0,0,0.008295,-10.312459,-26.242994,-30.572788
521,3528254359.554782,-0.057368,-0.002975,-0.002408,-1.550046,-10.824843,4.109896,-0.038683,0.008202,0.020095,-6.065203,-16.124002,-2.725749,0.000000,0.000000,0.000000,0.000000,0.000000,0.000000,-0.061758,0.000921,-0.019898,-63.317792,39.656864,-17.793461,-0.042619,0.017053,0.008996,-5.265658,-12.264982,-0.476022,-0.028150,0.022676,0.018847,-8.847679,-10.444725,13.566163,-0.052941,-0.009158,0.012411,-3.187735,-8.938842,13.175893,-0.031793,0.003499,0.038807,-8.142869,-3.135459,1.928647,-0.014717,0.012448,0.052964,-15.476063,-10.884028,18.976429,0.023461,-0.027030,-0.028239,-81.927371,47.448544,-50.071058,0.017756,-0.041483,-0.057117,-81.159376,48.313559,-44.966642,0.000000,0.000000,0.000000,0.000000,0.000000,0.000000,0.027436,-0.011130,-0.024275,-74.347755,51.572234,-43.348872,0.019168,-0.027717,-0.055788,-73.576903,44.425406,-36.264716,0.014854,-0.041418,-0.081436,-73.414504,46.996750,-32.607789,0.025792,0.002096,-0.026689,-66.740452,57.142265,-38.848851,0.016769,-0.017567,-0.060693,-65.882413,47.231328,-26.645110,0.013358,-0.031159,-0.087141,-67.352779,43.239194,-28.388445,0.052010,8,0.063807,8,0,0,1,0,0,0,0,0,0,0,0,1,0,0,0,0,0,0,0.008187,-9.973370,-26.386461,-30.840719
523,3528254359.753988,-0.038770,0.016850,-0.036047,71.397073,-48.209101,-37.597868,-0.044453,0.002105,-0.008886,73.169173,-43.202626,-48.496324,0.000000,0.000000,0.000000,0.000000,0.000000,0.000000,-0.032538,0.032518,-0.040902,-3.671423,-7.312807,2.705344,-0.040669,0.018360,-0.012073,72.482496,-44.138011,-43.266569,-0.039216,0.010306,0.004272,64.668424,-57.386686,-34.223374,-0.043157,0.001138,-0.032769,66.429473,-55.828967,-30.277941,-0.048104,-0.014451,-0.004531,61.417650,-44.146250,-30.596266,-0.049819,-0.025200,0.018762,55.722518,-62.422385,-30.982144,0.041961,-0.007262,-0.009230,-0.087324,18.200325,1.949839,0.062437,0.007059,-0.034916,-3.438778,16.372783,4.015463,0.000000,0.000000,0.000000,0.000000,0.000000,0.000000,0.037196,-0.000347,0.003975,2.988529,15.335730,7.162513,0.057479,0.013558,-0.022718,-2.324019,9.303236,1.705143,0.075422,0.023313,-0.041910,-3.881341,6.945779,5.306074,0.031941,0.008598,0.014652,10.343564,12.743894,13.996639,0.054840,0.023035,-0.016521,0.587527,2.950827,5.919117,0.074466,0.033948,-0.036851,-0.678561,1.529868,1.591130,0.051628,8,0.061648,8,0,0,1,0,0,0,0,0,0,0,0,1,0,0,0,0,0,0,0.008230,-9.713928,-26.463876,-31.326523
531,3528254360.692746,-0.056037,-0.001241,0.002069,-2.129587,-9.107652,4.453802,-0.036520,0.010202,0.025083,-6.566096,-14.168613,-2.248940,0.000000,0.000000,0.000000,0.000000,0.000000,0.000000,-0.060496,0.003593,-0.014038,-3.060062,-11.775205,15.160673,-0.041776,0.017185,0.010458,-4.742711,-11.601634,-0.706742,-0.027219,0.022701,0.020132,-58.472984,46.441963,-22.129177,-0.051148,-0.007424,0.017153,-2.283392,-7.083951,12.653456,-0.030102,0.003924,0.040691,-5.449322,-2.390867,1.860946,-0.012849,0.012578,0.054199,-14.464803,-10.190710,19.476764,0.023424,-0.026016,-0.027345,-83.218872,48.628053,-51.195527,0.018115,-0.039515,-0.054589,-80.967532,49.869761,-45.610180,0.000000,0.000000,0.000000,0.000000,0.000000,0.000000,0.025849,-0.011398,-0.025735,-78.129814,52.917757,-46.554957,0.018240,-0.026612,-0.055009,-74.690726,47.022135,-37.923802,0.000000,0.000000,0.000000,0.000000,0.000000,0.000000,0.025684,0.002855,-0.025851,-68.985205,58.787058,-41.335230,0.014903,-0.017145,-0.060882,-68.579075,49.036122,-29.367215,0.012907,-0.029063,-0.084803,-65.735954,43.075197,-27.199257,0.051652,8,0.058328,7,0,0,1,0,0,0,0,0,0,0,0,1,0,0,1,0,0,0,0.007484,-8.427692,-27.992788,-32.327241
533,3528254360.855332,-0.039358,0.016711,-0.035670,70.086999,-47.923819,-36.481177,-0.043612,0.002618,-0.009924,73.290079,-43.033901,-47.780988,0.000000,0.000000,0.000000,0.000000,0.000000,0.000000,-0.032481,0.032980,-0.041455,72.380143,-58.543781,-36.776160,-0.042323,0.017175,-0.009735,70.020486,-43.258244,-41.184319,-0.040066,0.009433,0.005753,4.140396,-0.715927,6.283639,-0.042309,0.001929,-0.033976,67.469985,-55.915164,-31.208446,-0.048288,-0.014963,-0.003915,61.002355,-43.634135,-29.600546,-0.048288,-0.024512,0.017270,57.155091,-61.843753,-31.351470,0.041716,-0.007396,-0.008889,1.057414,18.079182,3.052783,0.061659,0.006693,-0.033897,-2.722165,15.910419,4.050664,0.000000,0.000000,0.000000,0.000000,0.000000,0.000000,0.037369,0.000131,0.003274,3.857198,15.617864,7.254307,0.056614,0.012960,-0.021070,-0.856029,8.703619,1.791865,0.075472,0.025695,-0.045574,-4.422355,9.503363,5.914257,0.033320,0.010660,0.010601,9.814534,13.608919,13.676608,0.055275,0.024767,-0.019528,-0.007716,4.895110,7.294358,0.074001,0.034934,-0.037967,-0.168477,2.212859,1.920083,0.051591,8,0.061938,8,0,0,1,0,0,0,0,0,0,0,0,1,0,0,0,0,0,0,0.007696,-9.324791,-27.179826,-31.743842
534,3528254360.954968,-0.038701,0.016879,-0.036764,70.398033,-47.795319,-36.215726,-0.044336,0.002031,-0.009167,72.222590,-43.014936,-46.170838,0.000000,0.000000,0.000000,0.000000,0.000000,0.000000,-0.031197,0.033448,-0.043482,-3.731105,-6.198973,2.865940,-0.040653,0.018315,-0.012450,71.767025,-44.359206,-42.413777,-0.039293,0.010174,0.004196,3.007766,-0.586509,6.300804,-0.042424,0.001552,-0.034037,66.269117,-56.259218,-30.534366,-0.048788,-0.015350,-0.003493,12.836365,-13.214112,-3.498954,-0.048505,-0.024421,0.017241,15.533113,-1.988060,15.598517,0.041664,-0.007858,-0.008086,0.689673,17.628934,2.085523,0.061426,0.005135,-0.031673,-2.416791,14.987489,3.779700,0.000000,0.000000,0.000000,0.000000,0.000000,0.000000,0.038143,0.001233,0.001340,1.380988,15.750984,6.673808,0.057345,0.013682,-0.022722,-2.467023,8.644314,1.600530,0.075858,0.025172,-0.045255,-5.122256,9.199224,5.676253,0.033180,0.010483,0.011199,8.980117,13.741723,13.614917,0.055624,0.024774,-0.019829,-0.491696,4.131794,7.289829,0.074320,0.034490,-0.037653,-0.473259,2.165443,2.092528,0.051771,8,0.062056,8,0,0,1,0,0,0,0,0,0,0,0,1,0,0,0,0,0,0,0.007544,-0.609233,49.008237,-47.359052
536,3528254361.154024,-0.055995,-0.001869,0.001834,-3.524396,-9.367654,5.013444,-0.037758,0.008915,0.021874,-6.796285,-15.782615,-1.521535,0.000000,0.000000,0.000000,0.000000,0.000000,0.000000,-0.061109,0.000578,-0.017783,-2.942426,-12.749566,16.248185,-0.042494,0.016245,0.008575,-6.237458,-12.661460,1.096251,-0.027705,0.022982,0.019489,-9.149545,-10.213019,14.396397,-0.051513,-0.008197,0.015857,-4.384964,-8.149025,14.527390,-0.030866,0.004232,0.039646,-7.272595,-2.592955,2.947181,-0.013795,0.013655,0.053505,-16.719881,-9.917473,20.419288,0.024449,-0.026161,-0.026027,-83.271013,46.860569,-50.447953,0.018212,-0.041468,-0.055082,-83.954396,47.733871,-46.476043,0.000000,0.000000,0.000000,0.000000,0.000000,0.000000,0.025957,-0.012047,-0.025850,-79.558152,51.207976,-46.391376,0.019730,-0.027526,-0.053683,-75.100262,44.618724,-36.852900,0.013294,-0.043034,-0.081360,-78.708790,48.963948,-36.166542,0.027536,0.003987,-0.023379,-66.929257,57.089975,-38.411316,0.017084,-0.017589,-0.058825,-66.986147,47.469844,-27.719938,0.014874,-0.030722,-0.083481,-67.600069,42.728035,-27.987217,0.051666,8,0.062609,8,0,0,1,0,0,0,0,0,0,0,0,1,0,0,0,0,0,0,0.007372,-8.004267,-28.175667,-32.808399
538,3528254361.353130,-0.039362,0.016924,-0.036178,68.967441,-47.590457,-35.794698,-0.044631,0.002180,-0.008404,70.150947,-42.879628,-45.880646,0.000000,0.000000,0.000000,0.000000,0.000000,0.000000,-0.031968,0.033406,-0.042903,71.243864,-58.200389,-35.611799,-0.040033,0.019104,-0.013126,70.577565,-43.653211,-42.209312,-0.039320,0.010383,0.004881,3.707332,0.059374,5.694054,-0.042295,0.002232,-0.034386,65.061920,-55.620055,-29.411037,-0.049080,-0.015198,-0.002548,58.018201,-42.602089,-27.487667,-0.047816,-0.023570,0.017243,53.758439,-61.865237,-29.162818,0.041768,-0.007735,-0.009408,0.340583,18.613243,1.744801,0.061775,0.006373,-0.035572,-3.589002,16.281258,2.933948,0.000000,0.000000,0.000000,0.000000,0.000000,0.000000,0.038398,0.001292,0.000255,2.569914,16.132331,6.862861,0.057495,0.013986,-0.025042,-2.190184,10.267835,1.840225,0.075354,0.024508,-0.046419,-5.069604,9.165914,4.917126,0.033320,0.010105,0.011167,8.625130,13.889658,13.164007,0.055460,0.024316,-0.020582,-0.282189,4.819270,6.694479,0.074124,0.034296,-0.039649,-0.620214,3.008788,1.923504,0.051733,8,0.062612,8,0,0,1,0,0,0,0,0,0,0,0,1,0,0,0,0,0,0,0.006983,-1.306127,49.314745,-48.085775
540,3528254361.554590,-0.038708,0.016946,-0.036501,70.047014,-48.622146,-37.384608,-0.045261,0.001626,-0.007905,71.133546,-43.208651,-46.186048,0.000000,0.000000,0.000000,0.000000,0.000000,0.000000,-0.031959,0.032941,-0.041991,72.113229,-59.436482,-37.211758,-0.041582,0.017852,-0.010985,70.944366,-44.771056,-42.902618,-0.040139,0.009769,0.005643,63.050587,-57.603270,-33.404840,-0.042405,0.001767,-0.033960,65.846653,-56.110588,-29.999029,-0.049385,-0.015415,-0.002804,58.954145,-43.719526,-28.651075,-0.049337,-0.024635,0.018236,55.668043,-62.183546,-30.576105,0.042048,-0.007331,-0.009388,-0.206776,18.023432,1.442959,0.061568,0.004905,-0.031918,-2.475270,15.174332,3.635137,0.000000,0.000000,0.000000,0.000000,0.000000,0.000000,0.037621,0.000150,0.002947,2.593195,15.292704,6.382669,0.056986,0.012393,-0.021033,-1.233545,8.307762,1.395022,0.075990,0.024407,-0.044777,-4.934702,8.869774,4.754111,0.032673,0.009538,0.012808,9.263283,12.785747,13.103839,0.055800,0.024355,-0.019813,-0.675000,5.307321,6.774739,0.074286,0.033275,-0.036171,0.278350,1.459944,1.580249,0.052066,8,0.061742,8,0,0,1,0,0,0,0,0,0,0,0,1,0,0,0,0,0,0,0.007187,15.882442,-1.330258,3.613798
542,3528254361.755028,-0.037008,0.018355,-0.039049,72.133767,-48.297934,-38.313804,-0.042343,0.004085,-0.012260,73.665665,-43.052118,-48.055875,0.000000,0.000000,0.000000,0.000000,0.000000,0.000000,-0.030064,0.034327,-0.044807,74.232692,-59.325513,-38.623578,-0.039890,0.019293,-0.013655,71.342314,-44.444292,-42.608062,-0.039026,0.010884,0.003703,63.154833,-57.416626,-33.456174,-0.042250,0.002139,-0.034610,65.321237,-56.026708,-30.445668,-0.048106,-0.014024,-0.005009,12.913408,-13.176639,-3.917213,-0.048320,-0.023374,0.016346,55.660363,-62.631469,-31.240906,0.042787,-0.006554,-0.011103,0.234928,18.173582,2.087905,0.062704,0.006496,-0.035165,-3.567075,15.301880,2.836548,0.000000,0.000000,0.000000,0.000000,0.000000,0.000000,0.038367,0.000986,0.001168,2.136202,15.203100,6.578453,0.057447,0.012568,-0.021755,-1.054353,7.917792,0.599991,0.076536,0.024514,-0.045647,-4.822358,8.505215,4.959360,0.033624,0.010507,0.010579,9.035267,13.411705,13.230391,0.056445,0.024805,-0.021115,-1.479889,5.277489,6.358479,0.074970,0.033689,-0.037583,-0.700319,0.148088,1.060596,0.051656,8,0.062840,8,0,0,1,0,0,0,0,0,0,0,0,1,0,0,0,0,0,0,0.007570,-7.314259,-29.132533,-33.739341
544,3528254361.954406,-0.037699,0.017972,-0.039403,68.623233,-48.169135,-35.601607,-0.042878,0.003799,-0.011473,70.029545,-43.790445,-45.771351,0.000000,0.000000,0.000000,0.000000,0.000000,0.000000,-0.030960,0.033807,-0.045560,68.881079,-59.437682,-34.472511,-0.039349,0.019792,-0.014871,69.131874,-44.341140,-41.337293,-0.037590,0.012097,0.001809,61.588044,-56.799515,-31.655943,-0.041541,0.002744,-0.036190,63.871093,-56.302194,-28.665224,-0.047759,-0.013724,-0.004679,57.340378,-43.148759,-27.250108,-0.047050,-0.022308,0.016225,51.953819,-61.807032,-27.487018,0.043158,-0.006043,-0.013251,-1.402123,19.343522,0.977092,0.062591,0.006730,-0.038317,-4.306325,17.060442,3.171810,0.000000,0.000000,0.000000,0.000000,0.000000,0.000000,0.039117,0.001849,-0.001294,0.903727,17.001767,5.478773,0.057928,0.013626,-0.026104,-3.149055,10.324744,0.770230,0.075865,0.023809,-0.047943,-4.902437,9.093272,4.907141,0.034033,0.010821,0.009698,8.574348,14.482680,12.981290,0.056287,0.024671,-0.023073,-1.150920,5.054819,5.960465,0.075022,0.034557,-0.043164,-2.015410,3.910080,1.781099,0.051529,8,0.064013,8,0,0,1,0,0,0,0,0,0,0,0,1,0,0,0,0,0,0,0.006573,-16.759944,-3.372471,-31.571395
546,3528254362.154170,-0.056195,-0.000864,0.001762,-2.754292,-8.846436,3.959880,-0.037431,0.009663,0.022535,-6.838070,-15.408790,-2.546515,0.000000,0.000000,0.000000,0.000000,0.000000,0.000000,-0.061139,0.002326,-0.017038,-2.867061,-12.458964,15.001795,-0.042146,0.017137,0.009076,-4.713387,-11.720113,-1.208682,-0.027686,0.022620,0.018600,-59.591716,45.620950,-23.801811,-0.052223,-0.008202,0.014054,-3.480269,-8.664558,13.070628,-0.029600,0.006001,0.043326,-9.465464,-0.309933,1.398757,-0.013655,0.012957,0.052907,-15.688785,-10.253457,19.110769,0.022584,-0.027326,-0.028336,-83.424084,47.596956,-51.772335,0.016802,-0.041578,-0.056149,-83.104592,48.574588,-46.648653,0.000000,0.000000,0.000000,0.000000,0.000000,0.000000,0.026592,-0.011630,-0.024742,-78.324211,51.097935,-46.092738,0.017700,-0.028332,-0.055876,-76.068168,45.315173,-39.159996,0.013130,-0.041925,-0.080850,-76.096491,48.424660,-35.191322,0.026090,0.002371,-0.025697,-66.695500,57.921221,-40.052057,0.015957,-0.017793,-0.059913,-68.965264,48.642043,-30.508152,0.012709,-0.031092,-0.085450,-68.523431,43.107657,-29.768103,0.051856,8,0.063189,8,0,0,1,0,0,0,0,0,0,0,0,1,0,0,0,0,0,0,0.006335,-6.703613,-29.318457,-34.153805
548,3528254362.358756,-0.056600,-0.001917,-0.000078,-2.425994,-10.760114,4.629942,-0.038528,0.008345,0.020185,-5.641122,-16.827642,-2.365469,0.000000,0.000000,0.000000,0.000000,0.000000,0.000000,-0.061443,0.000757,-0.019783,-2.594793,-14.060750,15.637894,-0.042552,0.016878,0.008685,-4.598057,-12.650195,-0.550934,-0.028322,0.022359,0.018235,-58.488541,44.443464,-22.288577,-0.052510,-0.008805,0.013250,-3.681112,-9.478737,13.776677,-0.032033,0.003098,0.037510,-6.914574,-4.265797,2.482516,-0.014826,0.012543,0.052465,-15.334013,-11.235972,19.404351,0.024487,-0.026326,-0.026442,-81.280843,47.052628,-49.555953,0.017598,-0.041768,-0.057053,-82.136917,47.594879,-45.405423,0.000000,0.000000,0.000000,0.000000,0.000000,0.000000,0.026896,-0.011575,-0.024925,-75.853069,51.569139,-44.360632,0.018630,-0.028314,-0.056318,-75.210647,44.723422,-37.780361,0.014604,-0.041944,-0.081439,-75.133135,47.615530,-34.415016,0.025788,0.002019,-0.026539,-67.826627,57.392411,-39.278315,0.016505,-0.018084,-0.060836,-67.496489,48.216597,-28.897142,0.014755,-0.030638,-0.085247,-65.870250,41.892819,-27.113817,0.051592,8,0.063607,8,0,0,1,0,0,0,0,0,0,0,0,1,0,0,0,0,0,0,0.006165,-1.234430,48.278125,-48.861197
550,3528254362.557832,-0.038914,0.017001,-0.036725,69.280268,-48.054622,-36.566233,-0.044197,0.002558,-0.009188,71.332885,-42.265360,-46.691326,0.000000,0.000000,0.000000,0.000000,0.000000,0.000000,-0.031014,0.033689,-0.044053,71.649012,-59.630508,-36.172570,-0.040356,0.018860,-0.012756,71.211347,-44.540205,-42.592501,-0.039516,0.010354,0.005037,61.835081,-56.742528,-32.576722,-0.042297,0.002081,-0.034424,66.095288,-56.040166,-30.594442,-0.049128,-0.015079,-0.002687,58.086600,-42.772761,-27.441332,-0.048531,-0.023865,0.017971,52.229852,-62.093353,-28.145560,0.041991,-0.007472,-0.009922,-0.513111,18.532331,1.794841,0.062209,0.006658,-0.036405,-4.061977,16.748311,2.863409,0.000000,0.000000,0.000000,0.000000,0.000000,0.000000,0.037658,-0.000000,0.002721,2.025179,15.794911,6.122931,0.057562,0.013553,-0.024606,-2.622532,9.896669,1.101823,0.075369,0.023397,-0.044874,-4.132035,7.699070,4.485379,0.033363,0.010212,0.010950,9.563265,14.301145,13.639327,0.055026,0.023097,-0.018364,0.034546,2.905055,6.437969,0.074612,0.034265,-0.040381,-1.381027,2.957448,1.780269,0.051927,8,0.062409,8,0,0,1,0,0,0,0,0,0,0,0,1,0,0,0,0,0,0,0.005473,-1.464056,48.024472,-49.504842
552,3528254362.754268,-0.037456,0.017944,-0.039161,69.670452,-48.292317,-35.850534,-0.042158,0.004125,-0.012672,72.625540,-43.419815,-47.621084,0.000000,0.000000,0.000000,0.000000,0.000000,0.000000,-0.030834,0.033839,-0.044911,70.726554,-59.535713,-35.528285,-0.040017,0.019181,-0.013941,2.808496,-3.487308,-10.474792,-0.039751,0.010372,0.004743,59.773364,-57.369021,-31.597845,-0.042030,0.002142,-0.035324,64.625224,-55.908941,-29.019832,-0.048042,-0.014220,-0.004774,57.876136,-44.009343,-27.491144,-0.047850,-0.023210,0.016308,15.865646,-1.735401,16.011296,0.043460,-0.005454,-0.013176,-0.929776,18.812722,1.288918,0.062676,0.006550,-0.035913,-4.012995,15.438122,3.094398,0.000000,0.000000,0.000000,0.000000,0.000000,0.000000,0.038703,0.001400,0.000393,1.302665,16.217661,5.824221,0.058010,0.013706,-0.024398,-2.697451,7.716037,0.697718,0.076400,0.024713,-0.046728,63.010715,-27.061868,-14.015891,0.034090,0.011213,0.009390,9.278955,13.410063,13.770960,0.056114,0.024577,-0.020904,-0.867723,4.589045,6.375259,0.075449,0.035296,-0.041863,-1.359525,2.385776,1.943783,0.051775,8,0.063670,8,0,0,1,0,0,0,0,0,0,0,0,1,0,0,0,0,0,0,0.005375,-1.498389,48.055559,-49.879154
554,3528254362.960940,-0.038551,0.016777,-0.037164,70.115523,-48.570198,-36.167996,-0.043653,0.002542,-0.010162,72.251020,-43.523077,-46.909903,0.000000,0.000000,0.000000,0.000000,0.000000,0.000000,-0.031991,0.032711,-0.042792,71.735554,-59.131720,-35.788800,-0.040458,0.018456,-0.012916,70.890248,-44.198526,-41.992728,-0.039903,0.009807,0.005144,62.252203,-57.481572,-33.114113,-0.041716,0.001909,-0.035043,66.121986,-56.784448,-29.999455,-0.047829,-0.014507,-0.004691,59.772291,-44.425540,-28.611328,-0.049193,-0.024873,0.018569,16.286234,-2.184738,16.179401,0.042728,-0.005992,-0.011419,-0.699450,18.545695,2.147818,0.062170,0.006626,-0.034802,-4.497563,15.351634,3.328529,0.000000,0.000000,0.000000,0.000000,0.000000,0.000000,0.037731,0.000565,0.002608,1.795777,15.369776,7.086382,0.057532,0.013857,-0.023633,-2.287804,8.781252,1.658523,0.075787,0.024792,-0.045537,-5.313106,8.204207,5.674344,0.033613,0.011126,0.009857,8.398562,13.814729,13.116272,0.055583,0.024642,-0.020194,-1.202673,4.966413,7.000704,0.074424,0.034578,-0.038878,-0.563238,2.230807,2.250468,0.051782,8,0.062648,8,0,0,1,0,0,0,0,0,0,0,0,1,0,0,0,0,0,0,0.005277,-5.759244,-30.297364,-35.360515
555,3528254363.059525,-0.037967,0.017605,-0.038168,70.984675,-47.945615,-36.640706,-0.043793,0.002717,-0.010267,72.315160,-43.085026,-46.975663,0.000000,0.000000,0.000000,0.000000,0.000000,0.000000,-0.030010,0.034412,-0.045470,74.419826,-59.696044,-38.173544,-0.040018,0.019024,-0.013701,70.912955,-44.827191,-42.280416,-0.038580,0.010974,0.002978,63.757541,-57.610560,-34.011942,-0.042198,0.001955,-0.034773,64.975899,-55.950807,-29.532660,-0.047518,-0.013998,-0.005508,60.148404,-43.994445,-28.567490,-0.048743,-0.024366,0.017481,16.405846,-1.909491,16.377488,0.043174,-0.005434,-0.012503,-0.673751,18.551297,2.314405,0.062400,0.006920,-0.035222,-3.419238,15.795217,3.970332,0.000000,0.000000,0.000000,0.000000,0.000000,0.000000,0.038502,0.001561,0.000544,1.666396,16.240271,6.751231,0.058009,0.014506,-0.024783,-2.341964,9.156532,1.818302,0.075783,0.024310,-0.044357,-4.138300,6.336817,4.662028,0.032959,0.010009,0.012219,10.125917,12.878832,14.251862,0.055708,0.024654,-0.019925,-0.238651,3.993397,7.059167,0.074810,0.035058,-0.039498,-0.490917,1.280648,1.781042,0.051816,8,0.062982,8,0,0,1,0,0,0,0,0,0,0,0,1,0,0,0,0,0,0,0.005314,-4.935155,-31.245282,-35.864734
556,3528254363.162172,-0.038517,0.017274,-0.038137,68.751084,-48.016263,-35.481099,-0.042153,0.004167,-0.012675,71.985026,-43.545269,-46.709919,0.000000,0.000000,0.000000,0.000000,0.000000,0.000000,-0.030108,0.034355,-0.046393,71.537247,-59.701789,-36.174783,-0.039994,0.019224,-0.013987,69.550127,-44.237716,-41.252012,-0.038434,0.011346,0.002855,61.388393,-57.456965,-32.385846,-0.042416,0.001882,-0.034952,62.925901,-56.156230,-27.917140,-0.047738,-0.013973,-0.005030,11.831082,-12.359657,-3.864967,-0.046942,-0.022463,0.015461,53.077224,-61.735739,-27.960528,0.042849,-0.006581,-0.011550,-0.671833,18.813487,1.934812,0.062765,0.006982,-0.037310,-4.199661,16.257625,3.337585,0.000000,0.000000,0.000000,0.000000,0.000000,0.000000,0.038810,0.001531,-0.000038,1.391069,16.501245,6.462701,0.058016,0.013830,-0.025148,-1.925484,9.002931,1.579141,0.076306,0.024831,-0.047960,-5.581489,7.269686,4.291759,0.034624,0.011910,0.007800,9.225894,14.614214,13.623544,0.056248,0.024867,-0.022100,-0.662833,4.452144,6.267753,0.075021,0.034645,-0.041212,-1.233939,3.091555,2.180925,0.051524,8,0.063799,8,0,0,1,0,0,0,0,0,0,0,0,1,0,0,0,0,0,0,0.005318,-5.354261,-30.362203,-35.618197
557,3528254363.258442,-0.038577,0.017282,-0.037427,69.954327,-48.254712,-36.478465,-0.043136,0.003322,-0.011190,71.950943,-43.436120,-46.898488,0.000000,0.000000,0.000000,0.000000,0.000000,0.000000,-0.030315,0.034310,-0.045108,73.024340,-59.338544,-37.292173,-0.040434,0.018873,-0.013110,70.651577,-44.315660,-41.762435,-0.039267,0.010566,0.004059,62.751414,-57.196157,-32.922961,-0.042349,0.001949,-0.034651,64.773312,-56.139115,-29.736851,-0.047331,-0.013691,-0.005818,60.293502,-43.887412,-29.139321,-0.048272,-0.023751,0.016709,15.055634,-1.963291,15.886188,0.042424,-0.007044,-0.010073,-0.239925,18.153929,1.857097,0.062827,0.007314,-0.036350,-3.665056,15.940659,3.571203,0.000000,0.000000,0.000000,0.000000,0.000000,0.000000,0.038565,0.001370,0.000686,2.651833,15.303996,6.614337,0.058058,0.014196,-0.024612,-2.439605,9.157787,1.529682,0.076790,0.026174,-0.048449,-5.974081,8.099351,4.512727,0.032706,0.009392,0.013350,11.437897,12.558576,13.766608,0.056238,0.025062,-0.021282,-0.842004,4.568194,6.803983,0.075396,0.035593,-0.041334,-1.900249,2.851231,1.906645,0.051687,8,0.063700,8,0,0,1,0,0,0,0,0,0,0,0,1,0,0,0,0,0,0,0.005349,-1.478074,48.027228,-49.932379
558,3528254363.362952,-0.038654,0.017310,-0.037993,67.808180,-47.350661,-34.692374,-0.043409,0.003413,-0.011002,69.426914,-43.373043,-45.120705,0.000000,0.000000,0.000000,0.000000,0.000000,0.000000,-0.030152,0.034363,-0.046217,70.573329,-59.716038,-35.677934,-0.040054,0.019399,-0.014038,69.451559,-44.422905,-41.105559,-0.038216,0.011680,0.002384,61.230351,-57.358164,-32.361024,-0.041485,0.002738,-0.036299,64.659202,-56.035369,-29.727062,-0.046297,-0.012488,-0.007328,59.725777,-44.432821,-29.099215,-0.047552,-0.022686,0.016016,51.772108,-62.561749,-28.229531,0.044140,-0.004589,-0.015235,-1.555404,19.535857,1.878352,0.063143,0.007090,-0.037811,-3.854904,16.701003,3.479704,0.000000,0.000000,0.000000,0.000000,0.000000,0.000000,0.039091,0.001617,-0.000408,1.865755,15.892029,6.098177,0.058668,0.014508,-0.026791,-3.165227,9.548650,0.942572,0.076784,0.024902,-0.048522,-5.700632,8.511499,4.650455,0.033693,0.010395,0.011077,9.524632,13.399728,13.731741,0.056788,0.025190,-0.023099,-0.473319,6.420219,6.747527,0.075686,0.035018,-0.042500,-1.568649,3.153571,1.827341,0.051535,8,0.064639,8,0,0,1,0,0,0,0,0,0,0,0,1,0,0,0,0,0,0,0.005361,-4.929029,-30.863196,-36.097994
559,3528254363.458750,-0.038807,0.017120,-0.037559,69.143516,-47.386779,-35.053260,-0.043545,0.002949,-0.010213,69.830949,-42.900061,-45.066656,0.000000,0.000000,0.000000,0.000000,0.000000,0.000000,-0.031722,0.033426,-0.044187,70.341509,-58.673879,-34.819517,-0.040128,0.019007,-0.013494,69.203702,-44.218792,-40.619854,-0.040300,0.009736,0.006292,59.094115,-56.344188,-29.745962,-0.043370,0.001155,-0.033413,62.047034,-55.684519,-27.250354,-0.047976,-0.014373,-0.004041,57.158577,-43.208744,-27.455262,-0.046976,-0.022847,0.016202,17.063098,-0.599613,16.593084,0.042721,-0.006134,-0.012230,-0.520303,19.502045,2.260604,0.062076,0.006950,-0.037086,-3.939558,16.624359,3.517809,0.000000,0.000000,0.000000,0.000000,0.000000,0.000000,0.039012,0.002278,-0.001564,1.506122,17.046841,7.202773,0.057567,0.014129,-0.025673,-2.527763,10.423295,1.754681,0.075359,0.024613,-0.047370,-5.177183,8.694271,5.117174,0.032895,0.009693,0.012575,10.215250,13.815012,14.290641,0.055591,0.024733,-0.021739,0.011323,5.278376,6.732330,0.074609,0.035619,-0.043286,-2.303925,4.600465,2.570139,0.051670,8,0.063502,8,0,0,1,0,0,0,0,0,0,0,0,1,0,0,0,0,0,0,0.005425,-2.073439,47.632092,-50.879081
560,3528254363.561156,-0.038952,0.017133,-0.037983,68.096552,-47.484088,-34.666086,-0.042254,0.003993,-0.012303,70.526135,-42.585909,-45.279753,0.000000,0.000000,0.000000,0.000000,0.000000,0.000000,-0.031216,0.033926,-0.045757,70.342957,-59.171226,-34.646747,-0.040884,0.018646,-0.012734,68.037653,-43.988015,-40.007126,-0.038033,0.011483,0.002573,61.369434,-56.350969,-31.167765,-0.042657,0.001774,-0.034795,62.235795,-54.863217,-27.061367,-0.047085,-0.013635,-0.005332,57.812760,-42.872841,-26.977676,-0.046621,-0.022681,0.016145,52.596316,-61.548311,-28.057270,0.043453,-0.004974,-0.014603,-1.351331,20.020692,1.958968,0.062188,0.007181,-0.038115,-3.846450,16.979082,3.778266,0.000000,0.000000,0.000000,0.000000,0.000000,0.000000,0.038925,0.001883,-0.000906,2.037525,17.025503,6.959637,0.057715,0.014379,-0.026574,-2.789139,9.948851,1.311894,0.075640,0.025478,-0.049748,-5.505468,8.949032,5.143073,0.033451,0.010376,0.011241,10.060694,14.384813,14.450184,0.056031,0.025536,-0.023869,-0.730828,6.486571,6.935643,0.074412,0.035320,-0.043201,-1.025267,3.960196,2.114167,0.051423,8,0.064177,8,0,0,1,0,0,0,0,0,0,0,0,1,0,0,0,0,0,0,0.005466,-4.800396,-31.099244,-36.064723
561,3528254363.674958,-0.056593,-0.001765,0.000192,-1.267260,-10.069981,3.814431,-0.037007,0.010272,0.024050,-5.842155,-14.657545,-3.174029,0.000000,0.000000,0.000000,0.000000,0.000000,0.000000,-0.061222,0.002080,-0.017388,-2.656501,-12.929213,15.316732,-0.041782,0.017816,0.010548,-4.718976,-11.510879,-1.351508,-0.027654,0.022611,0.018835,-8.726172,-10.127791,13.723720,0.041243,-0.036263,-0.040281,-30.401857,45.730004,68.483766,-0.030168,0.005003,0.041658,-8.504638,-1.830009,1.794760,-0.013524,0.012952,0.053532,-14.143741,-10.150557,18.294345,0.023620,-0.026511,-0.026982,-82.285366,47.209456,-50.375295,0.017116,-0.041140,-0.056011,-82.898873,48.104891,-46.774207,0.000000,0.000000,0.000000,0.000000,0.000000,0.000000,0.026661,-0.011455,-0.024680,-77.250771,51.993210,-45.474767,0.017360,-0.028320,-0.056519,-75.610378,45.693011,-38.666167,0.012976,-0.041718,-0.081337,-74.926472,48.327176,-33.871839,0.026245,0.002688,-0.025317,-67.498351,58.266766,-40.057874,0.016634,-0.017052,-0.059169,-66.964060,48.357421,-28.665720,0.012829,-0.030700,-0.085537,-68.237907,42.777912,-29.219014,0.053641,8,0.063035,8,0,0,1,0,0,0,0,0,0,0,0,1,0,0,0,0,0,0,0.005494,-5.230445,-31.106128,-35.686734
562,3528254363.756056,-0.038966,0.016878,-0.036464,3.349164,-10.581432,-5.458091,-0.044276,0.002383,-0.009206,71.118795,-42.973075,-46.574210,0.000000,0.000000,0.000000,0.000000,0.000000,0.000000,-0.031804,0.033171,-0.042583,71.664339,-58.835681,-36.484776,-0.041032,0.018309,-0.011826,70.412214,-44.098855,-42.082196,-0.039689,0.010113,0.005062,61.893182,-57.271491,-32.538382,-0.043591,0.000926,-0.032606,64.688572,-55.899763,-29.594483,-0.048671,-0.014816,-0.003629,58.319466,-43.661757,-27.995171,-0.049277,-0.024675,0.018517,52.282793,-62.099968,-28.504910,0.042052,-0.007375,-0.009530,-0.255581,18.023525,1.535011,0.062032,0.006123,-0.034335,-3.232330,15.674296,3.084149,0.000000,0.000000,0.000000,0.000000,0.000000,0.000000,0.037233,-0.000519,0.004122,3.338231,15.205949,6.788837,0.057797,0.014036,-0.024414,-2.101905,8.735235,1.097597,0.075784,0.024213,-0.044899,-4.793027,7.944390,4.587314,0.032947,0.009829,0.012067,7.732835,13.559405,12.550593,0.055814,0.024528,-0.020441,-1.038583,4.601754,6.643781,0.074756,0.034595,-0.039429,-1.079758,2.750602,2.102698,0.051903,8,0.062510,8,0,0,1,0,0,0,0,0,0,0,0,1,0,0,0,0,0,0,0.005714,17.533382,-4.934795,1.699596
564,3528254363.952560,-0.038938,0.016513,-0.036260,70.449128,-48.138063,-36.090802,-0.044869,0.001564,-0.008582,71.232591,-42.811482,-46.505676,0.000000,0.000000,0.000000,0.000000,0.000000,0.000000,-0.030571,0.033623,-0.043826,73.795151,-59.219298,-37.642801,-0.040937,0.018052,-0.012136,71.243914,-44.979053,-42.064443,-0.039794,0.009793,0.004794,62.385488,-57.595977,-32.391579,-0.043603,0.000461,-0.032479,64.286213,-56.260406,-29.132402,-0.049328,-0.015843,-0.002952,58.283808,-43.296352,-27.531508,-0.049178,-0.024995,0.017867,54.918662,-62.786990,-30.271253,0.041310,-0.008560,-0.006611,0.972465,17.081037,2.493643,0.062155,0.006342,-0.033156,-3.351626,15.200871,3.571974,0.000000,0.000000,0.000000,0.000000,0.000000,0.000000,0.037812,0.000730,0.002544,2.104459,15.522014,7.439810,0.057834,0.014387,-0.023586,-2.037901,8.433113,1.664712,0.075869,0.024537,-0.043402,-4.300556,6.941365,4.834593,0.033205,0.010624,0.011064,9.467265,13.572314,13.700044,0.055348,0.024155,-0.018143,-0.140717,2.901614,6.350555,0.074503,0.034484,-0.037015,-0.672010,2.656645,2.692632,0.052053,8,0.061988,8,0,0,1,0,0,0,0,0,0,0,0,1,0,0,0,0,0,0,0.006147,-1.875235,47.330887,-50.960850
566,3528254364.154456,-0.056769,-0.002281,-0.000128,-2.260106,-9.137370,4.441400,-0.037748,0.009263,0.022324,-6.561346,-15.174809,-2.309273,0.000000,0.000000,0.000000,0.000000,0.000000,0.000000,-0.061664,0.000835,-0.018908,-1.904315,-12.857582,15.009221,-0.042366,0.016967,0.009282,-5.439026,-12.297851,-0.012383,-0.027900,0.022687,0.018951,-8.865666,-9.875400,14.166946,-0.052019,-0.008113,0.015279,-3.626948,-8.019772,13.293744,-0.030911,0.004213,0.040035,-7.684549,-1.908386,2.142596,-0.013766,0.013210,0.053710,-16.022770,-9.954893,19.371063,0.024441,-0.026187,-0.026216,-81.527994,47.528200,-49.543190,0.016771,-0.041908,-0.057192,-83.267212,48.575586,-46.696202,0.000000,0.000000,0.000000,0.000000,0.000000,0.000000,0.026077,-0.011988,-0.025863,-78.088279,51.164383,-45.611291,0.018298,-0.028154,-0.055922,-75.398911,44.651527,-37.742032,0.014309,-0.041617,-0.080522,-75.050108,47.903075,-34.063697,0.025933,0.002420,-0.026064,-66.812280,58.093453,-39.612676,0.016720,-0.017363,-0.059598,-67.085853,47.586800,-28.398434,0.013953,-0.030583,-0.084966,-66.239560,43.196550,-27.938298,0.051992,8,0.063173,8,0,0,1,0,0,0,0,0,0,0,0,1,0,0,0,0,0,0,0.005245,-13.927887,-6.343964,-34.015882
568,3528254364.358710,0.061614,-0.027168,-0.020589,128.243310,-42.850167,135.666654,-0.036544,0.010131,0.024536,-7.396579,-14.090146,-1.953808,0.000000,0.000000,0.000000,0.000000,0.000000,0.000000,-0.061251,0.001526,-0.016061,-2.315252,-11.402638,15.486870,-0.041904,0.016917,0.010079,-5.375421,-11.329011,0.352394,-0.026566,0.023846,0.021410,-9.448899,-8.899753,13.998767,-0.051033,-0.007451,0.017505,-3.965567,-6.615080,13.666274,-0.029888,0.004424,0.040575,-47.179431,32.296580,-15.112286,-0.012250,0.013862,0.054567,-14.940112,-8.874437,19.210266,0.023632,-0.026257,-0.026556,-84.403967,47.617442,-51.870476,0.016968,-0.041093,-0.055083,-83.990927,49.153150,-47.318265,0.000000,0.000000,0.000000,0.000000,0.000000,0.000000,0.026692,-0.011037,-0.024310,-78.888672,52.253763,-46.085307,0.017877,-0.027697,-0.054663,-75.979682,45.710076,-37.986132,0.012246,-0.042036,-0.080464,-78.206673,49.488293,-36.275862,0.026711,0.003524,-0.024338,-68.334133,57.662080,-40.056502,0.015657,-0.017428,-0.059128,-67.284203,48.515787,-28.482942,0.012440,-0.030663,-0.084149,-68.381866,44.058554,-29.276282,0.053690,8,0.062312,8,0,0,1,0,0,0,0,0,0,0,0,1,0,0,0,0,0,0,0.006997,17.553936,-6.241370,1.413112
570,3528254364.556154,-0.055991,-0.001076,0.002037,-4.114256,-9.091096,4.802959,-0.037910,0.008787,0.020921,-6.578580,-16.102392,-1.719373,0.000000,0.000000,0.000000,0.000000,0.000000,0.000000,-0.060948,0.001800,-0.017059,-2.865231,-12.436108,15.442678,-0.042409,0.016540,0.008291,-4.964878,-12.800113,-0.150254,-0.027891,0.022467,0.018170,-9.032573,-10.304931,13.911868,-0.051573,-0.007514,0.016079,-4.476828,-8.348075,13.422340,-0.030369,0.005078,0.040955,-8.060717,-2.363431,2.353638,-0.013636,0.013561,0.053353,-16.159469,-10.699956,19.530923,0.024035,-0.026447,-0.026259,-82.593509,47.356204,-50.637572,0.017578,-0.041558,-0.055345,-83.602542,47.529220,-46.888356,0.000000,0.000000,0.000000,0.000000,0.000000,0.000000,0.026522,-0.011696,-0.024847,-78.746272,51.180685,-46.412699,0.047786,-0.033167,-0.032337,20.497398,-37.836417,-104.407431,0.013920,-0.042170,-0.080105,-76.253813,47.966857,-34.845430,0.027004,0.003241,-0.024245,-66.827113,57.436033,-39.278965,0.016280,-0.018034,-0.059632,-67.919279,47.531906,-29.020834,0.013548,-0.031229,-0.084546,-68.482552,43.571402,-29.437075,0.051557,8,0.063006,8,0,0,1,0,0,0,0,0,0,0,0,1,0,0,0,0,0,0,0.006293,-2.643535,-32.759878,-38.274907
572,3528254364.755566,-0.038103,0.017082,-0.038158,68.657233,-49.064297,-35.981287,-0.042896,0.003662,-0.011304,71.296124,-43.973701,-46.576979,0.000000,0.000000,0.000000,0.000000,0.000000,0.000000,-0.031017,0.033020,-0.044558,68.816608,-59.730963,-34.572233,-0.040082,0.019063,-0.013566,68.826977,-45.401801,-41.569180,-0.038253,0.011617,0.002753,60.512303,-57.771116,-31.007079,-0.042656,0.001462,-0.034201,62.708019,-56.093242,-27.708942,-0.048145,-0.013885,-0.004215,57.857417,-44.219903,-27.499443,-0.048572,-0.023070,0.017934,51.700724,-62.571152,-28.117314,0.042257,-0.007713,-0.010097,-1.808436,18.152703,0.499923,0.062077,0.004663,-0.034758,-4.690832,15.930387,2.125842,0.000000,0.000000,0.000000,0.000000,0.000000,0.000000,0.038273,0.000592,0.001235,0.549777,15.833028,5.434909,0.057966,0.012906,-0.024979,-3.474069,8.646951,-0.209867,0.076130,0.022844,-0.046604,-6.280899,8.132424,4.556534,0.033757,0.010584,0.010102,8.126435,14.121806,12.900773,0.056460,0.024212,-0.022663,-2.137722,5.257237,5.968566,0.075087,0.033146,-0.040861,-2.650477,3.111841,1.457884,0.051596,8,0.063030,8,0,0,1,0,0,0,0,0,0,0,0,1,0,0,0,0,0,0,0.005248,-13.577182,-7.207299,-34.634956
574,3528254364.953062,-0.038851,0.016595,-0.035717,71.290778,-48.211943,-37.389445,-0.044339,0.002013,-0.009154,73.766881,-43.283426,-48.085927,0.000000,0.000000,0.000000,0.000000,0.000000,0.000000,-0.030763,0.033474,-0.042683,75.691760,-60.048285,-39.540088,-0.039965,0.018668,-0.013055,73.795415,-44.819449,-44.356978,-0.040592,0.009145,0.006099,64.911536,-58.194522,-34.696150,-0.042609,0.001338,-0.033272,68.085191,-55.895940,-31.638814,-0.049529,-0.015800,-0.002838,60.783128,-44.162992,-29.292290,-0.050319,-0.025747,0.018968,55.327121,-62.708842,-31.242775,0.041678,-0.007467,-0.008303,0.518742,17.472612,1.910438,0.061687,0.005623,-0.031544,-2.739820,14.760056,3.036027,0.000000,0.000000,0.000000,0.000000,0.000000,0.000000,0.037237,0.000088,0.003617,2.861930,15.203462,6.687729,0.056362,0.011724,-0.018456,-0.147555,7.792275,1.370724,0.075589,0.023876,-0.041711,-4.079582,6.789222,5.371089,0.031768,0.008706,0.014679,9.740102,12.208286,14.112022,0.055589,0.024468,-0.018744,-0.893357,3.856517,6.230437,0.074214,0.033678,-0.035055,-0.054637,0.740025,1.317344,0.052102,8,0.061055,8,0,0,1,0,0,0,0,0,0,0,0,1,0,0,0,0,0,0,0.005254,-2.714606,-32.622949,-38.461413
576,3528254365.153158,-0.056130,-0.001902,0.001344,-58.225538,31.484944,-18.801342,-0.037272,0.009524,0.022768,-6.844356,-15.281859,-1.578085,0.000000,0.000000,0.000000,0.000000,0.000000,0.000000,-0.060711,0.001946,-0.015795,-64.173073,40.342724,-17.668840,-0.041592,0.017802,0.011006,-6.193118,-11.597397,0.567264,-0.026837,0.024060,0.021323,-58.759646,45.394331,-22.270615,-0.051518,-0.008024,0.015694,-3.771323,-7.740880,13.268302,-0.030065,0.005166,0.041476,-46.409274,30.877979,-14.621120,-0.013080,0.014083,0.054379,-16.319530,-9.804602,19.863175,0.025637,-0.025186,-0.023833,-81.739201,46.638583,-49.828423,0.017098,-0.041774,-0.055730,-84.335290,47.861198,-47.023352,0.000000,0.000000,0.000000,0.000000,0.000000,0.000000,0.028128,-0.010227,-0.022296,-76.959624,51.598416,-44.747397,0.020343,-0.026726,-0.052194,-74.283151,44.856842,-37.016971,0.013740,-0.042157,-0.079872,-77.332866,48.208612,-35.242386,0.027452,0.003888,-0.023356,-68.055446,57.085729,-40.037577,0.016035,-0.018059,-0.059529,-68.794486,47.902691,-29.358345,0.013576,-0.031064,-0.084037,-68.502309,42.781057,-29.231109,0.051962,8,0.062087,8,0,0,1,0,0,0,0,0,0,0,0,1,0,0,0,0,0,0,0.004266,-2.177687,-32.945058,-38.967840
578,3528254365.355776,-0.038746,0.016900,-0.036594,69.781764,-48.789813,-36.721480,-0.042230,0.003970,-0.012338,74.860694,-43.877485,-48.849070,0.000000,0.000000,0.000000,0.000000,0.000000,0.000000,-0.030782,0.033582,-0.043623,-3.877830,-6.377101,2.274640,-0.041401,0.018052,-0.011484,69.979689,-44.822516,-42.109270,-0.038611,0.011033,0.002993,64.957742,-57.835815,-34.980517,-0.042269,0.001825,-0.034304,66.009783,-56.191930,-30.618166,-0.050241,-0.016012,-0.001985,56.628624,-43.703444,-27.422185,-0.049462,-0.024478,0.017871,53.911232,-63.229440,-30.021550,0.042552,-0.006733,-0.010329,-0.150591,17.787329,1.939746,0.062541,0.006263,-0.034162,-3.369857,15.060723,3.205451,0.000000,0.000000,0.000000,0.000000,0.000000,0.000000,0.038539,0.001445,0.000567,1.432177,15.904226,6.179422,0.057653,0.013133,-0.022356,-1.924458,7.951206,1.226181,0.076241,0.023993,-0.043930,-4.353406,7.827435,5.120415,0.032389,0.009115,0.013845,9.670603,12.316723,12.849708,0.056311,0.024780,-0.020603,-1.023625,4.291024,6.139730,0.075335,0.034645,-0.039092,-1.474981,3.929297,1.853796,0.051909,8,0.062721,8,0,0,1,0,0,0,0,0,0,0,0,1,0,0,0,0,0,0,0.003190,-1.696767,-33.407676,-39.439972
580,3528254365.554970,-0.039231,0.016586,-0.036188,70.195331,-48.335051,-36.783532,-0.042865,0.003362,-0.011361,73.290556,-43.162277,-47.638292,0.000000,0.000000,0.000000,0.000000,0.000000,0.000000,-0.031812,0.033100,-0.042657,71.700605,-59.103591,-36.569103,-0.040637,0.018532,-0.012597,70.432078,-45.004622,-42.346883,-0.039595,0.010172,0.004645,62.900892,-57.131817,-33.307830,-0.042552,0.001598,-0.034023,65.339878,-55.393199,-29.397048,-0.048646,-0.014908,-0.003862,58.444224,-44.135261,-28.106699,-0.049072,-0.024537,0.017914,53.273113,-62.756872,-29.696189,0.042558,-0.006503,-0.010748,-0.041865,18.375179,1.951907,0.062036,0.005909,-0.033605,-3.280529,15.241061,3.550277,0.000000,0.000000,0.000000,0.000000,0.000000,0.000000,0.038100,0.000881,0.001713,1.979577,15.353142,6.348290,0.057471,0.013353,-0.022755,-2.245946,8.254733,1.087005,0.076176,0.025030,-0.045874,-5.135868,9.327318,5.732491,0.032500,0.009381,0.013342,10.154665,13.462522,12.967606,0.056269,0.025278,-0.021592,-1.109813,5.369449,6.270837,0.074737,0.034438,-0.038478,-0.866353,2.760884,1.668562,0.051728,8,0.062687,8,0,0,1,0,0,0,0,0,0,0,0,1,0,0,0,0,0,0,0.004190,17.849777,-7.500998,0.697409
582,3528254365.754682,-0.056226,-0.001048,0.001858,-2.289629,-9.092751,3.587440,-0.036790,0.010359,0.024338,-7.412624,-14.713571,-2.654823,0.000000,0.000000,0.000000,0.000000,0.000000,0.000000,-0.061427,0.001784,-0.017583,-1.269217,-12.715584,14.538915,-0.041985,0.017259,0.009702,-5.169655,-12.200732,-0.953375,-0.026910,0.023642,0.020725,-58.761025,45.852894,-22.969896,-0.051877,-0.007895,0.015226,-2.926058,-7.655605,12.483405,-0.030379,0.004413,0.040350,-45.486152,31.547055,-14.788993,-0.012998,0.013295,0.054024,-15.350559,-9.772416,19.305555,0.023072,-0.026783,-0.027603,-82.839451,47.961778,-51.295813,0.016951,-0.041122,-0.055799,-83.082273,49.124867,-47.192252,0.000000,0.000000,0.000000,0.000000,0.000000,0.000000,0.027762,-0.010539,-0.023027,-76.577961,52.177257,-45.185846,0.018584,-0.027335,-0.054498,-74.873816,45.488327,-37.934068,0.012718,-0.041685,-0.081006,-76.947968,49.165225,-36.470978,0.027874,0.004146,-0.022990,-65.533097,57.532842,-38.427093,0.015317,-0.017855,-0.060431,-67.186281,48.355596,-28.625571,0.013387,-0.030051,-0.084251,-66.445619,42.600936,-28.196590,0.051972,8,0.062647,8,0,0,1,0,0,0,0,0,0,0,0,1,0,0,0,0,0,0,0.004942,-12.222061,-8.518897,-35.769525
584,3528254365.961560,-0.038405,0.017266,-0.037335,71.620233,-47.590007,-36.914153,-0.043351,0.002806,-0.010601,72.934495,-43.114685,-47.262126,0.000000,0.000000,0.000000,0.000000,0.000000,0.000000,-0.031038,0.033813,-0.043839,73.700279,-59.606696,-37.834470,-0.040455,0.018567,-0.012853,71.638242,-43.975409,-42.059027,-0.039815,0.009770,0.005086,62.503629,-57.224513,-32.644983,-0.042626,0.001510,-0.033962,64.471805,-55.745550,-28.556060,-0.049106,-0.015698,-0.003002,58.475717,-43.404969,-26.957032,-0.048706,-0.024839,0.017803,53.750954,-62.207910,-29.214648,0.042299,-0.006788,-0.009893,0.209152,18.169412,2.424268,0.061901,0.006502,-0.033750,-2.719564,15.987405,3.886300,0.000000,0.000000,0.000000,0.000000,0.000000,0.000000,0.037435,0.000021,0.003680,4.356251,15.475804,7.927014,0.057124,0.013428,-0.022023,-1.311956,8.353047,1.792608,0.075633,0.025114,-0.044754,-4.325739,8.652574,5.715447,0.032942,0.010151,0.012042,9.217028,13.543744,13.135102,0.055901,0.025534,-0.021144,-0.868540,5.091654,7.293474,0.074578,0.035603,-0.039534,-1.021519,3.158341,3.152359,0.051971,8,0.062447,8,0,0,1,0,0,0,0,0,0,0,0,1,0,0,0,0,0,0,0.004393,-31.366316,69.744105,-70.777605
585,3528254366.065963,-0.037414,0.018371,-0.038344,73.651485,-47.454538,-38.636177,-0.042742,0.003393,-0.011117,74.170391,-42.206760,-48.185333,0.000000,0.000000,0.000000,0.000000,0.000000,0.000000,-0.032265,0.033393,-0.042022,-2.693869,-5.366073,3.629524,-0.040943,0.018295,-0.011710,71.557971,-43.410973,-41.779156,-0.040385,0.009233,0.006443,61.375793,-56.500444,-32.039098,-0.043190,0.001461,-0.033046,64.520859,-55.495227,-29.222603,-0.049081,-0.015583,-0.002767,58.897598,-42.644882,-27.747489,-0.049337,-0.025600,0.019093,52.846561,-61.941026,-28.633396,0.041936,-0.006979,-0.009760,0.934412,18.405281,2.428918,0.061486,0.006536,-0.033847,-1.947380,16.647782,4.168249,0.000000,0.000000,0.000000,0.000000,0.000000,0.000000,0.037221,-0.000289,0.003858,4.113436,15.112222,6.886251,0.056973,0.013680,-0.022638,-1.258505,8.594484,1.352554,0.075130,0.025060,-0.044605,-3.786214,8.757357,5.617293,0.032735,0.009623,0.012593,11.069440,12.997476,13.831149,0.055330,0.024975,-0.020048,0.033617,5.115862,6.983881,0.073820,0.034792,-0.037729,0.067686,1.496179,2.319999,0.052071,8,0.061931,8,0,0,1,0,0,0,0,0,0,0,0,1,0,0,0,0,0,0,0.003197,-1.236256,-34.265634,-39.973994
586,3528254366.161356,-0.037849,0.017475,-0.038891,68.911913,-48.409128,-36.000323,-0.042645,0.003792,-0.011743,70.871957,-43.538327,-46.374390,0.000000,0.000000,0.000000,0.000000,0.000000,0.000000,-0.031413,0.033136,-0.044600,69.693634,-59.372760,-34.959521,-0.039893,0.019215,-0.013985,68.837084,-44.700769,-41.139004,-0.039087,0.010948,0.004048,58.606201,-57.169662,-30.161435,-0.042039,0.001991,-0.035206,63.542832,-56.137878,-28.344000,-0.047812,-0.013876,-0.004568,57.526963,-43.466765,-27.258074,-0.048550,-0.023568,0.018384,50.313444,-62.282583,-26.561389,0.042340,-0.007384,-0.010434,-1.112124,18.742323,1.144175,0.062589,0.006567,-0.037636,-4.621197,17.630376,3.469235,0.000000,0.000000,0.000000,0.000000,0.000000,0.000000,0.038524,0.001124,0.000481,1.816923,16.323129,6.445383,0.057843,0.013398,-0.025376,-3.566603,9.889870,1.048189,0.075878,0.023598,-0.047249,-5.355392,8.963893,5.255897,0.034195,0.011342,0.008800,7.993424,14.756458,13.418659,0.056127,0.024426,-0.022334,-1.565713,5.164958,5.980707,0.074973,0.034256,-0.042257,-2.214196,3.038233,1.456606,0.051792,8,0.063499,8,0,0,1,0,0,0,0,0,0,0,0,1,0,0,0,0,0,0,0.003167,-11.981343,-8.822728,-35.844244
587,3528254366.260569,-0.056580,-0.001917,0.000319,-1.341468,-9.785055,3.791408,-0.037798,0.008731,0.021849,-5.963516,-15.772531,-2.286589,0.000000,0.000000,0.000000,0.000000,0.000000,0.000000,-0.061100,0.002297,-0.016871,-1.670740,-13.019773,14.719585,-0.042495,0.016389,0.008603,-3.700894,-12.081668,-0.589548,-0.027648,0.022631,0.019549,-7.963601,-10.218608,13.617200,-0.052000,-0.008340,0.014807,-2.705151,-8.020832,12.507304,-0.030942,0.003527,0.039565,-6.682430,-2.923922,2.227009,-0.013973,0.012063,0.052861,-14.898826,-11.141334,19.022389,0.023682,-0.026228,-0.027437,-82.191991,47.864344,-50.442300,0.017379,-0.040590,-0.056526,-82.394913,48.661790,-46.122698,0.000000,0.000000,0.000000,0.000000,0.000000,0.000000,0.028200,-0.009993,-0.022699,-73.967682,51.653943,-43.443306,0.018396,-0.027182,-0.055736,-75.019309,45.160101,-37.686472,0.012854,-0.041148,-0.082324,-76.129369,49.453544,-35.339328,0.027390,0.004009,-0.023739,-63.120176,58.449578,-36.815890,0.016324,-0.016765,-0.060047,-66.681513,49.196275,-28.437719,0.013619,-0.029462,-0.085306,-65.030842,43.300370,-26.578262,0.051586,8,0.062977,8,0,0,1,0,0,0,0,0,0,0,0,1,0,0,0,0,0,0,0.003328,-11.809067,-8.747423,-35.901802
588,3528254366.362114,-0.056274,-0.001422,0.001021,-2.117599,-10.004837,3.975899,-0.037137,0.010014,0.023553,-6.616869,-15.218088,-2.461572,0.000000,0.000000,0.000000,0.000000,0.000000,0.000000,-0.061104,0.001865,-0.017480,-2.425209,-12.819335,14.822682,-0.041937,0.017396,0.009838,-5.631885,-12.196469,-0.128186,-0.027697,0.022655,0.018914,-59.991438,45.513207,-23.302078,-0.051853,-0.007912,0.015130,-3.535853,-8.580462,13.537524,-0.030544,0.004577,0.040553,-7.286415,-2.370038,1.412268,-0.013059,0.013836,0.055013,-15.609651,-10.009578,19.167398,0.023604,-0.026548,-0.027042,-83.088824,47.590351,-51.378876,0.016398,-0.041784,-0.057153,-83.887318,48.321505,-47.310096,0.000000,0.000000,0.000000,0.000000,0.000000,0.000000,0.027276,-0.010949,-0.023786,-77.578823,51.338555,-45.505521,0.019509,-0.027003,-0.053721,-74.940179,45.035672,-37.853660,0.014386,-0.041117,-0.079764,-75.342511,48.131715,-34.767851,0.027243,0.003551,-0.023924,-64.072638,57.631497,-37.932250,0.015267,-0.018296,-0.061081,-69.375236,48.996851,-30.747614,0.013978,-0.030168,-0.084295,-67.479286,42.993176,-29.123067,0.051961,8,0.062729,8,0,0,1,0,0,0,0,0,0,0,0,1,0,0,0,0,0,0,0.003731,-11.497981,-9.360440,-36.029127
589,3528254366.459750,-0.038863,0.016709,-0.037000,69.244441,-47.896252,-35.609958,-0.045645,0.001101,-0.007161,68.754098,-42.562804,-44.515986,0.000000,0.000000,0.000000,0.000000,0.000000,0.000000,-0.030937,0.033475,-0.044496,72.401011,-59.826145,-36.602775,-0.041250,0.017974,-0.011705,69.638110,-44.834938,-41.622871,-0.040055,0.009740,0.005678,61.694280,-57.204637,-31.683319,-0.042570,0.001396,-0.034032,63.804335,-55.969538,-28.581676,-0.048536,-0.015042,-0.003418,12.162994,-12.898753,-3.667900,-0.048319,-0.024140,0.017950,51.301393,-62.133177,-27.333049,0.042266,-0.006889,-0.010341,-0.392483,18.619512,1.794847,0.062096,0.006724,-0.035833,-3.961355,16.644422,3.364727,0.000000,0.000000,0.000000,0.000000,0.000000,0.000000,0.038199,0.001150,0.001101,1.910523,15.938822,6.594144,0.057389,0.013688,-0.024091,-2.379723,9.470801,1.935915,0.075596,0.024624,-0.046372,-5.597879,8.490917,5.018408,0.033148,0.010310,0.011443,9.434200,13.445651,13.517137,0.055960,0.025299,-0.022363,-1.275891,6.427971,7.406553,0.074330,0.034609,-0.040114,-1.675096,2.230535,2.054637,0.052073,8,0.062906,8,0,0,1,0,0,0,0,0,0,0,0,1,0,0,0,0,0,0,0.003945,-11.379659,-9.196065,-36.417699
590,3528254366.563286,-0.038996,0.016915,-0.036504,69.546426,-47.626747,-36.493290,-0.043696,0.002890,-0.009674,71.972124,-42.868470,-46.512821,0.000000,0.000000,0.000000,0.000000,0.000000,0.000000,-0.032031,0.033000,-0.042632,69.851598,-58.922531,-34.785062,-0.040782,0.018475,-0.011942,70.124895,-44.003232,-41.948857,-0.037980,0.011406,0.002800,1.579162,0.809263,4.865455,-0.043417,0.001181,-0.032789,62.601260,-55.019157,-28.404568,-0.048678,-0.014733,-0.003117,11.544161,-12.833783,-4.317400,-0.048846,-0.024182,0.018750,16.751339,-1.254878,15.921645,0.042258,-0.006875,-0.011080,-0.836836,19.400918,2.191815,0.061518,0.005508,-0.034580,-3.717870,16.063477,2.724666,0.000000,0.000000,0.000000,0.000000,0.000000,0.000000,0.038158,0.000878,0.000901,1.262645,16.490451,6.520475,0.057152,0.013056,-0.023806,-2.357610,10.190711,1.336940,0.075188,0.023489,-0.045323,-4.617176,8.408134,4.805570,0.033033,0.009729,0.011892,8.289508,13.875569,12.762160,0.054914,0.023093,-0.018620,0.139093,4.471620,6.463376,0.074313,0.034172,-0.040465,-2.178382,2.732362,1.400613,0.051586,8,0.062180,8,0,0,1,0,0,0,0,0,0,0,0,1,0,0,0,0,0,0,0.003053,-0.100502,-34.770670,-41.121722
591,3528254366.679014,-0.056379,-0.002165,0.000698,-2.101246,-10.341573,5.021608,-0.036944,0.009884,0.024306,-6.456461,-14.657285,-2.228206,0.000000,0.000000,0.000000,0.000000,0.000000,0.000000,-0.061135,0.001536,-0.017130,-2.507155,-12.844238,15.269313,-0.041479,0.018025,0.011956,-6.445371,-10.962919,-0.124250,-0.027442,0.022840,0.019973,-8.893282,-10.217381,14.808383,-0.052147,-0.009194,0.013594,-1.860784,-8.409160,12.914099,-0.030775,0.003568,0.039474,-6.630378,-2.332613,2.362464,-0.013330,0.012909,0.054085,-15.464165,-10.071625,19.874417,0.024185,-0.025945,-0.026609,-82.323300,47.818055,-50.226415,0.017026,-0.041040,-0.056694,-83.790887,48.557593,-46.595855,0.000000,0.000000,0.000000,0.000000,0.000000,0.000000,0.027841,-0.010203,-0.023093,-75.803615,51.966824,-43.988822,0.018590,-0.027213,-0.055192,-74.514114,45.016017,-37.523920,0.014270,-0.040712,-0.080172,-75.403814,48.922796,-34.054937,0.026460,0.003288,-0.025001,-66.276501,57.815713,-37.756910,0.017556,-0.015998,-0.058040,-64.703218,48.009148,-26.629004,0.013541,-0.029895,-0.084919,-67.787351,43.399659,-28.706836,0.051870,8,0.062448,8,0,0,1,0,0,0,0,0,0,0,0,1,0,0,0,0,0,0,0.004429,-30.720748,68.818782,-70.615792
592,3528254366.758218,-0.056167,-0.002201,0.001075,-2.672345,-9.741514,5.005128,-0.036883,0.009733,0.023490,-6.771599,-14.864174,-1.721376,0.000000,0.000000,0.000000,0.000000,0.000000,0.000000,-0.060823,0.001696,-0.015921,-2.874681,-12.166883,15.628864,-0.041211,0.018173,0.012037,-6.019441,-10.378427,-0.547736,-0.026917,0.023491,0.020587,-9.228590,-9.575890,14.509965,-0.051240,-0.007865,0.016376,-2.770057,-7.323173,13.152003,-0.030233,0.004323,0.040014,-47.851759,31.513875,-15.726016,-0.012482,0.014175,0.054848,-15.687202,-9.294624,19.575205,0.024653,-0.025690,-0.025218,-82.914740,47.316704,-50.508542,0.017530,-0.041109,-0.054769,-84.480426,48.362426,-47.314062,0.000000,0.000000,0.000000,0.000000,0.000000,0.000000,0.026724,-0.011174,-0.024311,-79.744081,52.072841,-47.303802,0.019024,-0.027315,-0.053596,-75.367777,44.446747,-37.035760,0.013100,-0.042074,-0.080042,-78.095771,49.291115,-36.404519,0.026777,0.003424,-0.024281,-67.905610,57.542096,-40.561402,0.016985,-0.016840,-0.057803,-68.137958,48.375646,-28.921292,0.013723,-0.030427,-0.083322,-68.292557,43.738892,-29.354687,0.051810,8,0.061903,8,0,0,1,0,0,0,0,0,0,0,0,1,0,0,0,0,0,0,0.005671,24.968841,36.025116,19.418434
594,3528254366.953452,-0.038149,0.016908,-0.036519,72.640142,-48.856964,-38.732421,-0.045142,0.001197,-0.007945,74.119415,-43.174745,-47.729432,0.000000,0.000000,0.000000,0.000000,0.000000,0.000000,-0.031080,0.033158,-0.042332,75.565868,-59.751457,-39.378296,-0.041378,0.017554,-0.011093,71.675996,-45.011664,-43.038103,-0.041452,0.008336,0.007388,63.358042,-57.708823,-34.170768,-0.042029,0.001580,-0.033862,68.711386,-56.830974,-32.139416,-0.049516,-0.016083,-0.002736,13.165018,-14.299629,-4.108832,-0.049612,-0.025416,0.018176,55.545444,-62.602914,-30.376180,0.041527,-0.007633,-0.007846,0.272557,17.264401,1.968676,0.061260,0.004994,-0.030226,-2.448404,14.790460,3.650001,0.000000,0.000000,0.000000,0.000000,0.000000,0.000000,0.036849,-0.000467,0.004760,3.219638,14.862193,6.789660,0.057211,0.013594,-0.021647,-1.863626,8.721020,2.132490,0.075492,0.024204,-0.041945,-4.402324,8.174393,5.522190,0.032250,0.009499,0.013208,8.305121,12.704189,13.328976,0.054659,0.023313,-0.016080,0.117882,3.121256,6.791923,0.073851,0.033507,-0.034245,0.141512,1.286820,2.071510,0.052174,8,0.060833,8,0,0,1,0,0,0,0,0,0,0,0,1,0,0,0,0,0,0,0.006826,-10.698345,-10.251136,-37.086005
596,3528254367.152646,-0.039083,0.016795,-0.036296,68.971181,-48.298381,-36.229189,-0.042819,0.003711,-0.011365,73.744024,-43.459755,-48.570927,0.000000,0.000000,0.000000,0.000000,0.000000,0.000000,-0.030940,0.033554,-0.043625,72.457088,-59.912341,-37.458202,-0.041931,0.017870,-0.010616,69.402088,-44.439419,-41.650432,-0.038634,0.011134,0.003342,62.949349,-57.669526,-33.797113,-0.043879,0.000820,-0.032372,62.731914,-55.655032,-28.066155,-0.048660,-0.014450,-0.003846,59.905068,-43.571993,-28.810144,-0.049188,-0.024018,0.018091,52.619790,-62.989207,-29.278931,0.042082,-0.007490,-0.009679,-0.037714,18.503138,1.738882,0.062248,0.005871,-0.034728,-3.572117,16.061294,3.010866,0.000000,0.000000,0.000000,0.000000,0.000000,0.000000,0.037865,0.000277,0.002248,2.046811,15.345534,6.629039,0.058003,0.013745,-0.024735,-2.968041,9.886525,0.744485,0.076110,0.023837,-0.045415,-4.892111,8.804315,4.662140,0.033150,0.009953,0.011532,8.989187,13.574436,12.863169,0.056434,0.024829,-0.022033,-1.867894,5.260329,6.456026,0.074603,0.033113,-0.037517,-0.276792,1.599548,2.085604,0.051719,8,0.062673,8,0,0,1,0,0,0,0,0,0,0,0,1,0,0,0,0,0,0,0.007811,-10.451088,-10.054841,-37.184616
598,3528254367.355130,-0.055981,-0.001396,0.001415,-2.391680,-9.427571,4.463603,-0.037573,0.009395,0.022348,-6.377882,-15.828386,-2.229707,0.000000,0.000000,0.000000,0.000000,0.000000,0.000000,-0.060724,0.001878,-0.017119,-3.017427,-13.479712,15.832693,-0.041902,0.017389,0.009916,-6.015673,-12.525804,0.699357,-0.027625,0.022987,0.019485,-59.633535,44.831337,-22.656432,-0.051655,-0.007910,0.015329,-3.416731,-8.626261,13.536694,-0.031039,0.004072,0.039319,-6.842197,-3.460288,2.620062,-0.014257,0.012818,0.052462,-15.212298,-10.897944,19.684177,0.024032,-0.026342,-0.026542,-83.014536,47.402437,-50.674306,0.018824,-0.040623,-0.054277,-81.593643,47.714416,-45.212636,0.000000,0.000000,0.000000,0.000000,0.000000,0.000000,0.026409,-0.011678,-0.025088,-77.972218,51.747022,-45.684808,0.019390,-0.027426,-0.054230,-75.487734,45.064284,-37.728277,0.015302,-0.041061,-0.079212,3.126509,14.374356,-6.904811,0.026156,0.002604,-0.025462,-68.591560,57.416278,-39.976871,0.016401,-0.017823,-0.059901,-68.635447,48.395315,-29.270296,0.015628,-0.029592,-0.082807,-64.618483,41.616035,-26.608729,0.051468,8,0.062237,8,0,0,1,0,0,0,0,0,0,0,0,1,0,0,0,0,0,0,0.008365,-10.596044,-10.324026,-37.324886
600,3528254367.553178,-0.038861,0.016964,-0.037591,67.749786,-48.187123,-34.837696,-0.043414,0.003189,-0.010831,70.514635,-43.057018,-45.648412,0.000000,0.000000,0.000000,0.000000,0.000000,0.000000,-0.030771,0.033785,-0.045354,71.666275,-59.010536,-35.685774,-0.039706,0.019378,-0.014398,70.375765,-44.554864,-42.263481,-0.038108,0.011551,0.002238,1.937695,0.064213,5.495430,-0.041406,0.002553,-0.036149,64.580461,-56.159086,-28.392921,-0.047565,-0.013811,-0.005208,57.171475,-43.577191,-27.865096,-0.048050,-0.023383,0.017150,52.142998,-62.010197,-27.878798,0.043244,-0.005845,-0.012793,-1.176459,18.963842,1.749308,0.062506,0.006357,-0.036277,-3.576229,15.781390,3.099974,0.000000,0.000000,0.000000,0.000000,0.000000,0.000000,0.038386,0.000918,0.001225,1.696853,15.690244,6.796717,0.058184,0.014122,-0.025801,-3.268464,9.207714,0.801386,0.076115,0.024210,-0.046886,-4.677436,8.255351,4.869683,0.034245,0.011368,0.008939,7.763892,14.184972,12.821449,0.056364,0.024992,-0.022487,-1.571840,4.918350,6.344025,0.074898,0.034238,-0.040455,-1.296982,2.371514,2.101022,0.051651,8,0.063601,8,0,0,1,0,0,0,0,0,0,0,0,1,0,0,0,0,0,0,0.007574,-10.271403,-10.532174,-37.477225
602,3528254367.752869,-0.055617,-0.000760,0.003326,-2.378067,-8.582837,4.117766,-0.036597,0.010007,0.023910,-6.212015,-14.337938,-2.202860,0.000000,0.000000,0.000000,0.000000,0.000000,0.000000,-0.060804,0.002438,-0.015159,-2.525403,-11.797604,15.387761,-0.041327,0.017828,0.011283,-5.484428,-10.954862,-1.215389,-0.025898,0.024752,0.022790,-9.793560,-8.407872,13.602636,-0.050750,-0.006855,0.018103,-3.455976,-6.698986,12.975622,-0.029655,0.004782,0.040895,-6.920001,-2.337538,2.509983,-0.012077,0.014039,0.054874,-15.227500,-9.187612,19.291037,0.023546,-0.026143,-0.026404,-84.655824,47.969330,-52.466666,0.018373,-0.039972,-0.052915,-83.063733,48.817663,-47.207986,0.000000,0.000000,0.000000,0.000000,0.000000,0.000000,0.026081,-0.011442,-0.024947,-80.313904,52.659949,-47.482573,0.017547,-0.027710,-0.054802,-77.281901,45.730582,-39.562478,0.012843,-0.041364,-0.079515,-76.475264,48.996960,-35.405322,0.026384,0.003256,-0.024646,-70.057752,57.744893,-41.835460,0.014709,-0.017979,-0.060076,-70.599736,49.682815,-31.694687,0.013216,-0.029862,-0.083029,-67.518203,43.456367,-28.359351,0.051889,8,0.061870,8,0,0,1,0,0,0,0,0,0,0,0,1,0,0,0,0,0,0,0.007054,-9.847350,-11.054982,-37.920663
604,3528254367.956136,-0.056228,-0.001639,0.001253,-2.461299,-8.906892,4.247146,-0.037493,0.009362,0.022397,-6.021465,-15.627280,-2.362796,0.000000,0.000000,0.000000,0.000000,0.000000,0.000000,-0.061110,0.001551,-0.017303,-2.573680,-12.298722,15.296483,-0.041625,0.017974,0.011091,-5.980738,-12.126266,-0.206132,-0.027279,0.023354,0.020045,-9.405677,-9.670281,13.799419,-0.051287,-0.007178,0.017165,-3.326166,-6.932444,13.340002,-0.030367,0.004789,0.040882,-7.871220,-2.171484,2.113684,-0.013342,0.013611,0.054027,-15.073026,-10.090684,19.384210,0.024127,-0.026226,-0.026245,-82.839049,47.548761,-50.999132,0.018234,-0.040905,-0.054608,-82.264609,48.000678,-45.658270,0.000000,0.000000,0.000000,0.000000,0.000000,0.000000,0.027370,-0.010870,-0.023666,-77.458769,51.141925,-45.305092,0.019678,-0.027091,-0.053437,-74.195157,45.041803,-37.390633,0.013325,-0.042131,-0.080861,-77.053150,48.401707,-35.547629,0.026837,0.003266,-0.024466,-66.954719,58.198812,-39.889631,0.015184,-0.018588,-0.061065,-69.409574,48.020150,-29.319844,0.013678,-0.030724,-0.084457,-67.466967,43.141827,-28.496899,0.051908,8,0.062606,8,0,0,1,0,0,0,0,0,0,0,0,1,0,0,0,0,0,0,0.006472,-10.029853,-11.170800,-37.625762
606,3528254368.152458,-0.038739,0.016922,-0.036257,71.257506,-48.052444,-37.177250,-0.043606,0.002737,-0.009897,73.350318,-42.858051,-47.874183,0.000000,0.000000,0.000000,0.000000,0.000000,0.000000,-0.032706,0.032473,-0.040895,71.412551,-58.572669,-35.866684,-0.042311,0.017246,-0.009721,69.456161,-44.396510,-41.502481,-0.039757,0.009862,0.005329,62.970622,-57.317999,-33.635614,-0.043138,0.001169,-0.032786,66.194461,-55.980067,-30.489922,-0.048509,-0.014830,-0.003740,12.542497,-12.148119,-3.870675,-0.049862,-0.025306,0.019333,17.637636,-2.613641,16.191482,0.041642,-0.007677,-0.008776,0.325393,18.090145,1.568341,0.061621,0.005743,-0.033271,-3.313245,15.840744,3.192970,0.000000,0.000000,0.000000,0.000000,0.000000,0.000000,0.037450,0.000049,0.003035,2.694355,15.401826,7.350517,0.056998,0.012959,-0.022082,-1.832050,9.351375,1.429007,0.075397,0.023983,-0.043846,-4.441367,8.235002,5.324377,0.032213,0.008977,0.013767,8.894158,12.963027,12.849634,0.055106,0.023643,-0.018323,-0.134020,4.484702,6.295241,0.074026,0.033574,-0.036757,-0.408944,2.634401,1.932429,0.051794,8,0.061512,8,0,0,1,0,0,0,0,0,0,0,0,1,0,0,0,0,0,0,0.006095,-9.415116,-11.578052,-38.180376
608,3528254368.354802,-0.039857,0.016281,-0.035404,69.566469,-47.320738,-35.564754,-0.043153,0.002895,-0.010527,73.236189,-42.630194,-47.424348,0.000000,0.000000,0.000000,0.000000,0.000000,0.000000,-0.031005,0.033906,-0.044096,74.129028,-59.491231,-37.530653,-0.041883,0.017509,-0.010554,69.598401,-43.973764,-41.090258,0.087202,0.077004,-0.148004,-128.966833,-63.811501,132.258455,-0.042499,0.001692,-0.033950,66.465378,-54.822694,-30.010219,-0.047949,-0.014811,-0.004044,60.756980,-43.731306,-29.239005,-0.048546,-0.024948,0.018390,55.083106,-61.981253,-29.986825,0.042135,-0.006564,-0.010442,0.376765,18.989425,2.830203,0.061338,0.006281,-0.033812,-2.668705,16.134554,3.931556,0.000000,0.000000,0.000000,0.000000,0.000000,0.000000,0.037365,0.000041,0.003422,2.720524,15.248280,7.142750,0.057460,0.014963,-0.025312,-2.190861,10.617957,2.504321,0.075179,0.025591,-0.046238,-4.553198,9.838977,5.992903,0.032177,0.009102,0.014007,10.633534,13.006218,14.072771,0.055126,0.024869,-0.020159,-0.464853,5.335948,6.561466,0.074013,0.035578,-0.040150,-1.513588,3.305991,2.051199,0.070145,8,0.062450,8,0,0,1,0,0,0,0,0,0,0,0,1,0,0,0,0,0,0,0.005553,-9.099018,-11.677847,-38.629876
610,3528254368.555099,-0.038701,0.017034,-0.037372,68.815699,-48.155121,-35.280022,-0.043510,0.003015,-0.010668,70.970883,-43.081832,-46.493302,0.000000,0.000000,0.000000,0.000000,0.000000,0.000000,-0.030496,0.033970,-0.045091,71.463769,-59.675200,-36.138380,-0.040607,0.018715,-0.012941,70.006155,-44.419155,-42.114764,-0.039226,0.010631,0.004007,61.833453,-57.271782,-32.214295,-0.041810,0.002225,-0.035367,65.264241,-56.032096,-29.622987,-0.048783,-0.014948,-0.003687,13.140689,-13.854030,-3.542665,-0.047616,-0.023137,0.016016,54.430276,-62.250071,-30.179764,0.042537,-0.006932,-0.010473,-0.398189,18.231420,1.911259,0.062794,0.007190,-0.036691,-3.671906,16.192303,3.536669,0.000000,0.000000,0.000000,0.000000,0.000000,0.000000,0.038026,0.000494,0.002239,2.252716,15.463521,7.069492,0.058065,0.014105,-0.024939,-2.232383,9.260556,1.196883,0.076120,0.024391,-0.045888,-5.172996,8.226583,4.989409,0.033967,0.011151,0.009525,8.427014,13.792950,13.456549,0.056202,0.024898,-0.021478,-1.067065,5.822865,6.707300,0.075097,0.034916,-0.040638,-0.776911,3.690393,2.503856,0.051769,8,0.063351,8,0,0,1,0,0,0,0,0,0,0,0,1,0,0,0,0,0,0,0.006663,24.616792,32.939431,17.483201
612,3528254368.757634,-0.039537,0.016681,-0.036365,67.685520,-47.439582,-34.624614,-0.042516,0.003779,-0.011617,72.127355,-43.045447,-47.120460,0.000000,0.000000,0.000000,0.000000,0.000000,0.000000,-0.031492,0.033588,-0.044161,70.986342,-58.582991,-35.420316,-0.040360,0.018896,-0.012985,70.271400,-43.372829,-41.566903,-0.039782,0.010101,0.005456,2.943098,0.386504,6.144565,-0.042679,0.001777,-0.034157,63.958259,-55.499055,-28.247365,-0.049027,-0.015209,-0.002517,57.221960,-42.977498,-26.799235,-0.047948,-0.023721,0.017722,51.002132,-62.376874,-27.883009,0.042157,-0.007108,-0.010488,0.036824,19.058214,2.064998,0.061544,0.005737,-0.034860,-2.987955,16.225794,3.232241,0.000000,0.000000,0.000000,0.000000,0.000000,0.000000,0.038425,0.001334,0.000320,1.617102,16.691924,6.502912,0.057636,0.014248,-0.025795,-2.251972,9.971236,1.253464,0.075543,0.025054,-0.048020,-5.356500,9.711214,5.197672,0.033189,0.010074,0.011580,9.271359,14.607458,13.222749,0.055709,0.024893,-0.022086,-0.998469,5.567657,6.328999,0.073941,0.033899,-0.039294,-0.610558,1.616036,1.774820,0.051818,8,0.062864,8,0,0,1,0,0,0,0,0,0,0,0,1,0,0,0,0,0,0,0.006944,-33.312827,66.854657,-74.201380
614,3528254368.961677,-0.056533,-0.001966,-0.000367,-2.221719,-10.596466,4.131294,-0.037819,0.009241,0.021788,-5.933622,-15.651246,-2.940312,0.000000,0.000000,0.000000,0.000000,0.000000,0.000000,-0.061053,0.001616,-0.018344,-2.407021,-12.931098,15.089937,-0.042245,0.017079,0.009002,-5.358607,-12.192869,-0.374683,-0.027285,0.023682,0.020461,-9.321499,-10.213301,13.886332,-0.051614,-0.007267,0.016298,-3.786717,-7.356785,12.732267,-0.030865,0.004681,0.040534,-7.146007,-2.380291,1.662716,-0.013907,0.013450,0.054089,-15.904147,-10.749973,19.302844,0.023409,-0.026840,-0.027518,-82.373752,47.170531,-50.745988,0.018527,-0.040859,-0.054847,-81.744902,48.529123,-46.163223,0.000000,0.000000,0.000000,0.000000,0.000000,0.000000,0.027969,-0.010564,-0.022837,-75.695639,51.163308,-43.937160,0.019773,-0.027237,-0.053969,-74.679844,44.500810,-37.463921,0.013915,-0.041946,-0.081136,-76.724770,48.176538,-35.501764,0.026561,0.002805,-0.024990,-67.115302,57.039269,-38.895292,0.016233,-0.018008,-0.060383,-68.043950,48.472217,-29.784611,0.013799,-0.030905,-0.085304,-67.803815,44.063860,-29.807315,0.052017,8,0.062863,8,0,0,1,0,0,0,0,0,0,0,0,1,0,0,0,0,0,0,0.005780,-8.392858,-12.716978,-39.128008
615,3528254369.062374,-0.037378,0.018139,-0.039579,68.887543,-48.087539,-35.976518,-0.041783,0.004694,-0.013178,71.404443,-43.450607,-47.064793,0.000000,0.000000,0.000000,0.000000,0.000000,0.000000,-0.031081,0.033717,-0.045017,69.460326,-59.343009,-35.105946,-0.040135,0.019355,-0.013719,68.702698,-44.250672,-41.346959,-0.038552,0.011510,0.003154,60.519379,-57.359416,-31.734928,-0.041847,0.002499,-0.035706,63.298760,-55.544437,-28.257439,-0.047872,-0.013623,-0.004850,57.060477,-43.223291,-27.297518,-0.047351,-0.022261,0.016008,53.926327,-61.952749,-29.134229,0.042988,-0.006559,-0.012285,-1.096745,19.028992,0.909355,0.062594,0.006027,-0.036908,-3.894242,16.496632,2.778459,0.000000,0.000000,0.000000,0.000000,0.000000,0.000000,0.038380,0.000545,0.001286,2.068978,15.908901,6.221679,0.058814,0.014693,-0.028150,-3.110006,10.598642,0.978959,0.076311,0.023818,-0.047781,-5.300510,10.024260,4.923285,0.033964,0.010622,0.010058,7.925629,13.672615,12.647805,0.056614,0.024733,-0.023163,-1.172029,5.543665,5.965309,0.075467,0.034505,-0.042849,-1.421639,3.065528,2.258195,0.051559,8,0.064104,8,0,0,1,0,0,0,0,0,0,0,0,1,0,0,0,0,0,0,0.005154,-8.106855,-12.870932,-39.171069
616,3528254369.161330,-0.037718,0.017741,-0.038171,70.938687,-48.090057,-37.281759,-0.044137,0.002513,-0.009371,71.450601,-42.791051,-46.663476,0.000000,0.000000,0.000000,0.000000,0.000000,0.000000,-0.031086,0.033589,-0.043882,-4.626013,-5.983439,2.845855,-0.041029,0.018332,-0.011883,69.768700,-44.669834,-41.851164,-0.039667,0.010187,0.005128,61.501289,-57.257241,-31.775944,-0.042971,0.001441,-0.033481,63.565670,-55.758909,-28.537442,-0.048937,-0.015004,-0.003130,58.442278,-42.815859,-27.497039,-0.047747,-0.023198,0.016381,15.893642,-1.316191,15.611085,0.042088,-0.007303,-0.009886,-0.195875,18.300160,1.325729,0.061901,0.005902,-0.034523,-3.521804,15.868854,3.324718,0.000000,0.000000,0.000000,0.000000,0.000000,0.000000,0.038536,0.001505,0.000029,1.915429,16.415655,6.824414,0.057670,0.013782,-0.024436,-2.466131,8.996095,0.732630,0.075759,0.024287,-0.045764,-5.097683,8.414697,4.602105,0.032886,0.009728,0.012281,9.795559,13.067298,12.992362,0.055811,0.024535,-0.020919,-0.215867,5.046092,6.344088,0.074512,0.034175,-0.039270,-0.314556,1.652688,2.484081,0.051775,8,0.062653,8,0,0,1,0,0,0,0,0,0,0,0,1,0,0,0,0,0,0,0.005754,24.241380,31.888969,16.823483
618,3528254369.361774,-0.038473,0.017552,-0.036858,72.030753,-47.686060,-38.203852,-0.043926,0.002529,-0.009514,71.597314,-42.355532,-46.497956,0.000000,0.000000,0.000000,0.000000,0.000000,0.000000,-0.032255,0.033355,-0.041792,72.250435,-58.896258,-36.261846,-0.041538,0.017905,-0.010866,70.214929,-43.351811,-41.638229,-0.038675,0.010628,0.003633,3.092827,-0.087392,5.800103,-0.042689,0.001846,-0.033661,67.645896,-55.070107,-31.578724,-0.048560,-0.015030,-0.003659,60.682812,-43.272795,-29.093757,-0.049235,-0.025299,0.018620,54.690014,-62.262087,-30.495424,0.042072,-0.006907,-0.009923,0.388785,18.656889,2.193717,0.062052,0.007305,-0.035143,-2.829172,16.165704,3.602198,0.000000,0.000000,0.000000,0.000000,0.000000,0.000000,0.037854,0.000702,0.002022,2.621519,16.066980,6.376515,0.057424,0.014267,-0.023757,-1.098117,9.373654,1.899985,0.075519,0.025345,-0.045127,-4.485142,8.722958,5.117051,0.032976,0.009957,0.011878,10.336407,13.734414,14.368699,0.055087,0.024212,-0.018524,0.625223,4.945404,7.066776,0.074299,0.035214,-0.038747,-0.174280,3.001953,2.405809,0.051764,8,0.062372,8,0,0,1,0,0,0,0,0,0,0,0,1,0,0,0,0,0,0,0.005504,-8.005456,-13.272083,-39.577821
620,3528254369.564126,-0.039187,0.016638,-0.036224,69.136311,-47.852892,-35.603003,-0.044510,0.002223,-0.008867,70.876507,-43.376256,-46.511562,0.000000,0.000000,0.000000,0.000000,0.000000,0.000000,-0.031837,0.033002,-0.042720,70.853298,-59.512356,-35.683938,-0.040597,0.018580,-0.012512,69.954819,-43.896356,-41.806506,-0.039703,0.010158,0.005105,62.034387,-57.893787,-32.575771,-0.042500,0.001700,-0.034032,65.729624,-55.970797,-31.074641,-0.049386,-0.015401,-0.002515,57.643026,-43.133505,-27.455791,-0.048447,-0.023780,0.017378,15.670941,-1.678665,15.810722,0.042070,-0.007235,-0.009845,-0.192855,18.517529,1.556484,0.061799,0.005710,-0.034011,-3.430167,15.590504,3.296655,0.000000,0.000000,0.000000,0.000000,0.000000,0.000000,0.037742,0.000349,0.002388,2.502265,15.925211,6.386976,0.057613,0.013754,-0.024262,-2.539934,9.651975,0.935217,0.075768,0.024263,-0.045607,-4.812963,8.641370,4.833191,0.032831,0.009732,0.012318,9.975567,13.642427,13.471189,0.055781,0.024519,-0.020817,-1.134767,5.148725,6.281857,0.074222,0.033516,-0.037745,-0.560358,1.942360,1.615971,0.051830,8,0.062331,8,0,0,1,0,0,0,0,0,0,0,0,1,0,0,0,0,0,0,0.005157,-7.827548,-13.125879,-39.784360
621,3528254369.674942,-0.056565,-0.002143,0.000395,-3.284673,-9.942135,5.019250,-0.038341,0.008220,0.020277,-5.939124,-16.279325,-2.219414,0.000000,0.000000,0.000000,0.000000,0.000000,0.000000,-0.061182,0.001564,-0.017318,-3.402894,-12.439846,15.382371,-0.042090,0.017436,0.010158,-6.200364,-11.934152,0.248274,-0.028491,0.021696,0.017216,-8.525444,-10.406603,13.821024,-0.052204,-0.008720,0.014162,-2.793511,-8.514407,13.357996,-0.030801,0.004431,0.040404,-7.670452,-1.968974,1.989161,-0.013565,0.013699,0.054553,-36.096965,52.924401,-11.935529,0.023027,-0.027261,-0.028425,-83.311100,47.080928,-50.634511,0.016751,-0.042181,-0.057385,-83.380387,48.443237,-46.769959,0.000000,0.000000,0.000000,0.000000,0.000000,0.000000,0.026580,-0.011668,-0.025204,-77.065769,51.823264,-44.780506,0.017735,-0.028782,-0.056749,-76.590603,45.194592,-38.309299,0.013168,-0.042642,-0.082021,-75.970754,47.882516,-34.902477,0.025424,0.001869,-0.026876,-69.839955,57.569645,-41.670612,0.016729,-0.017659,-0.059724,-65.980582,47.544908,-27.871116,0.014987,-0.030192,-0.083872,-65.808822,42.289820,-27.582925,0.051802,8,0.063573,8,0,0,1,0,0,0,0,0,0,0,0,1,0,0,0,0,0,0,0.004351,-7.450499,-13.526436,-40.046976
622,3528254369.757297,-0.037976,0.017492,-0.038468,70.333647,-48.380330,-36.825326,-0.042390,0.003697,-0.012120,72.594024,-42.885136,-46.759295,0.000000,0.000000,0.000000,0.000000,0.000000,0.000000,-0.031613,0.033352,-0.044017,69.887132,-59.043249,-34.753810,-0.042207,0.017458,-0.010614,67.592940,-44.528102,-40.214717,-0.039028,0.010571,0.003849,61.848562,-57.162414,-31.754533,-0.042378,0.001671,-0.034649,64.370778,-55.605046,-29.218456,-0.047951,-0.014554,-0.004472,58.673347,-43.116622,-27.224493,-0.048303,-0.024188,0.017694,53.130675,-61.852420,-28.763376,0.042174,-0.007328,-0.009531,-0.215445,18.424580,1.810434,0.062757,0.007863,-0.037582,-3.809113,17.053867,3.949873,0.000000,0.000000,0.000000,0.000000,0.000000,0.000000,0.038427,0.001333,0.000898,1.833478,15.733842,6.281689,0.057449,0.013558,-0.023499,-1.807389,8.477372,1.405061,0.075868,0.024997,-0.046609,-4.849653,8.284071,5.339962,0.034099,0.011605,0.008864,8.857437,14.901166,14.424105,0.056466,0.026071,-0.023560,-1.196944,5.849180,7.033635,0.074429,0.034558,-0.039299,-0.415317,1.947749,1.967898,0.051765,8,0.063311,8,0,0,1,0,0,0,0,0,0,0,0,1,0,0,0,0,0,0,0.003885,-7.668680,-13.602450,-39.874995
624,3528254369.959724,-0.037739,0.017723,-0.038750,69.825111,-48.334623,-36.417951,-0.043926,0.002759,-0.010061,70.439545,-42.684352,-45.685405,0.000000,0.000000,0.000000,0.000000,0.000000,0.000000,-0.029451,0.034644,-0.046669,73.607556,-59.595385,-37.180514,-0.040658,0.018695,-0.012861,69.483138,-44.165820,-41.102116,-0.038709,0.011055,0.003195,3.421916,0.078185,5.706944,-0.041433,0.002543,-0.035941,65.239254,-56.169279,-29.057781,-0.048658,-0.014764,-0.003724,57.082261,-43.153252,-27.175457,-0.047669,-0.023103,0.016272,53.447019,-62.467985,-29.099729,0.042618,-0.006847,-0.010776,-0.370088,18.320497,1.727184,0.062270,0.005882,-0.034847,-3.386409,15.780342,3.206792,0.000000,0.000000,0.000000,0.000000,0.000000,0.000000,0.039282,0.002376,-0.001551,0.940914,16.197196,6.199229,0.058007,0.013857,-0.024793,-2.598668,8.777673,1.303602,0.086877,0.065636,-0.132792,-55.115885,17.081449,6.784591,0.033854,0.010924,0.009953,8.322574,14.753218,13.498868,0.056578,0.025379,-0.022857,-1.944166,5.113091,6.409848,0.075071,0.034711,-0.040717,-1.452957,2.730810,1.537676,0.051935,8,0.073375,8,0,0,1,0,0,0,0,0,0,0,0,1,0,0,0,0,0,0,0.003873,23.694793,30.561834,15.776160
626,3528254370.159272,-0.037858,0.017771,-0.038332,70.518568,-48.447936,-36.848328,-0.043486,0.003205,-0.010539,70.956840,-42.853260,-46.183384,0.000000,0.000000,0.000000,0.000000,0.000000,0.000000,-0.029666,0.034581,-0.046023,73.233362,-59.284192,-37.095599,-0.039103,0.019807,-0.014819,71.704866,-44.459559,-42.660119,-0.037804,0.011756,0.002044,63.057615,-57.301657,-33.326886,-0.042649,0.001792,-0.034232,64.512119,-55.657642,-29.271971,-0.047623,-0.013694,-0.005183,59.920466,-43.289370,-28.785877,-0.048141,-0.023370,0.016962,53.573959,-62.305278,-29.177030,0.042346,-0.007285,-0.010164,-0.193102,18.265784,2.176884,0.062466,0.006349,-0.035816,-3.635826,16.429952,3.490342,0.000000,0.000000,0.000000,0.000000,0.000000,0.000000,0.038632,0.001281,0.000369,1.786056,16.003431,6.652728,0.058161,0.014029,-0.025344,-3.013378,9.535666,1.404864,0.076203,0.024382,-0.046552,-4.878128,8.711392,4.901620,0.033757,0.010616,0.010327,9.388695,13.834296,12.514285,0.056248,0.024657,-0.021523,-1.305239,4.410878,5.986634,0.075156,0.034572,-0.040749,-1.330229,3.619904,2.102479,0.051618,8,0.063349,8,0,0,1,0,0,0,0,0,0,0,0,1,0,0,0,0,0,0,0.003175,-7.074213,-14.420306,-40.230463
628,3528254370.353360,-0.037975,0.017147,-0.037519,72.113949,-48.821043,-37.691063,-0.043620,0.002636,-0.010224,72.419362,-43.241121,-46.741963,0.000000,0.000000,0.000000,0.000000,0.000000,0.000000,-0.030743,0.033433,-0.043805,73.769206,-59.483256,-37.600411,-0.041237,0.017938,-0.011683,70.575862,-44.553691,-42.111730,-0.039222,0.010375,0.004017,64.254671,-57.894059,-34.379210,-0.043828,0.000348,-0.032196,63.891604,-56.027350,-29.108772,-0.048544,-0.014948,-0.003899,59.353478,-43.677912,-28.736509,-0.049558,-0.024961,0.018602,52.509645,-63.095659,-28.563992,0.042116,-0.007161,-0.009330,-0.051187,17.592883,1.811415,0.062091,0.005972,-0.033463,-3.615194,15.253449,3.127074,0.000000,0.000000,0.000000,0.000000,0.000000,0.000000,0.037046,-0.000534,0.004666,3.559838,14.925312,7.215992,0.057910,0.014255,-0.024246,-3.024083,9.331590,0.938885,0.075820,0.023995,-0.043768,-4.062877,8.042198,5.229803,0.032632,0.009724,0.012783,9.459665,12.860933,12.964311,0.055349,0.023848,-0.018424,-0.870198,3.522565,6.342083,0.074378,0.033682,-0.036722,0.084030,1.105244,1.760183,0.051891,8,0.061991,8,0,0,1,0,0,0,0,0,0,0,0,1,0,0,0,0,0,0,0.002976,23.699889,29.783842,15.431318
630,3528254370.553646,-0.039110,0.016865,-0.036797,68.682870,-48.050963,-35.499258,-0.042290,0.003961,-0.012275,72.951104,-43.224224,-47.329428,0.000000,0.000000,0.000000,0.000000,0.000000,0.000000,-0.029891,0.034457,-0.045830,73.637357,-59.205952,-37.370734,-0.040467,0.018825,-0.013010,70.216724,-44.428984,-41.419641,-0.039233,0.010590,0.004175,61.568515,-57.374825,-32.590724,-0.043084,0.001344,-0.033695,63.563464,-55.596753,-28.309188,-0.049198,-0.015303,-0.002924,55.879581,-43.232803,-26.663757,-0.047959,-0.023541,0.016742,54.263240,-62.041920,-29.412435,0.042465,-0.006900,-0.010475,0.056589,18.478753,1.936167,0.062444,0.006754,-0.035819,-4.001587,16.059193,3.184676,0.000000,0.000000,0.000000,0.000000,0.000000,0.000000,0.037876,0.000330,0.002584,2.013265,15.403781,6.616206,0.057403,0.013102,-0.022843,-1.720766,8.223390,0.534597,0.076195,0.025093,-0.047034,-5.115684,9.362841,5.925438,0.033186,0.010100,0.011780,9.656798,13.612678,13.728378,0.056028,0.024811,-0.021122,-0.107820,5.118919,6.292015,0.074841,0.034721,-0.039843,51.642329,-22.023934,-9.466835,0.051851,8,0.062970,8,0,0,1,0,0,0,0,0,0,0,0,1,0,0,0,0,0,0,0.001653,-33.956096,64.797638,-75.828743
632,3528254370.756374,-0.038247,0.017700,-0.037877,69.339971,-48.220507,-36.268386,-0.041939,0.004581,-0.012630,72.685720,-43.476108,-48.063061,0.000000,0.000000,0.000000,0.000000,0.000000,0.000000,-0.029913,0.034534,-0.045793,-5.558713,-4.357283,2.620769,-0.041230,0.018598,-0.011690,67.378016,-44.760351,-40.781954,-0.039324,0.010853,0.004553,3.450814,-0.403972,5.477671,-0.042333,0.002343,-0.034719,64.247788,-55.933776,-29.375821,-0.047586,-0.013342,-0.005202,59.106018,-43.543541,-28.293463,-0.048791,-0.023583,0.018034,16.389410,-1.390614,15.246379,0.042583,-0.007059,-0.011251,-0.275364,18.695211,1.442398,0.062439,0.006122,-0.036425,-4.006288,16.450749,2.793797,0.000000,0.000000,0.000000,0.000000,0.000000,0.000000,0.038606,0.001012,0.000309,2.358153,16.419295,6.425682,0.057230,0.011957,-0.022303,-1.135958,7.688707,0.388299,0.076139,0.023824,-0.046923,-5.276623,8.831235,4.906113,0.033396,0.009786,0.011657,9.927146,13.191169,13.070632,0.056664,0.024913,-0.023195,-1.760951,5.357860,5.914213,0.075318,0.034429,-0.041891,-2.643890,3.193951,1.141090,0.051845,8,0.063314,8,0,0,1,0,0,0,0,0,0,0,0,1,0,0,0,0,0,0,0.002882,23.408825,29.301842,15.066074
634,3528254370.959200,-0.038930,0.016934,-0.037014,69.077699,-48.117553,-35.762890,-0.041609,0.004460,-0.013141,73.623472,-43.775364,-48.110882,0.000000,0.000000,0.000000,0.000000,0.000000,0.000000,-0.030655,0.033949,-0.044881,72.558430,-59.071263,-36.692942,-0.040351,0.018869,-0.013094,70.332883,-45.290350,-42.780286,-0.039904,0.010116,0.005241,3.418673,-0.404231,5.787536,-0.042885,0.001499,-0.033902,63.611935,-55.728845,-28.255244,-0.046874,-0.013277,-0.006093,60.755010,-44.118305,-29.339323,-0.048458,-0.023915,0.017687,52.322523,-61.838374,-28.216658,0.042218,-0.007305,-0.009911,-0.129713,18.155433,2.073003,0.062175,0.006201,-0.035228,-3.761018,15.469973,3.159185,0.000000,0.000000,0.000000,0.000000,0.000000,0.000000,0.038765,0.001742,-0.000314,1.565437,16.335593,6.531370,0.057978,0.014195,-0.025345,-2.511694,9.602835,1.638174,0.075732,0.023880,-0.045249,-4.194790,7.595139,4.669577,0.033683,0.010742,0.010258,8.999632,14.182491,13.355165,0.056051,0.024851,-0.021654,-1.054341,5.696101,6.579589,0.074552,0.034025,-0.039052,-0.174141,2.337181,2.247985,0.051605,8,0.062921,8,0,0,1,0,0,0,0,0,0,0,0,1,0,0,0,0,0,0,0.003991,23.382250,28.795416,14.656148
636,3528254371.157268,-0.039298,0.016974,-0.035933,70.560423,-47.500088,-36.510341,-0.042964,0.003226,-0.010795,74.236094,-43.476707,-48.397481,0.000000,0.000000,0.000000,0.000000,0.000000,0.000000,-0.032062,0.033506,-0.042321,72.217445,-58.969979,-36.843053,-0.041485,0.017929,-0.010949,70.317551,-43.823746,-41.409278,-0.040985,0.008801,0.007422,61.701218,-56.657843,-32.316245,-0.043111,0.001499,-0.033121,65.728123,-55.176995,-29.924163,-0.048528,-0.015095,-0.003471,60.203807,-42.876719,-28.243976,-0.048348,-0.024597,0.017604,17.120211,-1.620919,16.105943,0.042088,-0.006755,-0.010210,1.057596,18.675855,2.834483,0.061754,0.007094,-0.034992,-2.968034,16.224225,3.803268,0.000000,0.000000,0.000000,0.000000,0.000000,0.000000,0.037616,0.000385,0.002609,2.629323,15.039871,7.074927,0.057198,0.014134,-0.023667,-1.431164,9.857613,2.107523,0.074902,0.024322,-0.043508,-3.266808,7.840313,5.664097,0.032181,0.008884,0.014236,10.070020,12.540891,14.075135,0.055241,0.024784,-0.019857,-0.366075,5.622570,6.902735,0.073868,0.034873,-0.038223,-0.357449,2.510307,2.335510,0.051815,8,0.062067,8,0,0,1,0,0,0,0,0,0,0,0,1,0,0,0,0,0,0,0.001923,-33.986636,64.012619,-76.048190
638,3528254371.354926,-0.039539,0.016376,-0.035279,70.612452,-48.527368,-37.380570,-0.044261,0.002240,-0.009098,74.019278,-42.300445,-47.339055,0.000000,0.000000,0.000000,0.000000,0.000000,0.000000,-0.031817,0.033062,-0.042048,72.637905,-59.498582,-36.846482,-0.040811,0.018241,-0.011896,71.578359,-44.173598,-42.693559,-0.039939,0.009719,0.005383,3.852673,-1.119641,5.690871,-0.042956,0.001298,-0.033079,65.952438,-56.156090,-31.077914,-0.048311,-0.014742,-0.004081,12.816425,-12.273126,-3.489264,-0.048797,-0.024518,0.017680,54.803453,-62.804633,-30.767093,0.041694,-0.007513,-0.008827,0.555605,18.135076,2.059409,0.061501,0.005641,-0.032637,-2.397368,14.710163,3.831103,0.000000,0.000000,0.000000,0.000000,0.000000,0.000000,0.037745,0.000679,0.002082,2.291492,16.066419,6.756599,0.057050,0.013230,-0.022149,-1.685618,8.981759,1.346385,0.075422,0.024267,-0.043787,-4.132083,8.191642,5.142991,0.032140,0.009019,0.013882,9.879074,12.628730,14.199399,0.055355,0.024299,-0.019221,-0.289669,4.869858,6.825980,0.073784,0.033361,-0.035622,1.055330,1.881463,2.083129,0.051620,8,0.061516,8,0,0,1,0,0,0,0,0,0,0,0,1,0,0,0,0,0,0,0.001767,-5.324048,-15.774224,-42.055878
640,3528254371.554802,-0.038119,0.017308,-0.038001,69.349740,-48.670800,-36.105760,-0.043038,0.003348,-0.011278,71.964825,-43.360225,-47.005648,0.000000,0.000000,0.000000,0.000000,0.000000,0.000000,-0.031450,0.033245,-0.043680,70.682188,-59.497356,-35.208959,-0.040680,0.018602,-0.012788,69.778389,-45.498786,-42.022472,-0.039468,0.010460,0.004243,2.556331,-1.057373,5.279908,-0.041941,0.002007,-0.035107,65.567958,-56.532770,-30.353127,-0.047724,-0.013999,-0.005226,11.758482,-13.146358,-3.913342,-0.048201,-0.023524,0.016742,16.586232,-1.808115,15.824572,0.042803,-0.006429,-0.011251,-1.026379,17.888290,1.173091,0.062755,0.006815,-0.036065,-3.746344,15.763686,3.289580,0.000000,0.000000,0.000000,0.000000,0.000000,0.000000,0.038310,0.001005,0.001330,1.547858,15.489704,6.222097,0.057467,0.012874,-0.022516,-2.569474,8.822310,1.106474,0.075948,0.023585,-0.044377,-4.576612,7.485437,4.815560,0.033583,0.010679,0.010559,8.600136,13.641539,12.973285,0.056559,0.025365,-0.022474,-1.300567,5.884886,7.028129,0.075082,0.034468,-0.039782,-0.886394,2.536486,1.700386,0.051615,8,0.063038,8,0,0,1,0,0,0,0,0,0,0,0,1,0,0,0,0,0,0,0.001933,23.355897,27.855628,14.013474
642,3528254371.757506,-0.038267,0.017300,-0.037418,2.951254,-9.933070,-5.454206,-0.043896,0.002667,-0.009614,71.577612,-43.070234,-46.896632,0.000000,0.000000,0.000000,0.000000,0.000000,0.000000,-0.030424,0.033945,-0.044532,73.581498,-58.761797,-37.069601,-0.041639,0.017883,-0.010880,69.360629,-44.320448,-41.500736,-0.039120,0.010566,0.004246,3.045383,-0.318654,5.473715,-0.042165,0.002035,-0.034420,66.741169,-55.998696,-31.117613,-0.047361,-0.013714,-0.005238,60.055700,-44.008684,-29.332867,-0.048337,-0.023742,0.017392,16.531778,-1.522269,15.551693,0.041960,-0.007511,-0.009473,-0.137249,18.128089,1.303279,0.062004,0.006163,-0.034939,-3.731599,16.151121,3.613794,0.000000,0.000000,0.000000,0.000000,0.000000,0.000000,0.037686,0.000149,0.002722,2.533380,15.791956,6.858643,0.057480,0.013442,-0.023814,-2.573336,9.062784,1.571335,0.075586,0.023836,-0.044929,-4.677760,8.442448,5.092207,0.032670,0.009413,0.012927,10.916443,12.960929,14.015964,0.055169,0.023448,-0.018613,-0.080959,4.561548,5.809910,0.074590,0.034339,-0.039694,-1.897121,3.941001,1.969834,0.051622,8,0.062249,8,0,0,1,0,0,0,0,0,0,0,0,1,0,0,0,0,0,0,0.001995,-4.710896,-16.639454,-42.479410
644,3528254371.959634,-0.038481,0.017042,-0.037567,68.282626,-48.429796,-35.926760,-0.040978,0.005088,-0.013980,74.475542,-43.146112,-48.464134,0.000000,0.000000,0.000000,0.000000,0.000000,0.000000,-0.030759,0.033447,-0.044715,70.721506,-59.654331,-35.665723,-0.039537,0.019447,-0.014226,69.542310,-44.746654,-41.536193,-0.037543,0.012062,0.001654,1.325680,0.852255,5.058775,-0.042367,0.001833,-0.034517,64.437525,-55.792387,-29.436693,-0.047832,-0.013689,-0.004733,11.454951,-12.384652,-3.865373,-0.048487,-0.023199,0.017772,52.487053,-62.692733,-28.413711,0.042794,-0.006658,-0.011854,-1.322143,18.760453,0.742769,0.062590,0.006119,-0.036801,-4.287605,16.463381,3.308541,0.000000,0.000000,0.000000,0.000000,0.000000,0.000000,0.038427,0.000883,0.000695,0.799418,16.602445,5.278403,0.057358,0.012115,-0.022881,-3.052370,8.018123,0.036258,0.076060,0.023182,-0.046388,-5.396030,8.128371,4.589197,0.032958,0.009468,0.012629,9.319353,13.554594,12.851550,0.055805,0.023412,-0.020287,-0.945039,4.461365,6.037659,0.075121,0.033684,-0.041124,-2.178414,3.155812,2.168736,0.051350,8,0.062949,8,0,0,1,0,0,0,0,0,0,0,0,1,0,0,0,0,0,0,0.001877,-4.158590,-16.893642,-43.233814
646,3528254372.164082,-0.037529,0.017949,-0.039370,70.128712,-48.261329,-36.350014,-0.042486,0.003887,-0.012178,71.894481,-44.020342,-46.750497,0.000000,0.000000,0.000000,0.000000,0.000000,0.000000,-0.030274,0.034204,-0.046114,-4.748642,-5.629457,2.834212,-0.040824,0.018701,-0.012830,69.176893,-43.940402,-40.789118,-0.037947,0.011683,0.002043,62.380997,-57.156322,-32.423121,-0.042459,0.001809,-0.034878,63.254554,-56.061090,-27.755388,-0.048564,-0.014671,-0.003861,56.085759,-43.271545,-26.961562,-0.047931,-0.023348,0.016886,51.079457,-62.465571,-26.599365,0.043002,-0.006324,-0.011865,-0.750876,18.603604,1.812545,0.062599,0.006502,-0.036291,-3.750085,15.992900,3.121951,0.000000,0.000000,0.000000,0.000000,0.000000,0.000000,0.038648,0.001339,0.000482,1.438334,15.944645,6.489520,0.057929,0.013673,-0.024693,-2.250808,8.587838,1.328844,0.076783,0.025911,-0.049833,-6.447780,9.824587,4.846787,0.034223,0.011395,0.009009,7.362705,14.249767,12.487387,0.056354,0.025054,-0.022318,-1.014682,4.691048,6.673085,0.075181,0.034948,-0.041659,-1.405693,3.036364,1.994549,0.051849,8,0.063938,8,0,0,1,0,0,0,0,0,0,0,0,1,0,0,0,0,0,0,0.003087,22.931721,26.742977,13.255829
648,3528254372.362194,-0.056744,-0.001869,0.000122,-2.601571,-9.308320,4.215303,-0.038195,0.008651,0.020854,-6.005449,-15.711877,-2.557426,0.000000,0.000000,0.000000,0.000000,0.000000,0.000000,-0.061331,0.002057,-0.017319,-63.027135,39.924276,-17.666783,-0.042348,0.017116,0.009216,-5.230076,-12.387462,-0.325436,-0.028222,0.022116,0.017790,-8.306216,-10.501215,13.389306,-0.052231,-0.008130,0.014706,-3.969911,-7.813621,13.131630,-0.031181,0.003919,0.039285,-7.248136,-2.507022,1.978352,-0.014171,0.012623,0.052644,-15.381004,-10.946040,18.958836,0.023949,-0.026504,-0.026858,-82.090609,47.617271,-50.472225,0.015666,-0.042434,-0.058606,-83.932497,48.452744,-47.422411,0.000000,0.000000,0.000000,0.000000,0.000000,0.000000,0.027500,-0.010963,-0.023798,-75.949438,51.490589,-45.093048,0.019070,-0.027503,-0.054837,-72.977985,44.043492,-36.491464,0.012980,-0.042243,-0.082111,-76.623046,48.127781,-35.529121,0.025749,0.002158,-0.026389,-67.593676,57.868456,-39.626748,0.015722,-0.018085,-0.060960,-68.301436,49.034878,-29.737709,0.013460,-0.030759,-0.085544,-67.183966,43.929277,-29.403131,0.051583,8,0.063566,8,0,0,1,0,0,0,0,0,0,0,0,1,0,0,0,0,0,0,0.001739,-4.116494,-17.309268,-43.373006
649,3528254372.464536,-0.055539,-0.001133,0.003210,-2.964774,-8.489395,4.580996,-0.035961,0.011253,0.025933,-7.924542,-13.945211,-2.216972,0.000000,0.000000,0.000000,0.000000,0.000000,0.000000,-0.060606,0.001973,-0.014894,-65.497062,40.747215,-18.987545,-0.041243,0.017959,0.011477,-6.289414,-11.188216,-0.188863,-0.026660,0.023850,0.020730,-8.964534,-8.634311,14.167795,-0.050792,-0.007217,0.017538,-4.704053,-6.902768,13.567902,-0.029063,0.006089,0.042779,-9.158599,-0.641816,2.268504,-0.012066,0.014930,0.055214,-17.295226,-9.199076,20.335013,0.024667,-0.025730,-0.024754,-84.331043,47.301084,-51.487513,0.017130,-0.041582,-0.054512,-85.280112,48.208412,-47.725317,0.000000,0.000000,0.000000,0.000000,0.000000,0.000000,0.027996,-0.010210,-0.022186,-78.240681,50.978604,-45.716414,0.018883,-0.027607,-0.053113,-77.011064,45.003005,-38.460114,0.013350,-0.042265,-0.078843,-78.432568,48.572786,-36.552609,0.027256,0.003831,-0.023416,-68.536736,58.202640,-40.557226,0.016156,-0.017780,-0.058348,-69.825781,48.794149,-30.463901,0.014631,-0.030155,-0.081487,-67.575219,42.950283,-28.968226,0.052043,8,0.061472,8,0,0,1,0,0,0,0,0,0,0,0,1,0,0,0,0,0,0,0.003223,22.900414,26.077998,13.095931
650,3528254372.565786,-0.056385,-0.002097,0.000846,-2.450388,-10.005605,4.957005,-0.037497,0.009398,0.022718,-6.389389,-14.931228,-2.301897,0.000000,0.000000,0.000000,0.000000,0.000000,0.000000,-0.061250,0.001092,-0.017471,-64.812166,40.088579,-17.965704,-0.042299,0.016766,0.009282,-5.627920,-11.886421,0.921315,-0.027718,0.022814,0.019221,-8.562735,-10.045100,13.903315,-0.051521,-0.007791,0.016362,-4.618418,-7.221701,13.846296,-0.030878,0.004042,0.039477,-7.506831,-2.840431,2.489813,-0.013297,0.013879,0.054533,-15.400325,-9.550241,19.722996,0.024274,-0.026217,-0.026230,-83.261581,46.382795,-50.604007,0.017651,-0.041444,-0.055614,-83.052459,47.938257,-46.335652,0.000000,0.000000,0.000000,0.000000,0.000000,0.000000,0.026805,-0.011311,-0.024565,-78.363537,51.534882,-45.826119,0.019737,-0.027189,-0.053554,-73.511022,44.126712,-35.816450,0.014237,-0.041814,-0.080039,-76.760627,48.117597,-35.218744,0.027115,0.003564,-0.024082,-67.099006,56.839386,-39.196363,0.016716,-0.017493,-0.059181,-66.863900,48.064678,-27.995421,0.013542,-0.031071,-0.084862,-67.590668,43.467662,-28.538824,0.051856,8,0.062546,8,0,0,1,0,0,0,0,0,0,0,0,1,0,0,0,0,0,0,0.004068,23.023436,26.095113,12.892146
651,3528254372.679878,-0.055586,-0.000648,0.003121,-2.748701,-9.010894,4.536595,-0.037276,0.009539,0.022645,-6.933912,-15.732247,-2.045375,0.000000,0.000000,0.000000,0.000000,0.000000,0.000000,-0.060784,0.001841,-0.016710,-2.294821,-12.699039,15.275328,-0.042091,0.016876,0.009221,-63.763848,30.458084,-28.067440,-0.027100,0.023492,0.020347,-58.816736,45.327344,-22.577035,-0.051099,-0.007046,0.017310,-4.226109,-7.418356,13.358641,-0.030585,0.004373,0.039867,-47.296458,31.528270,-15.823597,-0.012979,0.014066,0.054789,-15.747958,-9.987346,19.404161,0.024352,-0.026046,-0.025661,-82.691537,47.148769,-50.644864,0.016988,-0.041612,-0.055875,-84.650082,48.153470,-47.802197,0.000000,0.000000,0.000000,0.000000,0.000000,0.000000,0.027606,-0.010670,-0.023054,-77.183127,51.626471,-45.343721,0.018863,-0.027659,-0.054211,-75.602730,45.227307,-37.415832,0.014503,-0.041407,-0.079065,-76.039257,48.224294,-34.624456,0.028049,0.004301,-0.022478,-65.423433,56.862283,-37.647545,0.015580,-0.018295,-0.060218,-69.868112,48.623220,-30.138238,0.014220,-0.030380,-0.083416,-67.000321,42.905370,-28.509348,0.051723,8,0.062280,8,0,0,1,0,0,0,0,0,0,0,0,1,0,0,0,0,0,0,0.002769,-3.208348,-17.640142,-44.114266
652,3528254372.759554,-0.055410,-0.000824,0.003646,-3.793621,-8.751338,4.787205,-0.035960,0.011174,0.026131,-7.568881,-14.182083,-2.311798,0.000000,0.000000,0.000000,0.000000,0.000000,0.000000,-0.060766,0.001671,-0.015819,-64.862854,40.986971,-18.631164,-0.041717,0.017064,0.010088,-5.773574,-12.295649,0.585930,-0.026593,0.023917,0.021337,-60.245878,45.661476,-22.995321,-0.050669,-0.006985,0.018128,-4.725467,-6.995949,13.704584,-0.029441,0.005358,0.042065,-46.914036,31.579714,-15.397178,-0.011927,0.014883,0.056155,-39.730330,53.992042,-13.575769,0.024670,-0.025584,-0.024997,-83.760567,47.267220,-51.083416,0.017696,-0.040934,-0.054303,-84.201469,48.047342,-46.900305,0.000000,0.000000,0.000000,0.000000,0.000000,0.000000,0.027136,-0.010791,-0.023587,-79.444227,51.884891,-46.695847,0.018853,-0.027380,-0.053554,-76.207013,45.144209,-37.794730,0.012702,-0.042242,-0.080170,-77.538113,48.515089,-35.042096,0.027118,0.003788,-0.023629,-68.060715,57.393705,-40.029195,0.016284,-0.017382,-0.058530,-69.979505,49.191371,-30.807619,0.012475,-0.031242,-0.084372,-69.521413,44.192690,-29.717433,0.052152,8,0.061998,8,0,0,1,0,0,0,0,0,0,0,0,1,0,0,0,0,0,0,0.002305,-3.409128,-17.564959,-44.215169
654,3528254372.956806,-0.038593,0.017024,-0.037384,70.262344,-47.621232,-35.960854,-0.042551,0.003467,-0.011817,72.360944,-43.812711,-47.016648,0.000000,0.000000,0.000000,0.000000,0.000000,0.000000,-0.031583,0.033331,-0.043591,71.992096,-58.784649,-36.177014,-0.039932,0.018920,-0.013783,71.880597,-44.738219,-42.586691,-0.039264,0.010266,0.004205,62.589425,-57.626342,-32.606559,-0.043071,0.001059,-0.033545,63.897524,-55.221939,-28.170069,-0.048787,-0.015367,-0.003361,57.911071,-43.377387,-27.541039,-0.048848,-0.024795,0.018168,16.095606,-1.769782,15.887334,0.042819,-0.005909,-0.011615,-0.787779,18.683275,2.091140,0.063057,0.008759,-0.038305,-4.218226,17.423251,4.585067,0.000000,0.000000,0.000000,0.000000,0.000000,0.000000,0.037861,0.000649,0.002457,2.149930,15.260340,7.086682,0.057914,0.014756,-0.025202,-2.414162,9.479318,2.004729,0.075788,0.025162,-0.045891,-4.495462,9.111414,5.945572,0.033290,0.010627,0.011053,8.127659,14.072808,13.202936,0.055916,0.025395,-0.021485,-1.360475,5.892676,7.564845,0.074521,0.035092,-0.039509,-0.159202,2.588328,2.282827,0.051830,8,0.063379,8,0,0,1,0,0,0,0,0,0,0,0,1,0,0,0,0,0,0,0.001777,-2.866912,-17.935531,-44.381767
656,3528254373.154784,-0.038985,0.016868,-0.037158,68.592671,-48.106222,-35.546180,-0.042189,0.003995,-0.012531,72.992810,-43.067826,-47.322916,0.000000,0.000000,0.000000,0.000000,0.000000,0.000000,-0.030960,0.033774,-0.044741,71.502740,-59.217638,-36.562035,-0.041226,0.018306,-0.012112,68.740290,-44.121820,-40.680007,-0.038374,0.011224,0.002727,62.278176,-57.362018,-32.547981,-0.043147,0.001202,-0.033782,62.590471,-55.914770,-27.544031,-0.048514,-0.014780,-0.003910,56.845213,-43.677185,-27.345677,-0.047322,-0.022969,0.015788,54.325067,-62.514427,-29.719526,0.043186,-0.005744,-0.012515,-0.616399,18.884336,1.978989,0.063082,0.007881,-0.037933,-4.505160,16.436504,3.152026,0.000000,0.000000,0.000000,0.000000,0.000000,0.000000,0.038299,0.000889,0.001561,1.860058,15.478270,6.391757,0.057970,0.014000,-0.024656,-2.207188,8.446267,0.957351,0.076392,0.025286,-0.047585,-5.411744,9.344031,5.308930,0.033812,0.010901,0.010145,8.005683,13.808342,13.198625,0.056611,0.025710,-0.023125,-1.835819,5.577505,6.315084,0.075038,0.034977,-0.040708,-1.371067,3.145196,2.598255,0.051506,8,0.063907,8,0,0,1,0,0,0,0,0,0,0,0,1,0,0,0,0,0,0,0.001881,-2.629748,-18.189603,-44.759642
658,3528254373.361829,-0.037982,0.017102,-0.037750,70.314923,-48.892473,-36.948400,-0.043170,0.003172,-0.011113,73.120370,-43.433700,-47.525236,0.000000,0.000000,0.000000,0.000000,0.000000,0.000000,-0.031243,0.032991,-0.043422,71.805555,-60.089853,-36.999390,-0.041621,0.017836,-0.011372,69.504345,-44.182284,-41.428619,-0.039770,0.010250,0.004542,3.115652,-1.167306,5.694188,-0.041343,0.002247,-0.035572,65.916195,-56.907554,-30.667790,-0.049747,-0.015618,-0.002529,57.048500,-43.941704,-27.390251,-0.048717,-0.023675,0.017058,54.519996,-62.752579,-29.540492,0.042688,-0.006632,-0.010660,-0.603220,17.950062,1.930304,0.062813,0.006520,-0.035308,-4.223796,15.983500,3.644469,0.000000,0.000000,0.000000,0.000000,0.000000,0.000000,0.037546,-0.000056,0.003518,2.463837,15.128551,6.760327,0.057924,0.013419,-0.023463,-2.415199,8.652758,1.474653,0.076637,0.024444,-0.045902,-5.628964,8.547851,5.244478,0.032429,0.009248,0.013676,8.291152,12.704602,12.839897,0.056145,0.024330,-0.020265,-1.018456,3.809576,6.268498,0.075038,0.033727,-0.038023,51.780877,-22.587563,-9.969025,0.051917,8,0.062822,8,0,0,1,0,0,0,0,0,0,0,0,1,0,0,0,0,0,0,0.002593,-2.430918,-18.420107,-44.819420
660,3528254373.554900,-0.037462,0.018107,-0.039543,69.873178,-48.234842,-36.403352,-0.043658,0.003006,-0.010424,70.132234,-42.745772,-45.631043,0.000000,0.000000,0.000000,0.000000,0.000000,0.000000,-0.030281,0.034331,-0.046205,72.277409,-59.618008,-36.370964,-0.041108,0.018516,-0.012357,67.866071,-43.680533,-40.153905,-0.038110,0.011540,0.002399,61.178750,-56.930408,-31.547892,-0.042427,0.001937,-0.034941,62.953885,-55.611366,-27.511208,-0.047251,-0.013586,-0.005594,58.603135,-42.793287,-27.551856,-0.047824,-0.023372,0.017035,53.029090,-61.551576,-27.265108,0.043308,-0.005533,-0.013295,-0.930263,19.019349,1.573332,0.062968,0.007825,-0.038691,-4.475991,17.141878,3.465815,0.000000,0.000000,0.000000,0.000000,0.000000,0.000000,0.038394,0.000953,0.001144,2.486266,15.988785,6.822592,0.058179,0.014490,-0.026408,-2.759088,9.488035,1.378263,0.076498,0.025892,-0.049904,-5.594636,10.042137,5.412844,0.034132,0.011310,0.009201,8.674876,14.590182,13.334398,0.056346,0.025318,-0.023002,-1.082487,5.581048,6.881939,0.074815,0.034714,-0.041163,-0.677189,3.785383,2.071323,0.051805,8,0.064255,8,0,0,1,0,0,0,0,0,0,0,0,1,0,0,0,0,0,0,0.002389,22.472817,24.358843,12.008571
662,3528254373.764104,-0.038436,0.017522,-0.037833,69.388641,-47.712041,-35.715023,-0.042998,0.003685,-0.011172,71.829181,-42.565688,-46.400603,0.000000,0.000000,0.000000,0.000000,0.000000,0.000000,-0.030468,0.034207,-0.045422,-4.811853,-5.182873,2.579562,-0.040748,0.018818,-0.012520,68.765500,-43.960776,-41.286242,-0.038167,0.011572,0.002717,62.650538,-57.296518,-33.301499,-0.042553,0.002040,-0.034519,62.996127,-55.216055,-28.650992,-0.047974,-0.013921,-0.004518,58.184655,-43.343510,-27.585264,-0.047905,-0.023114,0.016959,52.263850,-62.107089,-28.789766,0.043179,-0.005797,-0.013124,-0.698405,18.927129,1.636521,0.062637,0.006943,-0.037472,-3.965229,16.978515,3.349693,0.000000,0.000000,0.000000,0.000000,0.000000,0.000000,0.038133,0.000442,0.001793,2.996930,15.689033,6.956313,0.057900,0.013648,-0.025158,-2.169830,9.283095,1.201731,0.076156,0.024614,-0.047845,-4.813778,9.432083,4.816595,0.034008,0.010924,0.009576,8.573849,14.305317,13.409851,0.056383,0.025013,-0.022797,-1.265041,4.607507,5.953608,0.075058,0.034702,-0.041771,-0.827087,5.146087,2.336806,0.051648,8,0.063777,8,0,0,1,0,0,0,0,0,0,0,0,1,0,0,0,0,0,0,0.002027,22.355888,23.840699,11.824781
664,3528254373.955104,-0.055965,-0.001256,0.001727,-2.652556,-9.499514,4.557614,-0.037312,0.009568,0.022402,-5.808809,-15.027671,-2.817953,0.000000,0.000000,0.000000,0.000000,0.000000,0.000000,-0.060869,0.001849,-0.016815,-2.566922,-12.319785,15.176089,-0.041603,0.017769,0.010489,-5.843891,-12.020868,-0.443313,-0.027269,0.023228,0.019534,-8.903393,-10.388923,14.303432,-0.051654,-0.007900,0.015187,-2.848471,-8.546991,13.427288,-0.029859,0.005546,0.041866,-8.674318,-2.296236,2.312154,-0.012901,0.014227,0.054661,-15.611486,-9.853198,19.425350,0.023933,-0.026320,-0.026123,-83.691700,46.929504,-51.653512,0.016318,-0.042054,-0.056522,-85.407797,48.975291,-48.326546,0.000000,0.000000,0.000000,0.000000,0.000000,0.000000,0.026234,-0.011771,-0.025010,-78.632633,51.950135,-46.377240,0.018100,-0.028250,-0.055032,-76.657135,44.440746,-38.394410,0.013159,-0.042299,-0.080342,-77.476039,48.167427,-35.797043,0.027418,0.003691,-0.023450,-67.568129,56.891823,-39.800357,0.016525,-0.017571,-0.058805,-68.312233,47.976767,-29.142387,0.014345,-0.030332,-0.083006,-67.244872,43.272976,-28.951783,0.051882,8,0.062514,8,0,0,1,0,0,0,0,0,0,0,0,1,0,0,0,0,0,0,0.002035,-1.354345,-19.139116,-46.045060
666,3528254374.154685,-0.056231,-0.001670,0.001010,-2.447628,-9.892408,4.840174,-0.037148,0.009933,0.023301,-6.605919,-15.583134,-1.787045,0.000000,0.000000,0.000000,0.000000,0.000000,0.000000,-0.061020,0.001694,-0.017129,-2.432293,-12.326057,15.010078,-0.041633,0.017893,0.010793,-6.449678,-11.962818,-0.256400,-0.027619,0.022771,0.018858,-8.648751,-10.592506,14.004818,-0.051761,-0.008042,0.015097,-2.954271,-8.722696,13.356084,-0.030373,0.004826,0.040664,-7.765784,-3.179674,2.306787,-0.013327,0.013662,0.053878,-15.479460,-10.289606,19.279169,0.024855,-0.025788,-0.025025,-82.094080,47.028317,-50.172343,0.017372,-0.041496,-0.055523,-83.655815,48.117471,-46.807550,0.000000,0.000000,0.000000,0.000000,0.000000,0.000000,0.026798,-0.011401,-0.024410,-78.469520,52.101219,-46.063315,0.018706,-0.027859,-0.054526,-75.667638,44.834610,-38.015233,0.013102,-0.042382,-0.080892,-77.153378,48.036547,-35.543039,0.026486,0.002858,-0.024955,-68.487918,57.582907,-40.249526,0.016418,-0.017691,-0.059274,-68.797941,48.017214,-29.390714,0.013549,-0.030966,-0.084401,-67.543404,42.494188,-27.866489,0.051791,8,0.062607,8,0,0,1,0,0,0,0,0,0,0,0,1,0,0,0,0,0,0,0.002429,-1.143678,-19.745494,-46.113396
668,3528254374.356558,-0.057098,-0.001823,-0.000973,-1.664535,-10.211515,3.744262,-0.038410,0.008850,0.021420,-5.758014,-15.687360,-2.834760,0.000000,0.000000,0.000000,0.000000,0.000000,0.000000,-0.062232,0.000482,-0.022119,-1.020088,-14.812836,14.985044,-0.042563,0.017306,0.009235,-5.238089,-12.649331,-0.849178,-0.029183,0.020976,0.015963,-6.916347,-12.055147,13.168676,-0.052960,-0.008754,0.012824,-2.252329,-8.977565,12.650429,-0.032215,0.002819,0.037909,-6.867497,-3.212063,1.991436,-0.015538,0.010987,0.051096,-13.858337,-11.758910,18.658507,0.023310,-0.026918,-0.028742,-79.854568,47.514114,-48.695533,0.015886,-0.041987,-0.060239,-82.583558,48.876639,-46.582457,0.000000,0.000000,0.000000,0.000000,0.000000,0.000000,0.025833,-0.012242,-0.026969,-74.931954,52.157389,-43.575460,0.018090,-0.027937,-0.057763,-73.783774,45.272311,-37.335400,0.013319,-0.041481,-0.083980,-74.698108,48.323461,-34.359291,0.026342,0.002624,-0.026004,-64.120192,58.123974,-37.341980,0.015979,-0.017644,-0.062227,-66.065999,48.115089,-28.041381,0.013039,-0.030526,-0.088226,-66.126346,41.970571,-26.737813,0.051722,8,0.064932,8,0,0,1,0,0,0,0,0,0,0,0,1,0,0,0,0,0,0,0.003277,-0.875417,-19.700963,-46.714968
670,3528254374.560980,-0.037967,0.017548,-0.038876,68.785586,-48.256825,-35.587778,-0.042450,0.003947,-0.012053,70.600714,-44.195611,-45.945491,0.000000,0.000000,0.000000,0.000000,0.000000,0.000000,-0.031187,0.033491,-0.045082,68.508548,-59.586936,-34.432787,-0.039832,0.019345,-0.014185,69.522517,-44.739482,-41.077728,-0.038541,0.011315,0.003241,60.874918,-56.946502,-31.484454,-0.042818,0.001537,-0.034352,62.300015,-55.912045,-27.338432,-0.047845,-0.013957,-0.004498,56.411748,-42.655577,-25.985525,-0.047543,-0.022848,0.016953,50.908820,-62.348381,-27.689737,0.043394,-0.005479,-0.013887,-1.128802,19.344365,1.701136,0.062851,0.007352,-0.038934,-5.055152,17.001112,3.121102,0.000000,0.000000,0.000000,0.000000,0.000000,0.000000,0.039064,0.001925,-0.001103,1.030814,16.753747,6.453364,0.058345,0.014582,-0.027584,-3.834104,10.276024,1.173194,0.075977,0.024194,-0.048151,-5.680322,9.198601,5.370966,0.034348,0.011477,0.008503,7.757525,14.789800,12.941509,0.055817,0.024131,-0.021410,-0.835825,4.659361,6.130583,0.074731,0.034042,-0.041380,-1.577468,1.939240,1.120234,0.051601,8,0.064031,8,0,0,1,0,0,0,0,0,0,0,0,1,0,0,0,0,0,0,0.004276,-0.455735,-19.785934,-46.950039
672,3528254374.759449,-0.040196,0.016279,-0.035405,67.639735,-47.287896,-34.907266,-0.043273,0.003227,-0.010415,71.293829,-42.948205,-46.524336,0.000000,0.000000,0.000000,0.000000,0.000000,0.000000,-0.031935,0.033344,-0.043425,70.265736,-58.612938,-34.805243,-0.041657,0.017978,-0.010892,68.068351,-43.388937,-40.282458,-0.039189,0.010507,0.004790,61.235943,-56.992202,-32.305193,-0.042606,0.001927,-0.034200,64.711609,-55.614067,-29.649651,-0.047804,-0.014113,-0.004230,58.759521,-42.822434,-28.082306,-0.047357,-0.023194,0.016876,52.804370,-61.847411,-28.953418,0.042579,-0.006314,-0.012133,-0.461032,19.782477,2.394353,0.061974,0.006913,-0.037155,-3.790162,17.785846,3.683240,0.000000,0.000000,0.000000,0.000000,0.000000,0.000000,0.037501,-0.000283,0.003124,3.519764,16.134695,7.287605,0.057170,0.013328,-0.024317,-1.971766,9.743549,1.361810,0.074903,0.023388,-0.045134,-3.737969,9.060882,5.495067,0.033515,0.010366,0.010644,8.619044,14.286366,12.593492,0.055493,0.024396,-0.021325,-0.630232,5.336276,6.144656,0.073981,0.034015,-0.039914,-0.517318,3.342597,2.371167,0.051446,8,0.062576,8,0,0,1,0,0,0,0,0,0,0,0,1,0,0,0,0,0,0,0.005247,-0.334865,-20.246414,-47.187362
674,3528254374.966408,-0.039889,0.016129,-0.035436,68.736344,-48.461980,-35.618391,-0.043643,0.002677,-0.010237,71.361445,-43.510713,-46.871766,0.000000,0.000000,0.000000,0.000000,0.000000,0.000000,-0.031436,0.033372,-0.043345,71.517165,-59.851554,-36.306132,-0.041023,0.018194,-0.012036,70.851662,-43.694135,-41.699459,-0.038956,0.010561,0.003717,63.449019,-57.259283,-33.209671,-0.043167,0.001049,-0.033257,63.810393,-55.341809,-28.472278,-0.048236,-0.014734,-0.004264,59.429805,-43.586467,-28.482660,-0.048176,-0.023980,0.016865,54.831704,-62.162635,-29.938535,0.042449,-0.006592,-0.010480,-0.205069,18.049128,1.632131,0.062452,0.007236,-0.035686,-3.792293,16.249942,4.115774,0.000000,0.000000,0.000000,0.000000,0.000000,0.000000,0.037746,0.000430,0.002691,2.330546,15.146294,6.960447,0.057620,0.013991,-0.023743,-2.313262,8.765860,1.112206,0.088999,0.070558,-0.137717,-54.175407,18.550794,8.001154,0.033171,0.010363,0.011347,9.289115,13.834370,13.606963,0.055774,0.024824,-0.020380,-0.624441,5.120600,7.258881,0.074246,0.034005,-0.037263,0.409811,0.010029,1.499949,0.051531,8,0.073427,8,0,0,1,0,0,0,0,0,0,0,0,1,0,0,0,0,0,0,0.004768,0.475818,-20.401420,-47.961339
676,3528254375.163626,-0.038362,0.017248,-0.037228,70.226335,-47.832027,-36.325666,-0.043776,0.002893,-0.009980,72.307418,-43.973950,-47.768933,0.000000,0.000000,0.000000,0.000000,0.000000,0.000000,-0.031308,0.033311,-0.043231,71.566814,-59.767260,-36.396131,-0.040439,0.018764,-0.012701,70.947498,-44.837228,-42.605570,-0.038598,0.011109,0.003292,62.245639,-57.322600,-32.705066,-0.042966,0.001432,-0.033491,63.999421,-55.884769,-28.899221,-0.048971,-0.014855,-0.003287,58.421944,-43.555257,-27.965285,-0.049152,-0.024154,0.018193,51.506065,-63.127535,-28.689859,0.042057,-0.007597,-0.009483,-0.244232,17.981210,1.405873,0.062660,0.006875,-0.036346,-3.834689,16.878741,3.539429,0.000000,0.000000,0.000000,0.000000,0.000000,0.000000,0.038485,0.001325,0.000348,1.052493,16.473452,6.299199,0.057322,0.012638,-0.022401,-1.819216,8.622044,1.291310,0.075992,0.023855,-0.045205,-4.819666,9.063600,5.207928,0.033333,0.010267,0.011030,7.945259,14.160294,13.160408,0.055852,0.024050,-0.020141,-0.853110,4.940756,6.519942,0.075047,0.034344,-0.040027,-1.559362,3.656880,2.142806,0.051778,8,0.062728,8,0,0,1,0,0,0,0,0,0,0,0,1,0,0,0,0,0,0,0.005539,0.292037,-20.769205,-47.688913
678,3528254375.363098,-0.057505,-0.003004,-0.002337,-1.597865,-10.331155,3.932023,-0.038893,0.007972,0.019818,-5.570981,-16.552602,-2.583448,0.000000,0.000000,0.000000,0.000000,0.000000,0.000000,-0.061783,0.001328,-0.019290,-2.277769,-12.882460,14.753924,-0.043492,0.015559,0.006399,-4.320245,-12.666707,-0.617617,-0.028954,0.021502,0.016965,-58.326850,45.111713,-21.915742,-0.053272,-0.009607,0.011690,-2.150985,-8.989728,13.274298,-0.032240,0.002790,0.037597,-7.470455,-2.335098,1.943584,-0.015591,0.011188,0.050608,-15.093827,-11.127635,19.167613,0.023688,-0.026945,-0.028155,-81.189443,47.244362,-49.766991,0.016130,-0.042415,-0.059586,-82.976756,48.356644,-46.525340,0.000000,0.000000,0.000000,0.000000,0.000000,0.000000,0.025982,-0.012274,-0.026693,-76.201434,50.972414,-44.240841,0.018000,-0.028478,-0.057649,-74.517333,45.510137,-37.519969,0.013447,-0.042181,-0.083414,-74.772625,48.495076,-34.020034,0.025979,0.002288,-0.026544,-65.143092,57.485750,-38.215955,0.016098,-0.017993,-0.061797,-65.960944,48.546120,-28.131018,0.014397,-0.030310,-0.086222,-65.145489,42.867642,-26.798881,0.051542,8,0.064626,8,0,0,1,0,0,0,0,0,0,0,0,1,0,0,0,0,0,0,0.006088,0.560022,-20.929896,-47.956934
679,3528254375.466878,-0.037463,0.017845,-0.038292,71.484667,-48.275507,-37.709460,-0.043352,0.003226,-0.010547,72.352233,-43.634887,-47.775639,0.000000,0.000000,0.000000,0.000000,0.000000,0.000000,-0.031486,0.033211,-0.042943,72.501090,-59.970051,-37.309958,-0.040951,0.018454,-0.011957,70.647730,-44.606762,-42.426780,-0.039213,0.010664,0.004203,2.480366,-0.472216,5.298716,-0.042644,0.001670,-0.033845,65.082931,-56.498769,-29.409730,-0.048805,-0.014691,-0.003546,58.663351,-43.521602,-28.190832,-0.048433,-0.023502,0.017078,55.283732,-63.232894,-30.997609,0.042873,-0.006197,-0.011817,-0.836654,18.651161,1.652253,0.062523,0.006515,-0.035600,-3.851248,16.694399,2.908212,0.000000,0.000000,0.000000,0.000000,0.000000,0.000000,0.037818,0.000238,0.002529,2.341351,15.103618,5.893864,0.058050,0.013843,-0.024696,-2.963785,9.462205,0.752966,0.076181,0.024177,-0.045740,-5.079491,8.705943,5.116714,0.033134,0.009913,0.011800,10.404378,13.319065,13.540810,0.055916,0.024092,-0.020095,-1.045504,4.197007,5.775401,0.074532,0.033049,-0.037047,-0.746772,1.734436,1.628372,0.051666,8,0.062741,8,0,0,1,0,0,0,0,0,0,0,0,1,0,0,0,0,0,0,0.006632,0.674095,-21.122869,-48.115524
680,3528254375.565934,-0.038315,0.016884,-0.036634,71.629035,-48.504883,-37.446914,-0.044119,0.002093,-0.009119,73.648184,-43.664455,-48.281290,0.000000,0.000000,0.000000,0.000000,0.000000,0.000000,-0.031592,0.032829,-0.042191,73.921971,-60.159552,-38.328230,-0.042163,0.017128,-0.009956,69.844414,-44.473528,-42.039097,-0.039887,0.009628,0.005337,2.843866,-0.558875,5.622738,-0.043096,0.000873,-0.032693,65.279224,-56.269806,-29.397906,-0.049783,-0.016136,-0.001896,13.491877,-13.829973,-3.326333,-0.049838,-0.025433,0.019318,54.543339,-62.554531,-29.891218,0.041785,-0.007349,-0.008940,-0.015440,17.895443,2.023827,0.061529,0.005651,-0.032570,-3.133318,15.926930,4.018041,0.000000,0.000000,0.000000,0.000000,0.000000,0.000000,0.037269,0.000033,0.003479,2.262066,15.147180,6.641885,0.057409,0.013860,-0.023348,-3.230342,9.016814,1.317830,0.000000,0.000000,0.000000,0.000000,0.000000,0.000000,0.032489,0.009601,0.012754,8.965381,12.915499,13.454300,0.055188,0.024011,-0.018693,-1.059088,4.631772,6.682057,0.073598,0.032839,-0.034676,0.462958,0.538603,2.012992,0.052057,8,0.057300,7,0,0,1,0,0,0,0,0,0,0,0,1,0,0,1,0,0,0,0.006791,1.282437,-21.108052,-48.481881
681,3528254375.685938,-0.037196,0.018155,-0.040573,68.372507,-48.709927,-36.256609,-0.042327,0.004608,-0.013049,68.846809,-44.153044,-45.184736,0.000000,0.000000,0.000000,0.000000,0.000000,0.000000,-0.028672,0.034888,-0.048988,69.925775,-59.747691,-35.387744,-0.039132,0.020297,-0.015889,67.639772,-45.067683,-40.184403,-0.035453,0.014118,-0.002299,61.158707,-58.698817,-32.139979,-0.040266,0.003584,-0.038482,61.890160,-56.196772,-27.937204,-0.047410,-0.012795,-0.006210,11.345818,-13.907200,-4.533165,-0.046612,-0.020897,0.014329,49.630920,-63.155643,-26.743063,0.043621,-0.006537,-0.012948,-1.303246,18.676951,0.682910,0.064442,0.007659,-0.041406,-5.330982,17.064119,2.853165,0.000000,0.000000,0.000000,0.000000,0.000000,0.000000,0.039543,0.001614,-0.001137,1.312778,16.273534,5.859878,0.059362,0.013928,-0.027860,-3.560577,7.957341,-0.248467,0.077661,0.024073,-0.050338,-6.865870,8.539561,3.430229,0.035237,0.011864,0.007302,7.907946,13.473123,11.930892,0.057882,0.025231,-0.025509,-2.296755,5.270032,5.670524,0.076588,0.034169,-0.044186,-2.194161,3.102822,1.783215,0.051571,8,0.065749,8,0,0,1,0,0,0,0,0,0,0,0,1,0,0,0,0,0,0,0.007019,1.126285,-21.428960,-48.671994
682,3528254375.759486,-0.038524,0.017218,-0.037366,70.315097,-48.521198,-37.062474,-0.043325,0.003187,-0.010841,72.743480,-43.263780,-46.910262,0.000000,0.000000,0.000000,0.000000,0.000000,0.000000,-0.031111,0.033634,-0.044003,-4.356194,-6.232262,3.004392,-0.040270,0.018936,-0.013235,69.692191,-44.413545,-41.597258,-0.039050,0.010754,0.003802,62.166618,-57.659860,-32.247545,-0.042716,0.001591,-0.034080,63.287071,-55.789125,-28.724329,-0.048830,-0.014884,-0.003724,12.407140,-13.400731,-3.982196,-0.047962,-0.023368,0.016358,54.636171,-62.423644,-30.167711,0.042066,-0.007703,-0.008984,0.409818,17.741623,1.797665,0.062978,0.007495,-0.036881,-4.464085,16.644834,3.104705,0.000000,0.000000,0.000000,0.000000,0.000000,0.000000,0.037940,0.000384,0.002468,3.157904,15.405063,6.792080,0.058004,0.013967,-0.024347,-2.550863,8.399533,0.936335,0.076154,0.024349,-0.045328,-4.518612,8.441615,5.267821,0.033475,0.010473,0.010978,8.510374,13.590827,13.399969,0.056284,0.024992,-0.021406,-1.076620,4.973992,6.639997,0.074574,0.033568,-0.037251,1.797074,1.398843,2.118872,0.051678,8,0.062906,8,0,0,1,0,0,0,0,0,0,0,0,1,0,0,0,0,0,0,0.007162,1.256946,-21.432635,-48.670976
684,3528254375.953712,-0.037811,0.018190,-0.038602,70.425886,-48.073256,-37.096344,-0.043559,0.003215,-0.010150,70.675680,-42.270237,-45.729716,0.000000,0.000000,0.000000,0.000000,0.000000,0.000000,-0.031092,0.034136,-0.044498,71.029719,-59.129674,-35.758610,-0.040455,0.019022,-0.012705,68.479767,-43.720811,-40.527653,-0.037811,0.011698,0.002525,63.527125,-56.975645,-33.598805,-0.043060,0.001821,-0.033772,63.221305,-55.228227,-28.793789,-0.048318,-0.014329,-0.003746,58.460613,-42.783772,-28.176195,-0.048448,-0.023980,0.018276,52.028273,-61.207244,-27.906490,0.042970,-0.005834,-0.013016,-0.315276,19.347538,1.856126,0.061777,0.005948,-0.035409,-3.582336,16.435611,2.927460,0.000000,0.000000,0.000000,0.000000,0.000000,0.000000,0.039086,0.002132,-0.001552,1.465034,17.125769,6.864683,0.057700,0.013962,-0.025486,-2.540501,9.649748,0.452970,0.075524,0.024372,-0.046854,-4.539082,9.346933,5.292716,0.033802,0.010616,0.010064,10.277637,14.763979,13.883727,0.055998,0.025007,-0.022474,-0.941386,6.187046,6.802659,0.074522,0.034640,-0.041067,-0.815524,4.640158,2.072580,0.051809,8,0.063335,8,0,0,1,0,0,0,0,0,0,0,0,1,0,0,0,0,0,0,0.007295,1.724608,-21.543672,-49.122031
686,3528254376.152452,-0.037241,0.017688,-0.037884,72.982307,-48.972717,-38.992360,-0.045662,0.001449,-0.007683,72.360643,-42.535590,-47.026956,0.000000,0.000000,0.000000,0.000000,0.000000,0.000000,-0.030623,0.033386,-0.042930,72.587857,-60.177662,-37.780673,-0.039289,0.019329,-0.014174,73.691573,-44.834420,-44.540932,-0.040296,0.009811,0.005385,63.296648,-58.217251,-34.261555,-0.042892,0.001233,-0.033193,66.091951,-56.660458,-31.498725,-0.049100,-0.014935,-0.003811,60.011138,-44.077226,-29.413215,-0.050191,-0.024820,0.018313,54.497698,-63.319287,-30.515830,0.042294,-0.007149,-0.009433,0.149844,17.459728,1.807466,0.062427,0.005653,-0.032716,-3.859392,14.073694,2.772933,0.000000,0.000000,0.000000,0.000000,0.000000,0.000000,0.036963,-0.000871,0.005014,2.430470,14.065120,5.709126,0.057448,0.012445,-0.020826,-1.818459,7.769354,0.996348,0.076346,0.023383,-0.042413,-4.958927,6.377984,4.449860,0.032632,0.009489,0.012817,9.140242,13.148639,13.326779,0.056173,0.024128,-0.019164,-1.032048,4.523071,6.679872,0.074702,0.032671,-0.034575,0.536021,0.915516,1.310895,0.052150,8,0.061707,8,0,0,1,0,0,0,0,0,0,0,0,1,0,0,0,0,0,0,0.007114,1.519203,-22.119518,-48.856033
688,3528254376.352352,-0.036930,0.018317,-0.038412,72.482275,-48.029657,-38.511102,-0.043723,0.003199,-0.010055,73.050691,-42.971097,-48.216387,0.000000,0.000000,0.000000,0.000000,0.000000,0.000000,-0.030960,0.033532,-0.042686,72.279578,-59.641024,-37.927334,-0.041363,0.018292,-0.011088,70.771422,-44.716377,-43.416978,-0.039680,0.010464,0.004940,63.629800,-57.648631,-34.410170,-0.042665,0.001919,-0.033593,66.560335,-56.230436,-31.686108,-0.048165,-0.013751,-0.004831,60.861913,-44.249056,-30.264940,-0.050480,-0.024786,0.019242,54.565464,-62.364479,-30.584706,0.042180,-0.007484,-0.009780,-0.180230,17.722998,0.720648,0.061894,0.004575,-0.032289,-2.856635,15.443717,2.537156,0.000000,0.000000,0.000000,0.000000,0.000000,0.000000,0.037182,-0.000890,0.004253,2.883365,14.875554,6.206365,0.057824,0.012890,-0.022971,-1.926992,9.053350,0.945582,0.076337,0.023344,-0.044103,-4.490839,8.180999,4.757843,0.032430,0.008756,0.013708,9.985702,12.768060,12.842328,0.056344,0.024086,-0.020343,-0.861642,5.434751,5.954293,0.075291,0.033532,-0.038290,-0.933240,2.867348,1.845620,0.051976,8,0.062225,8,0,0,1,0,0,0,0,0,0,0,0,1,0,0,0,0,0,0,0.005816,1.808564,-22.079058,-49.454787
690,3528254376.556129,-0.038913,0.017103,-0.035721,70.540315,-48.065832,-37.232429,-0.043591,0.002911,-0.009890,74.104962,-42.976257,-48.341772,0.000000,0.000000,0.000000,0.000000,0.000000,0.000000,-0.031579,0.033444,-0.041745,73.543298,-58.813473,-38.086542,-0.040982,0.018281,-0.011323,72.140498,-43.991138,-43.377807,-0.040052,0.009681,0.005829,64.029488,-57.108521,-34.111375,-0.042824,0.001740,-0.033101,67.053161,-55.746906,-32.129988,-0.049826,-0.015741,-0.002162,59.118337,-43.331231,-28.716142,-0.049261,-0.024728,0.017990,56.090554,-61.945284,-31.652192,0.041924,-0.007193,-0.009575,0.479758,17.884818,1.787982,0.061740,0.005946,-0.033115,-2.841923,15.750243,3.284771,0.000000,0.000000,0.000000,0.000000,0.000000,0.000000,0.037310,-0.000218,0.003431,2.965167,15.765599,7.352937,0.057317,0.013440,-0.022605,-1.660721,9.571011,1.424020,0.075324,0.023614,-0.042397,-3.124710,8.138357,4.882982,0.032070,0.008528,0.014371,10.370745,12.867142,13.279811,0.055092,0.023482,-0.017547,1.009545,3.612975,6.136961,0.073924,0.033048,-0.034874,0.542811,0.742993,1.240432,0.051845,8,0.061347,8,0,0,1,0,0,0,0,0,0,0,0,1,0,0,0,0,0,0,0.006081,2.637712,-22.206468,-50.182828
692,3528254376.757751,-0.038109,0.017486,-0.038478,68.643218,-48.157031,-35.816252,-0.042935,0.003720,-0.011454,70.311420,-43.984057,-46.449706,0.000000,0.000000,0.000000,0.000000,0.000000,0.000000,-0.030519,0.033865,-0.045483,69.773100,-59.319588,-34.874849,-0.040072,0.019264,-0.013730,68.384311,-44.887808,-41.054507,-0.038689,0.011335,0.003324,60.190650,-56.980697,-31.568498,-0.042432,0.001913,-0.034816,62.258013,-56.400306,-28.062249,-0.047887,-0.013724,-0.004812,58.843841,-43.405541,-28.062397,-0.047283,-0.022262,0.015836,53.144363,-62.497503,-29.018859,0.043455,-0.005732,-0.013505,-1.813537,18.669898,0.765724,0.062674,0.006123,-0.036717,-4.154941,16.562349,2.953256,0.000000,0.000000,0.000000,0.000000,0.000000,0.000000,0.038626,0.001042,0.000523,1.083880,15.838391,5.448692,0.058759,0.014535,-0.027567,-3.919969,9.498455,0.467462,0.076121,0.023195,-0.046123,-4.517018,8.576746,4.681751,0.033889,0.010653,0.010160,8.784111,14.305432,12.528513,0.056967,0.025331,-0.024246,-2.049318,6.412609,6.112095,0.075205,0.033855,-0.040991,-0.690556,2.307623,1.617023,0.051557,8,0.063979,8,0,0,1,0,0,0,0,0,0,0,0,1,0,0,0,0,0,0,0.006166,2.514794,-22.533915,-49.874077
694,3528254376.955256,-0.038276,0.017403,-0.037200,71.923344,-47.949769,-37.021867,-0.044118,0.002221,-0.009320,72.494990,-42.670444,-46.947891,0.000000,0.000000,0.000000,0.000000,0.000000,0.000000,-0.031329,0.033620,-0.043129,74.002897,-59.068803,-37.879007,-0.042692,0.016948,-0.009370,69.076202,-43.947169,-41.035552,-0.039758,0.009754,0.005138,3.563374,-0.565005,6.064058,-0.042111,0.001980,-0.034355,66.884307,-56.136475,-30.853284,-0.049127,-0.015657,-0.002850,59.274716,-42.966049,-27.871349,-0.048503,-0.024601,0.017510,55.939174,-62.211345,-30.800630,0.041401,-0.008200,-0.007581,1.193342,17.761547,1.974918,0.062037,0.007003,-0.034676,-3.457443,16.060734,3.703796,0.000000,0.000000,0.000000,0.000000,0.000000,0.000000,0.037968,0.000969,0.001711,2.438552,15.900861,6.917953,0.057378,0.014021,-0.023308,-1.769693,9.222186,2.049916,0.075560,0.025065,-0.044774,-4.552751,8.721542,5.637628,0.032606,0.009590,0.012902,9.346839,13.852282,14.085799,0.055207,0.024329,-0.018806,0.732752,4.661750,7.017252,0.073828,0.033924,-0.036166,0.667182,1.137475,1.810222,0.051951,8,0.061954,8,0,0,1,0,0,0,0,0,0,0,0,1,0,0,0,0,0,0,0.006087,3.171005,-22.810999,-50.602627
696,3528254377.153782,-0.038762,0.017125,-0.036391,69.832658,-48.367240,-37.133397,-0.044230,0.002817,-0.009308,72.017537,-43.446378,-47.837096,0.000000,0.000000,0.000000,0.000000,0.000000,0.000000,-0.031395,0.033311,-0.042649,-3.183937,-6.530884,2.780124,-0.040750,0.018699,-0.012003,70.650047,-44.911325,-42.891880,-0.039861,0.010339,0.005370,61.828192,-57.620178,-32.603083,-0.043716,0.001106,-0.032405,64.085216,-55.797759,-29.990297,-0.048988,-0.014475,-0.003502,59.153572,-43.780700,-28.589125,-0.049578,-0.024100,0.018379,53.492937,-62.393345,-30.026861,0.041754,-0.008237,-0.008728,0.214085,17.924695,1.202371,0.061878,0.004754,-0.033083,-3.722739,15.006403,2.606183,0.000000,0.000000,0.000000,0.000000,0.000000,0.000000,0.037072,-0.001130,0.004601,3.236484,14.390913,5.969555,0.057282,0.011980,-0.021669,-1.082732,7.483703,0.457094,0.076115,0.023230,-0.044547,-4.805350,9.061190,4.370918,0.032573,0.008897,0.013390,9.315247,12.385512,12.503416,0.055843,0.023392,-0.019285,-0.497465,4.851730,5.875413,0.074637,0.032540,-0.036726,-0.363723,0.910295,1.273833,0.051923,8,0.061742,8,0,0,1,0,0,0,0,0,0,0,0,1,0,0,0,0,0,0,0.005993,3.498161,-22.795125,-50.934736
698,3528254377.355418,-0.038234,0.017524,-0.038069,69.043619,-47.694649,-36.043213,-0.043357,0.003521,-0.010630,71.109865,-43.036176,-46.777514,0.000000,0.000000,0.000000,0.000000,0.000000,0.000000,-0.031328,0.033420,-0.044123,69.169437,-59.682171,-34.874513,-0.040153,0.019237,-0.013343,67.969789,-44.320787,-40.499094,-0.038754,0.011302,0.003689,60.572133,-57.421513,-32.026720,-0.041640,0.002685,-0.035670,65.054133,-55.587226,-29.341924,-0.048236,-0.013895,-0.004157,58.258503,-43.069817,-27.890137,-0.048277,-0.023021,0.017521,52.037103,-62.150213,-28.005360,0.043073,-0.006146,-0.012962,-1.587235,19.120793,1.058860,0.062535,0.006242,-0.037159,-4.816173,16.133560,2.644067,0.000000,0.000000,0.000000,0.000000,0.000000,0.000000,0.038021,0.000167,0.001979,2.413482,16.389360,6.475520,0.058016,0.013454,-0.025663,-3.210216,9.094013,0.133384,0.076111,0.023712,-0.047531,-5.787956,9.583982,4.276404,0.033872,0.010596,0.009916,7.982881,13.909480,12.602557,0.056561,0.024733,-0.023288,-1.947558,5.945884,5.902686,0.074690,0.033059,-0.039673,-0.553080,3.149505,1.593699,0.051709,8,0.063472,8,0,0,1,0,0,0,0,0,0,0,0,1,0,0,0,0,0,0,0.005628,3.759385,-23.063746,-51.234041
700,3528254377.555723,-0.037987,0.017987,-0.037719,71.552755,-48.093615,-38.497992,-0.043929,0.003035,-0.009675,71.954122,-42.684270,-47.598296,0.000000,0.000000,0.000000,0.000000,0.000000,0.000000,-0.031578,0.033658,-0.042838,71.631717,-58.896082,-36.688628,-0.041058,0.018598,-0.011608,69.991221,-43.489402,-42.099403,-0.038715,0.011093,0.003789,63.460144,-57.313371,-34.130809,-0.042990,0.001905,-0.033556,64.087990,-56.208637,-29.069934,-0.047832,-0.013642,-0.004910,60.275081,-43.615639,-29.442899,-0.048061,-0.023145,0.016576,55.580351,-61.945228,-30.833926,0.042893,-0.006102,-0.012429,-0.512338,19.325307,1.265371,0.061913,0.005475,-0.034270,-2.938529,15.980899,3.182230,0.000000,0.000000,0.000000,0.000000,0.000000,0.000000,0.037438,-0.000630,0.003620,2.854516,15.044285,6.384283,0.057319,0.012547,-0.022591,-1.201047,7.384119,0.237685,0.075966,0.024055,-0.045829,-4.697209,8.736569,4.061669,0.033318,0.009860,0.011412,10.101500,14.210343,13.567515,0.056001,0.024194,-0.020706,-0.818481,4.280990,5.659003,0.074787,0.033822,-0.039052,-0.376700,3.632067,1.843521,0.051492,8,0.062544,8,0,0,1,0,0,0,0,0,0,0,0,1,0,0,0,0,0,0,0.005479,3.632009,-23.417423,-51.082753
702,3528254377.754724,-0.039359,0.016841,-0.036363,68.758431,-47.679281,-35.605768,-0.043653,0.002859,-0.010271,71.076224,-42.650574,-46.452628,0.000000,0.000000,0.000000,0.000000,0.000000,0.000000,-0.031518,0.033749,-0.043574,71.709463,-59.494308,-36.165734,-0.040061,0.019052,-0.013451,71.316974,-44.001163,-42.240323,-0.039123,0.010510,0.004108,62.994057,-56.593516,-33.162514,-0.042981,0.001518,-0.033744,64.183733,-55.500748,-29.105331,-0.046842,-0.013459,-0.006229,62.068243,-43.541578,-29.715280,-0.047153,-0.023134,0.015536,54.965504,-62.670901,-30.102909,0.042767,-0.006025,-0.011689,-0.057019,18.920027,2.145959,0.062279,0.007137,-0.035724,-3.407173,16.381144,3.931073,0.000000,0.000000,0.000000,0.000000,0.000000,0.000000,0.038138,0.000875,0.001625,2.716356,15.766855,6.512649,0.057372,0.013572,-0.023123,-1.534603,8.457594,1.534721,0.075960,0.025526,-0.046694,-4.196481,8.481580,5.465154,0.033446,0.010553,0.010833,9.878870,13.995461,13.900240,0.056134,0.025599,-0.022045,-1.034188,4.873637,5.891849,0.074318,0.034477,-0.038236,0.569284,2.317690,1.501278,0.051280,8,0.062973,8,0,0,1,0,0,0,0,0,0,0,0,1,0,0,0,0,0,0,0.005213,4.589428,-23.583079,-52.164289
704,3528254377.961806,-0.055955,-0.001002,0.002212,-3.046463,-9.247850,4.452702,-0.037476,0.009367,0.022527,-5.859016,-15.131522,-2.449967,0.000000,0.000000,0.000000,0.000000,0.000000,0.000000,-0.060711,0.002588,-0.015842,-62.151085,40.222115,-16.824943,-0.042290,0.016710,0.008885,-4.792979,-12.538031,-0.178661,-0.026609,0.024441,0.022208,-9.431489,-9.414042,13.881579,-0.051907,-0.008254,0.014678,-3.534374,-8.153492,13.605251,-0.030300,0.004827,0.041397,-45.284997,30.548301,-13.961609,-0.013139,0.013708,0.054938,-15.020712,-10.350377,19.000902,0.024544,-0.025794,-0.025696,-82.352506,47.820697,-50.510235,0.018590,-0.040345,-0.054322,-81.562191,48.321149,-45.140578,0.000000,0.000000,0.000000,0.000000,0.000000,0.000000,0.028072,-0.010199,-0.022585,-76.351571,50.985166,-44.265558,0.018940,-0.027279,-0.054572,-74.607634,44.811489,-37.634116,0.014143,-0.041180,-0.080146,-75.634592,47.623671,-34.309542,0.027238,0.003756,-0.023774,-67.351450,57.139699,-38.974159,0.017060,-0.016742,-0.058656,-67.539123,48.158160,-28.727307,0.013489,-0.030374,-0.084864,-67.769622,43.500699,-28.750707,0.052061,8,0.062181,8,0,0,1,0,0,0,0,0,0,0,0,1,0,0,0,0,0,0,0.004755,4.346124,-23.795563,-51.780862
706,3528254378.162422,-0.037514,0.017937,-0.038924,71.170638,-48.273894,-36.730640,-0.042675,0.003599,-0.011608,71.809213,-43.271471,-47.232700,0.000000,0.000000,0.000000,0.000000,0.000000,0.000000,-0.031431,0.033473,-0.043998,70.594714,-58.654066,-35.043849,-0.040317,0.018871,-0.013196,69.433317,-43.942126,-40.693523,-0.038876,0.010825,0.003743,61.043263,-57.326823,-31.436359,-0.042396,0.001854,-0.034557,63.856075,-55.796830,-28.795013,-0.048089,-0.014381,-0.004278,58.494583,-43.181400,-27.548591,-0.047753,-0.023391,0.016738,54.643461,-62.209943,-29.636758,0.042439,-0.006862,-0.010689,-0.391788,18.449409,1.984957,0.062102,0.006305,-0.035399,-3.229026,16.122798,3.540077,0.000000,0.000000,0.000000,0.000000,0.000000,0.000000,0.038206,0.000905,0.001356,2.473398,16.409971,7.065616,0.058034,0.014545,-0.025934,-2.894715,9.946262,1.566856,0.075694,0.024248,-0.045894,-4.231692,8.318960,5.246829,0.033414,0.010404,0.011079,9.254810,13.488682,13.250506,0.056123,0.025157,-0.022176,-0.772252,5.290405,7.018661,0.075000,0.035521,-0.042290,-1.299173,4.970160,3.109950,0.051591,8,0.063315,8,0,0,1,0,0,0,0,0,0,0,0,1,0,0,0,0,0,0,0.004471,4.863875,-24.207535,-52.338351
708,3528254378.362316,-0.056009,-0.000713,0.002242,-2.602668,-8.784540,3.543317,-0.037867,0.008583,0.020978,-5.796565,-15.833051,-2.965719,0.000000,0.000000,0.000000,0.000000,0.000000,0.000000,-0.060562,0.003502,-0.014974,-2.417250,-11.918067,14.545873,-0.042035,0.017103,0.009454,-4.237265,-12.051248,-0.933810,-0.026906,0.023590,0.020785,-8.369286,-10.040849,13.538929,-0.051852,-0.007846,0.015201,-3.069036,-7.347165,12.688820,-0.030046,0.004830,0.041583,-8.063515,-1.661453,1.711161,-0.013318,0.012838,0.053688,-15.232210,-10.231227,18.955085,0.023622,-0.026375,-0.026962,-82.807023,47.672560,-51.094885,0.016441,-0.041279,-0.056920,-83.105913,48.932528,-46.921675,0.000000,0.000000,0.000000,0.000000,0.000000,0.000000,0.027872,-0.010407,-0.022909,-75.388089,51.593040,-44.082463,0.017578,-0.027900,-0.056174,-75.173908,45.222983,-38.144402,-0.053926,-0.078719,-0.149376,-135.314049,52.342757,-46.502576,0.026951,0.003350,-0.024319,-66.372531,58.050714,-39.677283,0.015157,-0.017878,-0.061030,-68.456524,48.122595,-29.045106,0.013090,-0.030057,-0.085088,-67.126315,43.959524,-28.904984,0.051666,8,0.073708,8,0,0,1,0,0,0,0,0,0,0,0,1,0,0,0,0,0,0,0.004047,5.104254,-24.543155,-52.671698
710,3528254378.562786,-0.057939,-0.004570,-0.005009,-1.488439,-11.890904,5.340157,-0.039001,0.008036,0.019968,-6.530701,-16.142649,-2.236446,0.000000,0.000000,0.000000,0.000000,0.000000,0.000000,-0.061465,0.001016,-0.019293,-3.232806,-13.137959,15.676929,-0.043419,0.015691,0.006744,-5.166080,-13.158495,0.017739,-0.029055,0.021679,0.017094,-9.179926,-11.176468,14.603844,-0.053172,-0.009797,0.011678,-3.758013,-9.389484,13.500356,-0.032431,0.003028,0.037963,-7.661662,-2.753926,2.872414,-0.016140,0.011324,0.050388,-16.106552,-11.644103,20.422324,0.024221,-0.026849,-0.027693,-80.055512,46.811035,-48.384592,0.017152,-0.042575,-0.059092,-82.111670,47.678045,-45.639010,0.000000,0.000000,0.000000,0.000000,0.000000,0.000000,0.025595,-0.012801,-0.027524,-76.925163,50.701460,-44.407410,0.019115,-0.028462,-0.056914,-72.767513,42.763998,-34.896916,0.014355,-0.042680,-0.083361,-75.507419,47.951191,-34.159383,0.026125,0.002252,-0.026495,-65.531355,56.902296,-37.896047,0.016610,-0.018401,-0.061848,-65.875735,46.730931,-26.753721,0.014222,-0.031612,-0.087482,-66.942883,43.258629,-28.273861,0.051686,8,0.064909,8,0,0,1,0,0,0,0,0,0,0,0,1,0,0,0,0,0,0,0.003764,5.431850,-24.715135,-52.884988
711,3528254378.677412,-0.039530,0.016391,-0.035723,69.381426,-48.080867,-36.259713,-0.045294,0.001444,-0.007589,70.289694,-42.930185,-45.362112,0.000000,0.000000,0.000000,0.000000,0.000000,0.000000,-0.032603,0.032655,-0.041718,70.648448,-58.715316,-34.843706,-0.041115,0.018115,-0.011641,69.565267,-44.186179,-41.238114,-0.039551,0.010091,0.004983,62.079072,-57.416010,-32.890520,-0.043543,0.000864,-0.032614,63.464201,-55.341599,-28.178676,-0.048997,-0.015288,-0.002965,13.031723,-13.117269,-4.107140,-0.047942,-0.023746,0.016939,53.512232,-62.321661,-30.098050,0.042189,-0.006940,-0.010232,-0.079899,18.586716,2.014753,0.061648,0.005793,-0.033714,-3.248010,15.032705,3.388619,0.000000,0.000000,0.000000,0.000000,0.000000,0.000000,0.038006,0.000917,0.001475,2.261777,16.336939,7.408339,0.057025,0.012993,-0.022378,-1.568297,8.303222,1.589516,0.075460,0.024296,-0.044976,-4.911832,8.026403,5.416058,0.033280,0.010381,0.010973,8.501953,14.042735,13.649389,0.055525,0.024454,-0.020198,-0.817891,5.156771,6.422754,0.074265,0.034353,-0.038818,-0.532273,3.411833,2.866302,0.051672,8,0.062167,8,0,0,1,0,0,0,0,0,0,0,0,1,0,0,0,0,0,0,0.003236,5.235419,-24.927878,-52.663958
712,3528254378.759555,-0.038904,0.017093,-0.036574,69.664129,-47.399555,-36.400217,-0.042830,0.003597,-0.011133,71.925737,-43.507521,-47.021989,0.000000,0.000000,0.000000,0.000000,0.000000,0.000000,-0.029863,0.034451,-0.045329,-5.449217,-5.266159,2.291800,-0.041945,0.017781,-0.010391,68.665687,-43.806686,-40.418196,-0.039822,0.010097,0.005507,61.061969,-56.701578,-32.094577,-0.043535,0.001161,-0.032722,64.151794,-55.085429,-28.110201,-0.048262,-0.014325,-0.004051,59.914486,-43.114210,-28.877698,-0.047425,-0.022926,0.016039,56.956158,-61.652458,-31.517566,0.042000,-0.007470,-0.009759,-0.011378,18.636751,1.755096,0.061772,0.005719,-0.034264,-3.019995,15.935863,3.777497,0.000000,0.000000,0.000000,0.000000,0.000000,0.000000,0.037446,-0.000289,0.003374,3.011514,15.722178,7.159381,0.057213,0.012938,-0.022935,-1.385855,9.510753,1.909975,0.075856,0.024596,-0.046466,-5.505448,8.866442,4.873128,0.033911,0.010978,0.009305,7.246190,14.451809,12.351963,0.055653,0.024193,-0.020347,-1.022739,5.319786,6.198076,0.074467,0.034021,-0.039070,-1.404821,2.901227,1.856478,0.051622,8,0.062383,8,0,0,1,0,0,0,0,0,0,0,0,1,0,0,0,0,0,0,0.003044,5.697139,-24.799958,-53.243726
714,3528254378.956786,-0.057381,-0.002871,-0.001510,-1.770973,-10.305052,4.574841,-0.037859,0.009368,0.023117,-7.285773,-14.124036,-2.615815,0.000000,0.000000,0.000000,0.000000,0.000000,0.000000,-0.062139,0.000724,-0.019842,-1.569345,-13.047637,14.678875,-0.043438,0.015454,0.006694,-3.765204,-12.856573,-0.369176,-0.028763,0.021540,0.017434,-58.223831,45.086382,-21.914658,-0.052936,-0.009326,0.012844,-2.462174,-8.664766,13.226488,-0.032229,0.002269,0.036954,-46.040667,31.279798,-14.908023,-0.014970,0.011329,0.051316,-14.087669,-10.671555,19.142999,0.023300,-0.026933,-0.028629,-81.888240,47.853085,-49.773863,0.015932,-0.042121,-0.059469,-82.939157,48.902870,-45.985523,0.000000,0.000000,0.000000,0.000000,0.000000,0.000000,0.026118,-0.011907,-0.026394,-76.023407,51.646415,-44.153444,0.017819,-0.028178,-0.057504,-74.960883,45.782568,-37.450767,0.011911,-0.042512,-0.084671,-76.656077,48.550480,-35.192407,0.026067,0.002651,-0.026253,-66.042851,57.943083,-38.020092,0.015520,-0.017919,-0.062069,-66.185808,47.970577,-27.957746,0.012860,-0.030709,-0.087397,-66.958668,43.870546,-28.479686,0.051696,8,0.064788,8,0,0,1,0,0,0,0,0,0,0,0,1,0,0,0,0,0,0,0.003016,6.082071,-25.076748,-53.552063
716,3528254379.164495,-0.038388,0.016596,-0.036448,71.893315,-48.992041,-37.518277,-0.043488,0.002448,-0.010418,74.727442,-43.324664,-48.362198,0.000000,0.000000,0.000000,0.000000,0.000000,0.000000,-0.030683,0.033223,-0.043051,75.500500,-60.724657,-39.547612,-0.040851,0.017873,-0.012112,73.014684,-45.005073,-43.541628,-0.041640,0.008299,0.007386,62.777262,-58.080829,-33.146849,-0.043274,0.000460,-0.032509,66.269186,-56.622176,-30.477933,-0.049330,-0.015949,-0.003052,60.873677,-44.196401,-28.468709,-0.049152,-0.024933,0.017348,57.298725,-62.972799,-31.591381,0.041894,-0.007149,-0.008465,0.415214,17.552519,2.343640,0.061860,0.005955,-0.031717,-3.066487,15.190515,4.264619,0.000000,0.000000,0.000000,0.000000,0.000000,0.000000,0.037478,0.000593,0.003202,68.077352,-41.509408,-31.161411,0.057166,0.013335,-0.021025,-2.111013,8.441400,1.998032,0.075702,0.024246,-0.042000,-4.315481,7.281359,5.683619,0.032091,0.009385,0.013698,8.392652,12.310219,13.072255,0.054862,0.023555,-0.016411,0.433276,3.236446,6.898598,0.074081,0.033621,-0.034492,-0.192193,0.054548,1.681741,0.051980,8,0.061174,8,0,0,1,0,0,0,0,0,0,0,0,1,0,0,0,0,0,0,0.003235,6.551045,-25.291931,-53.953480
718,3528254379.355883,-0.037809,0.017836,-0.039868,67.714661,-48.051937,-34.162375,-0.041790,0.004535,-0.013337,69.938054,-43.731333,-45.601799,0.000000,0.000000,0.000000,0.000000,0.000000,0.000000,-0.030787,0.033969,-0.046742,-5.235467,-4.907049,3.111165,-0.040586,0.018991,-0.013495,66.961121,-44.073340,-38.898288,-0.037853,0.011924,0.001879,1.626206,0.837168,6.345633,-0.041387,0.002697,-0.036799,63.294179,-55.436054,-28.030952,-0.046863,-0.013176,-0.005980,57.738193,-42.757349,-26.692281,-0.046233,-0.021822,0.015200,50.279312,-62.447954,-26.291809,0.043516,-0.005493,-0.014064,-1.388929,19.649367,1.212041,0.062982,0.007707,-0.040061,-5.107759,17.640638,3.433530,0.000000,0.000000,0.000000,0.000000,0.000000,0.000000,0.039120,0.001843,-0.000951,1.730429,16.612196,6.702885,0.058759,0.015434,-0.029531,-3.850851,10.825518,0.977866,0.076028,0.024538,-0.049328,-5.399609,9.082146,4.632418,0.034708,0.011956,0.007737,8.289186,15.160673,13.568563,0.056885,0.026090,-0.025955,-3.025425,6.253373,6.436821,0.074796,0.034478,-0.042591,-0.637222,3.066589,1.653513,0.051462,8,0.064963,8,0,0,1,0,0,0,0,0,0,0,0,1,0,0,0,0,0,0,0.004948,99.133149,5.676389,133.821226
720,3528254379.563264,-0.056319,-0.001699,0.001182,-2.001181,-9.470609,4.619333,-0.037315,0.009364,0.022840,-6.292258,-15.259821,-2.418079,0.000000,0.000000,0.000000,0.000000,0.000000,0.000000,-0.061297,0.001564,-0.017356,-1.596013,-12.611841,15.094024,-0.041911,0.017307,0.010228,-5.224601,-11.100342,-0.650935,-0.026975,0.023520,0.020818,-9.059367,-9.728485,14.039190,-0.051317,-0.007390,0.017007,-3.246721,-7.261319,13.044303,-0.030768,0.003689,0.039146,-5.816519,-2.302019,2.253858,-0.012635,0.013815,0.055376,-16.151369,-9.251347,19.244015,0.023388,-0.026485,-0.027385,-83.455305,47.506286,-51.051099,0.017623,-0.040683,-0.055256,-83.792133,48.859618,-47.280260,0.000000,0.000000,0.000000,0.000000,0.000000,0.000000,0.026705,-0.011168,-0.024604,-77.578591,51.908541,-45.250032,0.019612,-0.026510,-0.053337,-73.767026,44.989695,-37.181753,0.012902,-0.041568,-0.081141,-76.627993,48.947019,-35.496923,0.026000,0.002796,-0.025613,-68.190486,58.225170,-40.005037,0.015245,-0.017861,-0.060713,-69.187918,49.241708,-30.051077,0.013660,-0.029794,-0.084181,-66.544151,43.320730,-27.835916,0.051957,8,0.062545,8,0,0,1,0,0,0,0,0,0,0,0,1,0,0,0,0,0,0,0.004893,6.837682,-25.939671,-54.600762
722,3528254379.753465,-0.039002,0.016800,-0.036519,69.205653,-48.094053,-36.308299,-0.044668,0.002187,-0.008887,71.860563,-42.647780,-46.390203,0.000000,0.000000,0.000000,0.000000,0.000000,0.000000,-0.030194,0.034054,-0.044762,73.140986,-59.717687,-37.528910,-0.041663,0.017967,-0.011153,68.535651,-44.213340,-41.160971,-0.040081,0.010019,0.005302,3.065965,-1.361223,5.096567,-0.042836,0.001494,-0.033748,65.287306,-56.458856,-29.456719,-0.048937,-0.014904,-0.003513,58.484439,-43.315266,-27.420127,-0.048863,-0.024035,0.017582,52.775759,-62.764853,-28.841376,0.042266,-0.007168,-0.009902,0.027167,18.233984,1.642664,0.062694,0.006978,-0.036030,-3.970034,16.222707,3.302489,0.000000,0.000000,0.000000,0.000000,0.000000,0.000000,0.037805,0.000318,0.002588,2.207076,15.178518,6.411742,0.057833,0.013706,-0.023963,-2.656374,9.551306,1.054226,0.076022,0.024032,-0.044868,-4.613611,8.952394,5.084253,0.032820,0.009675,0.012612,8.716570,13.020280,12.751087,0.056104,0.024682,-0.020895,-1.334550,5.202226,6.210129,0.074407,0.033167,-0.036582,0.412164,0.060545,1.277604,0.052109,8,0.062579,8,0,0,1,0,0,0,0,0,0,0,0,1,0,0,0,0,0,0,0.003976,7.186607,-25.766123,-54.848777
724,3528254379.952920,-0.038016,0.017405,-0.037049,72.136775,-48.381515,-38.162883,-0.043594,0.002948,-0.010347,73.500870,-43.693434,-48.620234,0.000000,0.000000,0.000000,0.000000,0.000000,0.000000,-0.029664,0.034226,-0.044272,75.677953,-60.365467,-40.311572,-0.041543,0.017940,-0.011011,70.750217,-44.363986,-42.320805,-0.039999,0.009974,0.005113,64.604511,-57.411013,-35.079131,-0.042011,0.002093,-0.034339,67.175715,-56.622699,-31.350609,-0.049444,-0.015264,-0.003191,59.325239,-43.555868,-28.645712,-0.049211,-0.024199,0.017157,56.304360,-62.694477,-31.576920,0.042418,-0.006784,-0.010104,-0.405445,17.873444,1.278149,0.062444,0.006139,-0.033534,-3.258225,15.511480,4.106070,0.000000,0.000000,0.000000,0.000000,0.000000,0.000000,0.036960,-0.000931,0.005014,3.580178,14.218375,6.569678,0.057552,0.012938,-0.021733,-1.626400,8.023244,0.804175,0.076214,0.023843,-0.043152,-4.384504,8.063940,4.667700,0.032439,0.009210,0.013368,9.267306,12.872360,12.872789,0.055529,0.023472,-0.017603,-0.173537,2.842059,6.417390,0.074673,0.033150,-0.035435,0.965742,1.268039,1.947626,0.051977,8,0.061794,8,0,0,1,0,0,0,0,0,0,0,0,1,0,0,0,0,0,0,0.003664,7.734942,-25.903119,-55.333608
726,3528254380.154716,-0.038593,0.016948,-0.036651,70.502469,-48.513215,-37.030846,-0.042826,0.003538,-0.011404,73.962435,-44.146884,-49.227132,0.000000,0.000000,0.000000,0.000000,0.000000,0.000000,-0.030525,0.033648,-0.043744,73.267822,-60.178308,-38.163323,-0.039970,0.018988,-0.013356,72.120382,-44.703060,-42.864022,-0.038522,0.011092,0.002880,2.802039,-0.324127,5.753685,-0.041903,0.002103,-0.034653,66.771773,-56.882369,-31.816900,-0.048385,-0.014372,-0.004485,12.723174,-13.462420,-4.126904,-0.048991,-0.023938,0.017260,54.019505,-63.282279,-30.009989,0.042545,-0.006725,-0.010521,-0.386146,17.831323,1.587743,0.062652,0.006467,-0.034839,-3.802040,15.394410,3.076555,0.000000,0.000000,0.000000,0.000000,0.000000,0.000000,0.036831,-0.001156,0.005434,3.282783,14.461945,6.345270,0.057862,0.013418,-0.023288,-2.642764,8.659627,1.333603,0.076342,0.024073,-0.044605,-5.162829,7.235883,4.406111,0.032901,0.009760,0.012219,7.987204,13.401246,12.330904,0.055517,0.023382,-0.018067,-0.391680,3.732571,5.738975,0.074871,0.033471,-0.037182,-0.601573,1.217601,1.615540,0.051510,8,0.062296,8,0,0,1,0,0,0,0,0,0,0,0,1,0,0,0,0,0,0,0.002893,8.242702,-26.108035,-55.783438
728,3528254380.357921,-0.037737,0.017380,-0.038459,3.113156,-10.971602,-5.701174,-0.043360,0.003184,-0.010870,71.427330,-43.774410,-46.498309,0.000000,0.000000,0.000000,0.000000,0.000000,0.000000,-0.028995,0.034411,-0.046660,74.067498,-60.026039,-38.376115,-0.040255,0.018905,-0.013390,69.928182,-44.750710,-41.686154,-0.038785,0.011077,0.003197,61.391640,-58.284486,-32.436343,-0.042045,0.001848,-0.034900,64.765276,-56.966245,-30.108023,-0.048465,-0.014413,-0.004231,57.914815,-44.159080,-27.973202,-0.048573,-0.023445,0.017040,15.864722,-1.887035,16.180238,0.042443,-0.007296,-0.009961,-0.498415,17.690142,1.301143,0.062549,0.005748,-0.034749,-4.183152,15.390872,2.638602,0.000000,0.000000,0.000000,0.000000,0.000000,0.000000,0.037684,-0.000123,0.003319,2.778232,15.093833,6.707080,0.058063,0.013357,-0.024072,-2.918903,8.831778,0.819811,0.076393,0.023687,-0.045456,-5.365290,8.248559,5.002453,0.033368,0.010287,0.011324,7.995771,13.409970,12.665891,0.056656,0.024887,-0.022211,-2.529627,4.913975,5.921580,0.075082,0.033448,-0.038583,-0.625252,2.331214,1.687218,0.051892,8,0.062916,8,0,0,1,0,0,0,0,0,0,0,0,1,0,0,0,0,0,0,0.002191,8.151216,-26.242892,-55.805983
730,3528254380.558362,-0.039128,0.016664,-0.035712,71.578623,-48.294342,-37.902070,-0.043270,0.002955,-0.010671,75.482764,-43.101995,-48.667255,0.000000,0.000000,0.000000,0.000000,0.000000,0.000000,-0.032133,0.032926,-0.041361,73.014092,-59.146708,-37.421203,-0.042096,0.017389,-0.010255,70.687868,-44.135808,-42.019366,-0.039712,0.009858,0.004838,65.424720,-57.712906,-35.173367,-0.042536,0.001590,-0.033652,67.837026,-55.369192,-31.891536,-0.048218,-0.014684,-0.004618,61.270177,-43.922034,-29.602820,-0.048832,-0.024548,0.017006,56.910800,-62.634777,-32.177203,0.041814,-0.007499,-0.008548,0.693758,17.475983,2.131596,0.061699,0.005590,-0.031801,-2.809435,14.765183,3.025436,0.000000,0.000000,0.000000,0.000000,0.000000,0.000000,0.037339,-0.000075,0.003687,3.488678,14.700418,7.432090,0.057348,0.013485,-0.021932,-1.296456,8.225729,1.417376,0.075862,0.024622,-0.043296,-4.144426,8.053639,5.016075,0.032065,0.008871,0.014273,9.657888,12.376821,13.067229,0.055704,0.024633,-0.019159,-0.776419,4.152311,6.276880,0.074352,0.033965,-0.035763,-0.334052,1.193456,1.637648,0.051509,8,0.061672,8,0,0,1,0,0,0,0,0,0,0,0,1,0,0,0,0,0,0,0.001419,8.717610,-26.632412,-56.251907
732,3528254380.757853,-0.039374,0.016467,-0.035984,68.860442,-48.491159,-36.285936,-0.044044,0.002743,-0.009684,71.860004,-43.501198,-46.747569,0.000000,0.000000,0.000000,0.000000,0.000000,0.000000,-0.030932,0.033453,-0.043750,73.124694,-59.756971,-37.364132,-0.040952,0.018447,-0.012081,70.281337,-44.649322,-42.176715,-0.039185,0.010720,0.004107,62.259962,-57.801910,-33.270394,-0.041130,0.002748,-0.035779,67.461707,-55.976355,-31.548154,-0.047618,-0.013678,-0.005250,60.011983,-43.772856,-28.997784,-0.048559,-0.023508,0.017183,55.014435,-62.570104,-30.459374,0.042363,-0.007083,-0.010317,-0.816699,18.252058,1.030682,0.062223,0.005752,-0.034439,-3.145509,15.893948,2.953333,0.000000,0.000000,0.000000,0.000000,0.000000,0.000000,0.037891,0.000373,0.002265,1.988770,15.515720,6.385280,0.058109,0.013924,-0.025004,-3.138283,9.699845,1.161348,0.076056,0.023767,-0.045171,-4.573763,8.522998,5.192845,0.033777,0.010809,0.009829,6.913203,14.088097,12.798034,0.056355,0.024770,-0.021792,-1.135433,5.857763,6.338392,0.074810,0.033530,-0.038387,-1.359515,1.117256,1.034179,0.051567,8,0.062810,8,0,0,1,0,0,0,0,0,0,0,0,1,0,0,0,0,0,0,0.000892,9.302431,-26.809321,-56.758796
734,3528254380.963250,-0.038927,0.017143,-0.036212,70.412561,-47.965941,-36.712179,-0.044034,0.002539,-0.009148,72.088944,-42.847743,-47.122196,0.000000,0.000000,0.000000,0.000000,0.000000,0.000000,-0.031091,0.033866,-0.043386,-4.345452,-5.123281,2.995569,-0.041877,0.017698,-0.010188,70.121813,-43.959691,-42.052723,-0.039560,0.010051,0.005353,63.516744,-56.822283,-33.923146,-0.042206,0.002262,-0.034144,67.485667,-55.948176,-31.314799,-0.048240,-0.014521,-0.003832,60.446055,-43.049521,-29.246626,-0.049120,-0.024832,0.018852,54.376497,-61.585999,-29.831379,0.041798,-0.007467,-0.009526,0.359534,18.929379,1.713931,0.061680,0.006290,-0.034614,-2.751074,16.161180,3.500583,0.000000,0.000000,0.000000,0.000000,0.000000,0.000000,0.037615,0.000182,0.002551,2.461795,15.731184,6.200357,0.057062,0.013250,-0.022995,-1.435074,9.780617,1.448512,0.075277,0.024381,-0.045072,-4.639321,8.820316,4.980287,0.032966,0.009742,0.011924,9.480193,13.995561,13.630622,0.055382,0.024308,-0.019998,-0.756807,5.071271,6.044161,0.074508,0.035273,-0.040764,-1.735913,4.538852,1.671534,0.051864,8,0.062284,8,0,0,1,0,0,0,0,0,0,0,0,1,0,0,0,0,0,0,0.000546,9.404334,-26.877476,-56.977958
736,3528254381.161298,-0.040336,0.015655,-0.034036,70.287122,-47.426805,-36.401755,-0.043076,0.002784,-0.010523,74.459987,-42.762557,-48.285540,0.000000,0.000000,0.000000,0.000000,0.000000,0.000000,-0.032470,0.032633,-0.041071,73.346108,-59.155141,-36.931661,-0.042303,0.016952,-0.009633,70.788717,-44.216258,-42.039169,-0.041177,0.008438,0.007416,4.434383,-1.369292,5.986235,-0.042436,0.001529,-0.033478,67.871045,-56.159429,-31.261767,-0.049112,-0.015847,-0.002727,12.900934,-13.082663,-3.688688,-0.049665,-0.025854,0.019223,55.259686,-61.932278,-30.565051,0.041345,-0.007845,-0.007822,0.951580,17.786821,2.446378,0.060844,0.004953,-0.030611,-2.134447,14.999154,3.766895,0.000000,0.000000,0.000000,0.000000,0.000000,0.000000,0.036701,-0.000710,0.005036,3.250107,14.354978,7.297194,0.056748,0.013269,-0.021428,-1.692335,7.716402,1.169810,0.074676,0.023602,-0.041282,-3.195317,6.927485,5.713528,0.031755,0.008676,0.014746,10.474389,12.604284,14.119881,0.054910,0.024240,-0.018260,-0.466369,4.218091,6.992487,0.073558,0.034106,-0.035914,-0.128559,1.851775,2.160877,0.051923,8,0.060782,8,0,0,1,0,0,0,0,0,0,0,0,1,0,0,0,0,0,0,0.001706,9.569918,-27.409967,-57.160622
738,3528254381.363067,0.000000,0.000000,0.000000,0.000000,0.000000,0.000000,-0.037281,0.009927,0.023278,-8.812758,-15.533890,-1.099364,0.000000,0.000000,0.000000,0.000000,0.000000,0.000000,-0.061311,0.000420,-0.018342,-3.198386,-12.803422,16.118134,-0.042439,0.016548,0.008583,-6.168581,-12.373783,0.895191,-0.027785,0.022922,0.018882,-9.544339,-9.918483,14.285596,-0.051617,-0.007960,0.015842,-4.566630,-7.729808,13.386094,-0.030381,0.005240,0.041106,-9.061967,-1.923934,2.861768,-0.013664,0.014001,0.053559,-16.286320,-9.799368,19.873847,0.024111,-0.026649,-0.026336,-83.316549,46.973002,-50.646186,0.016765,-0.042659,-0.056620,-85.227087,48.740964,-48.050339,0.000000,0.000000,0.000000,0.000000,0.000000,0.000000,0.026026,-0.012218,-0.025697,-79.714526,51.130342,-46.809233,0.018756,-0.028499,-0.054748,-76.437571,44.529858,-37.933793,0.014689,-0.042466,-0.079335,-76.538781,47.663646,-34.887003,0.027506,0.003699,-0.023547,-65.971984,56.790637,-37.983399,0.016420,-0.018409,-0.059574,-70.244871,47.868730,-30.069188,0.013861,-0.031833,-0.084359,-69.064755,43.166252,-29.962343,0.051294,7,0.062968,8,1,0,1,0,0,0,0,0,0,0,0,1,0,0,0,0,0,0,0.003578,95.927008,9.015253,132.564773
740,3528254381.562948,-0.037892,0.017460,-0.037366,72.341061,-48.456603,-38.260703,-0.045215,0.001673,-0.008195,71.182290,-43.188813,-46.675428,0.000000,0.000000,0.000000,0.000000,0.000000,0.000000,-0.031562,0.033143,-0.042218,72.302374,-60.129385,-37.379152,-0.040815,0.018375,-0.012136,71.119729,-44.535149,-42.708350,-0.038925,0.010683,0.003526,65.217205,-57.922794,-35.141901,-0.041846,0.002146,-0.034620,67.195990,-56.842803,-31.254723,-0.048049,-0.014235,-0.005002,60.609258,-44.320758,-29.485069,-0.049078,-0.024231,0.017131,55.825410,-63.131662,-31.629582,0.041721,-0.007985,-0.008000,0.073117,16.660082,0.973065,0.062169,0.005749,-0.032784,-2.869575,15.115841,3.742713,0.000000,0.000000,0.000000,0.000000,0.000000,0.000000,0.037731,0.000395,0.002695,2.793601,15.149708,7.104530,0.057832,0.013607,-0.022823,-2.030607,8.113895,0.562961,0.076303,0.024415,-0.044056,-4.921144,8.105368,5.389921,0.032659,0.009559,0.012851,9.434639,12.081654,13.746130,0.055820,0.024145,-0.018877,-0.214238,3.938046,6.602968,0.074796,0.033780,-0.036553,-0.257656,0.797989,1.798304,0.051652,8,0.062068,8,0,0,1,0,0,0,0,0,0,0,0,1,0,0,0,0,0,0,0.005099,96.329152,8.762212,132.277414
741,3528254381.676455,-0.037879,0.017442,-0.037587,71.923013,-48.673480,-37.603115,-0.043881,0.002566,-0.009675,8.746431,0.255573,-9.729824,0.000000,0.000000,0.000000,0.000000,0.000000,0.000000,-0.032969,0.032219,-0.040884,69.875168,-59.021225,-35.077741,-0.041430,0.017851,-0.011113,69.093610,-44.636746,-41.737884,-0.038857,0.010629,0.003776,3.604178,0.042119,5.420676,-0.043543,0.000785,-0.032440,64.959728,-55.518166,-29.204494,-0.048738,-0.014968,-0.003464,12.322782,-12.832507,-3.504485,-0.049350,-0.024757,0.018676,16.759150,-1.806357,16.483593,0.041582,-0.007890,-0.008457,0.273838,18.425393,1.622790,0.062415,0.007272,-0.036147,-3.696414,16.278322,3.904044,0.000000,0.000000,0.000000,0.000000,0.000000,0.000000,0.037971,0.000814,0.001787,65.115296,-41.700518,-29.101249,0.056528,0.011914,-0.020278,-1.693590,7.403019,0.668430,0.075629,0.024252,-0.044854,-4.973436,8.228367,4.454220,0.032080,0.008800,0.014347,9.446543,13.091018,13.390236,0.055222,0.023752,-0.018778,-0.905940,3.642953,5.887476,0.074390,0.034177,-0.038521,-1.307132,1.557530,1.859765,0.051672,8,0.061974,8,0,0,1,0,0,0,0,0,0,0,0,1,0,0,0,0,0,0,0.005986,96.256817,8.637183,132.156119
742,3528254381.757938,-0.038347,0.017421,-0.035769,73.975145,-48.568846,-40.096751,-0.046386,0.000833,-0.005878,72.529146,-42.006222,-47.155470,0.000000,0.000000,0.000000,0.000000,0.000000,0.000000,-0.031726,0.033190,-0.040714,74.519049,-59.014626,-38.817385,-0.041552,0.017779,-0.010106,72.069049,-44.182337,-43.806490,-0.039530,0.010025,0.005163,3.737684,-0.340284,5.358940,-0.043239,0.001469,-0.032134,67.237241,-55.916922,-31.905660,-0.050636,-0.016275,-0.001037,59.429469,-43.799552,-29.737802,-0.050271,-0.025366,0.019170,55.151496,-63.300514,-32.632133,0.041280,-0.008071,-0.008116,0.911241,17.903716,2.328478,0.061241,0.005101,-0.031550,-2.460653,14.933551,2.916974,0.000000,0.000000,0.000000,0.000000,0.000000,0.000000,0.036821,-0.000816,0.004331,2.679320,15.325022,6.456901,0.056451,0.011855,-0.019722,-0.467166,8.168201,1.562726,0.075114,0.022961,-0.041167,-3.963255,7.281758,4.408865,0.031218,0.007468,0.016240,9.774524,12.522773,13.117385,0.054784,0.022809,-0.016459,0.045671,3.259822,5.522979,0.074097,0.033289,-0.035564,-0.397286,0.820317,1.038667,0.052172,8,0.060609,8,0,0,1,0,0,0,0,0,0,0,0,1,0,0,0,0,0,0,0.006355,96.129033,8.861694,131.935432
744,3528254381.955786,-0.056995,-0.001981,-0.000760,-1.683846,-10.576323,3.884335,-0.038152,0.008640,0.021354,-4.710803,-15.782780,-3.132244,0.000000,0.000000,0.000000,0.000000,0.000000,0.000000,-0.061823,0.001463,-0.019563,-62.653815,40.407679,-17.118075,-0.041940,0.017955,0.010944,-5.184133,-11.193420,-1.122349,-0.028273,0.021936,0.018177,-57.905869,45.420322,-21.904791,-0.052817,-0.008992,0.012626,-1.541692,-8.780102,12.410095,-0.031002,0.003856,0.040423,-6.317923,-2.256249,1.227643,-0.014485,0.011571,0.052422,-13.858764,-11.230031,18.440501,0.023577,-0.026420,-0.027929,-80.845312,47.986973,-49.684030,0.016966,-0.040839,-0.057738,-81.455334,48.917567,-45.412413,0.000000,0.000000,0.000000,0.000000,0.000000,0.000000,0.026493,-0.011450,-0.025564,-75.623035,52.543320,-44.590469,0.018746,-0.026981,-0.055934,-72.312008,44.695828,-35.550910,0.013848,-0.040515,-0.082072,-73.162235,48.418759,-33.019129,0.026623,0.003172,-0.025197,-65.282996,58.156245,-38.481398,0.015354,-0.017525,-0.062049,-67.134677,48.208628,-28.200633,0.012239,-0.030314,-0.087849,-66.458879,43.602214,-28.223200,0.051907,8,0.063828,8,0,0,1,0,0,0,0,0,0,0,0,1,0,0,0,0,0,0,0.007412,95.587483,9.014353,131.752296
746,3528254382.154958,-0.056126,-0.001143,0.001700,-58.071451,31.641714,-19.198398,-0.036432,0.010741,0.025040,-5.986295,-14.401456,-3.937524,0.000000,0.000000,0.000000,0.000000,0.000000,0.000000,-0.060761,0.002849,-0.015655,-2.228471,-12.040492,14.840379,-0.041424,0.018025,0.011116,-5.453624,-11.371232,-0.781462,-0.027431,0.022560,0.018842,-7.644757,-9.929856,13.172637,-0.051366,-0.007269,0.016485,-2.176867,-7.344143,12.303065,-0.029845,0.004996,0.041485,-7.752790,-1.749317,1.613110,-0.012417,0.013922,0.055382,-37.680106,53.789370,-12.516473,0.022974,-0.026701,-0.027572,-83.848385,47.708445,-51.938281,0.017690,-0.040484,-0.054559,-83.028980,49.009077,-47.115419,0.000000,0.000000,0.000000,0.000000,0.000000,0.000000,0.027348,-0.010733,-0.023439,-77.249641,52.211516,-45.723545,0.018711,-0.027071,-0.054061,-74.665161,44.930154,-37.614476,0.012676,-0.041483,-0.080707,-77.349581,48.719102,-36.405388,0.025864,0.002516,-0.025727,-68.769303,57.719850,-40.961624,0.014918,-0.018022,-0.060700,-68.530635,49.484054,-29.747304,0.012866,-0.030206,-0.084518,-66.806251,43.286976,-27.765141,0.051927,8,0.062465,8,0,0,1,0,0,0,0,0,0,0,0,1,0,0,0,0,0,0,0.008191,95.329032,9.409519,131.635347
748,3528254382.353590,-0.038370,0.017257,-0.037002,69.843154,-48.015289,-36.657992,-0.043876,0.003043,-0.009634,71.793354,-43.441411,-47.623538,0.000000,0.000000,0.000000,0.000000,0.000000,0.000000,-0.031799,0.032877,-0.042328,70.505840,-59.190330,-36.161489,-0.042033,0.017818,-0.010170,68.089718,-44.381472,-40.878769,-0.039659,0.010459,0.005273,61.025239,-57.198867,-32.661425,-0.042073,0.002240,-0.034438,65.361091,-55.751481,-29.861496,-0.048104,-0.013784,-0.004353,59.347567,-43.870669,-29.363588,-0.049411,-0.023922,0.018726,53.486238,-62.628054,-29.472175,0.041946,-0.007890,-0.009538,-0.633662,18.298625,0.993422,0.061997,0.005077,-0.034329,-3.974224,15.586178,2.508216,0.000000,0.000000,0.000000,0.000000,0.000000,0.000000,0.037169,-0.000950,0.004227,3.566940,15.241996,6.430553,0.057647,0.012766,-0.023767,-3.087667,9.301030,0.733114,0.075964,0.023152,-0.045468,-5.334604,9.253695,4.456800,0.032994,0.009479,0.012168,8.822142,13.612335,12.395365,0.055443,0.022819,-0.018675,0.035587,3.793356,5.926344,0.074589,0.032457,-0.037668,-0.435183,1.954096,1.142219,0.051768,8,0.062028,8,0,0,1,0,0,0,0,0,0,0,0,1,0,0,0,0,0,0,0.006992,10.955253,-28.557383,-58.535458
750,3528254382.552999,-0.039788,0.016761,-0.035579,68.178452,-47.739938,-35.817390,-0.043565,0.003090,-0.010039,71.505830,-42.201434,-46.417820,0.000000,0.000000,0.000000,0.000000,0.000000,0.000000,-0.031990,0.033571,-0.042753,71.311785,-58.161702,-36.058032,-0.040677,0.018741,-0.012174,70.289062,-43.950205,-42.032455,-0.038023,0.011372,0.002905,62.929560,-57.170253,-33.724190,-0.042483,0.002225,-0.034215,65.998457,-55.143995,-30.075607,-0.047907,-0.014109,-0.004377,59.292862,-42.971046,-28.509124,-0.048285,-0.024010,0.017728,52.951936,-62.428934,-28.862837,0.042637,-0.006178,-0.012028,0.026009,19.647224,2.018637,0.062327,0.007534,-0.037313,-3.667572,16.987262,2.924985,0.000000,0.000000,0.000000,0.000000,0.000000,0.000000,0.038387,0.001205,0.000401,2.574505,16.354036,6.724965,0.057190,0.013286,-0.023483,-1.814410,9.132337,1.534523,0.075364,0.024272,-0.045554,-3.878445,8.164480,4.786788,0.033571,0.010453,0.010475,9.255364,14.513252,13.866225,0.055403,0.024188,-0.020048,-0.512472,4.232501,6.230458,0.074378,0.034708,-0.040106,-0.518302,3.637581,2.144806,0.051441,8,0.062810,8,0,0,1,0,0,0,0,0,0,0,0,1,0,0,0,0,0,0,0.006800,94.973821,9.762838,131.381655
752,3528254382.756624,-0.039356,0.016766,-0.036283,68.937175,-47.268992,-35.618947,-0.043932,0.002728,-0.009502,70.350911,-42.591939,-46.135662,0.000000,0.000000,0.000000,0.000000,0.000000,0.000000,-0.031948,0.033238,-0.043067,70.401382,-58.895217,-35.502570,-0.041007,0.018399,-0.011807,69.413782,-44.193935,-41.896203,-0.039335,0.010438,0.004895,61.122506,-56.487244,-32.194239,-0.042975,0.001593,-0.033575,63.526755,-55.227319,-28.698794,-0.048916,-0.014997,-0.002788,57.448344,-43.111612,-27.480817,-0.047677,-0.023266,0.016927,16.088473,-0.892309,15.931742,0.042381,-0.006751,-0.011146,-0.328095,18.732955,1.858824,0.061958,0.006385,-0.035942,-3.901526,16.930507,3.440817,0.000000,0.000000,0.000000,0.000000,0.000000,0.000000,0.038177,0.000838,0.001139,1.711969,16.298414,6.194671,0.057414,0.013527,-0.024446,-2.574553,9.901953,1.229544,0.075582,0.024489,-0.046901,-5.276652,8.560558,4.795460,0.033692,0.010705,0.009989,8.752490,14.607364,13.479610,0.055350,0.023901,-0.020005,0.277628,5.125911,6.737340,0.074339,0.034260,-0.040146,-1.165570,2.708367,2.036215,0.051644,8,0.062749,8,0,0,1,0,0,0,0,0,0,0,0,1,0,0,0,0,0,0,0.005471,94.330201,10.598752,131.411419
754,3528254382.953440,-0.038266,0.017439,-0.037465,71.243855,-48.280962,-37.136826,-0.043399,0.002959,-0.010266,71.980093,-43.282860,-46.820481,0.000000,0.000000,0.000000,0.000000,0.000000,0.000000,-0.031781,0.033330,-0.042956,71.636723,-58.911388,-35.525166,-0.040760,0.018454,-0.012178,70.805499,-44.008490,-42.093961,-0.039003,0.010558,0.004102,3.086484,0.025782,5.910471,-0.042222,0.002025,-0.034400,66.244791,-55.552518,-30.427889,-0.048332,-0.014699,-0.003759,60.299610,-43.512023,-29.320940,-0.048789,-0.024540,0.018411,52.830925,-62.235078,-28.606307,0.042355,-0.006648,-0.010768,0.018768,18.783062,2.022736,0.061910,0.006418,-0.034939,-3.709278,16.394802,3.463813,0.000000,0.000000,0.000000,0.000000,0.000000,0.000000,0.037536,0.000022,0.003161,2.657057,15.780156,6.403167,0.057750,0.014462,-0.025254,-2.888300,9.782818,1.595837,0.075382,0.024192,-0.044893,-4.442421,8.290456,4.900977,0.033235,0.010279,0.011174,9.203810,14.555850,13.991143,0.055573,0.024589,-0.020489,-0.800279,5.419918,6.980426,0.074152,0.034143,-0.038298,51.075152,-21.367990,-8.803639,0.051721,8,0.062472,8,0,0,1,0,0,0,0,0,0,0,0,1,0,0,0,0,0,0,0.006067,94.106824,10.775219,131.142021
756,3528254383.152308,-0.037455,0.017643,-0.038468,71.199012,-49.248969,-38.263487,-0.043497,0.003254,-0.010458,72.340708,-42.990270,-47.221760,0.000000,0.000000,0.000000,0.000000,0.000000,0.000000,-0.030380,0.033535,-0.044553,72.176127,-60.187275,-36.976342,-0.040816,0.018591,-0.012275,69.073563,-44.495616,-41.684534,-0.039543,0.010663,0.004666,61.086028,-58.011636,-32.635736,-0.042987,0.001313,-0.033478,63.434184,-56.390530,-29.118400,-0.048075,-0.013822,-0.004564,58.822799,-43.618490,-28.623830,-0.048883,-0.023326,0.017710,16.131828,-1.546155,15.783831,0.042393,-0.007234,-0.010436,-0.623474,18.417683,1.269175,0.062315,0.005347,-0.034743,-3.903480,15.815469,2.287374,0.000000,0.000000,0.000000,0.000000,0.000000,0.000000,0.037676,-0.000160,0.002979,2.405853,15.085888,6.368984,0.057909,0.013070,-0.024245,-3.044000,9.468352,1.011993,0.076190,0.023073,-0.045374,-5.168438,8.423816,4.682250,0.032483,0.009042,0.013678,8.967492,13.375483,12.472926,0.056502,0.024384,-0.021984,-1.663541,5.696566,6.055880,0.075251,0.033574,-0.040105,-1.761496,2.434712,1.197245,0.051788,8,0.062841,8,0,0,1,0,0,0,0,0,0,0,0,1,0,0,0,0,0,0,0.005784,93.888117,10.991819,130.917992
758,3528254383.356277,-0.037788,0.017787,-0.037991,71.118949,-48.455901,-37.594443,-0.043317,0.003214,-0.010604,72.526167,-42.887252,-47.953251,0.000000,0.000000,0.000000,0.000000,0.000000,0.000000,-0.030285,0.034167,-0.044629,73.595932,-59.384362,-38.093456,-0.042087,0.017669,-0.010341,69.209854,-44.168162,-41.489837,-0.040059,0.009924,0.005624,61.628588,-57.252979,-32.709433,-0.042523,0.001880,-0.034077,66.583424,-55.578891,-30.622631,-0.047635,-0.013860,-0.005114,60.896158,-43.699348,-29.749652,-0.047713,-0.023147,0.016043,15.992363,-1.422617,15.542094,0.042028,-0.007434,-0.009607,0.328649,17.871792,1.532231,0.061997,0.005913,-0.034287,-3.022754,15.594305,3.252444,0.000000,0.000000,0.000000,0.000000,0.000000,0.000000,0.037405,-0.000344,0.003602,2.726860,14.948219,6.198121,0.057689,0.013743,-0.024106,-2.524365,9.454034,1.408397,0.075977,0.024523,-0.045797,-5.041360,7.961978,4.989936,0.032478,0.009056,0.013631,8.821605,12.520661,13.279127,0.055858,0.024467,-0.020530,-0.592947,4.638430,6.188109,0.074500,0.033805,-0.038056,-0.770044,2.561564,1.624031,0.051659,8,0.062427,8,0,0,1,0,0,0,0,0,0,0,0,1,0,0,0,0,0,0,0.006745,-86.185318,57.526405,-122.304676
760,3528254383.554169,-0.038869,0.016906,-0.036724,69.761218,-48.453812,-36.504874,-0.043314,0.003202,-0.010536,71.773846,-43.672892,-46.756499,0.000000,0.000000,0.000000,0.000000,0.000000,0.000000,-0.030629,0.033761,-0.044402,72.090802,-58.858324,-36.961546,-0.041578,0.017997,-0.011076,69.178490,-44.360182,-41.515045,-0.039648,0.010299,0.005059,61.376869,-57.254678,-32.262797,-0.043164,0.001274,-0.033249,62.976947,-56.190944,-28.957482,-0.047848,-0.013970,-0.004737,11.892189,-12.739700,-4.330211,-0.048520,-0.023683,0.017637,52.610198,-62.367878,-28.685344,0.042620,-0.006486,-0.011497,-0.613117,18.809222,2.012262,0.062194,0.006167,-0.035449,-3.797986,16.761828,3.307642,0.000000,0.000000,0.000000,0.000000,0.000000,0.000000,0.038180,0.000832,0.001235,1.479892,15.579326,5.804544,0.057720,0.013508,-0.024393,-2.915015,9.210026,1.058060,0.076136,0.024702,-0.047264,-5.911871,9.222591,5.226541,0.033056,0.009825,0.011938,8.982933,13.343892,13.001942,0.056137,0.024700,-0.021778,-0.896574,5.149700,6.255658,0.074632,0.033807,-0.039198,-0.665515,2.858854,1.891581,0.051712,8,0.063017,8,0,0,1,0,0,0,0,0,0,0,0,1,0,0,0,0,0,0,0.006884,93.149492,12.093403,130.639364
762,3528254383.753732,-0.038100,0.017079,-0.037857,69.467525,-49.030870,-36.569731,-0.043076,0.003485,-0.011118,71.650201,-43.836781,-47.234272,0.000000,0.000000,0.000000,0.000000,0.000000,0.000000,-0.030574,0.033330,-0.044623,70.693490,-60.101673,-36.159888,-0.039450,0.019406,-0.014406,70.476860,-44.918828,-42.630514,-0.038246,0.011544,0.002482,2.621934,0.127370,5.741031,-0.042033,0.001879,-0.034825,64.033669,-56.414157,-28.936213,-0.049174,-0.014818,-0.003039,56.628509,-43.435701,-27.118070,-0.048775,-0.023330,0.017588,16.069125,-1.520111,15.521388,0.042619,-0.006927,-0.010977,-1.459408,18.498242,0.804575,0.062470,0.005555,-0.035222,-4.363482,16.147906,2.744940,0.000000,0.000000,0.000000,0.000000,0.000000,0.000000,0.037905,0.000183,0.002394,2.013266,15.342043,6.262806,0.058026,0.013168,-0.024529,-3.798303,8.727050,0.707907,0.076245,0.023151,-0.045629,-5.483508,7.987022,4.601909,0.033421,0.010232,0.011079,8.420528,13.374831,12.809939,0.056623,0.024637,-0.022573,-2.689839,6.103116,6.113838,0.075289,0.033635,-0.040390,-2.196190,3.488768,1.980426,0.051717,8,0.063110,8,0,0,1,0,0,0,0,0,0,0,0,1,0,0,0,0,0,0,0.007459,12.785994,-29.882988,-60.597498
764,3528254383.966888,0.000000,0.000000,0.000000,0.000000,0.000000,0.000000,-0.044859,0.001821,-0.008341,71.803337,-42.492000,-46.735699,0.000000,0.000000,0.000000,0.000000,0.000000,0.000000,-0.030910,0.033709,-0.043309,73.374596,-59.905751,-38.198905,-0.041843,0.017636,-0.010541,69.430926,-43.475673,-41.584711,-0.039202,0.010359,0.004214,3.411000,0.151810,6.001828,-0.042602,0.001635,-0.033659,65.845627,-55.882280,-30.153283,-0.049578,-0.015698,-0.002432,57.839453,-42.916806,-27.604827,-0.049062,-0.024619,0.017914,55.559513,-62.560425,-30.973264,0.041679,-0.007759,-0.008505,0.072852,17.476869,1.719427,0.061201,0.004642,-0.031147,-2.729085,14.910021,3.003846,0.000000,0.000000,0.000000,0.000000,0.000000,0.000000,0.037206,-0.000322,0.003936,2.588960,15.268833,6.138943,0.057211,0.013227,-0.022265,-1.912560,8.045695,0.831907,0.075508,0.024004,-0.043493,-4.451024,7.887825,5.481204,0.032922,0.009983,0.011803,8.798417,13.823997,12.991607,0.055155,0.023723,-0.018070,0.192192,3.328502,6.478577,0.074335,0.034114,-0.037395,-0.618122,2.280598,1.748975,0.051451,7,0.061459,8,1,0,1,0,0,0,0,0,0,0,0,1,0,0,0,0,0,0,0.006924,92.831736,11.849828,130.134726
766,3528254384.164493,-0.056835,-0.002744,-0.001236,-2.483620,-11.056122,5.638704,-0.038963,0.007585,0.019309,-4.977062,-16.768503,-2.399674,0.000000,0.000000,0.000000,0.000000,0.000000,0.000000,-0.061013,0.001472,-0.018305,-2.318597,-13.461617,15.426691,-0.042851,0.016357,0.008255,-5.284241,-12.751126,0.487565,-0.028783,0.021799,0.017627,-8.214794,-11.543475,14.613544,-0.052401,-0.008872,0.013809,-3.221654,-9.048378,13.691081,-0.031537,0.003957,0.040219,-7.686974,-3.101647,2.573916,-0.015214,0.012239,0.052675,-16.049220,-11.281594,20.057187,0.023564,-0.026893,-0.028457,-81.277711,47.081943,-48.893531,0.018715,-0.041037,-0.056535,-81.226032,47.984050,-44.408358,0.000000,0.000000,0.000000,0.000000,0.000000,0.000000,0.028403,-0.010174,-0.022802,-74.088801,50.776707,-42.420391,0.019773,-0.027425,-0.055537,-73.323323,43.925259,-35.340776,0.014869,-0.041686,-0.082247,-75.332328,47.917609,-33.708028,0.026232,0.002698,-0.025902,-67.313500,57.018257,-37.999138,0.017518,-0.017150,-0.060112,-65.219275,47.082445,-26.753594,0.015449,-0.030028,-0.085362,-65.447254,42.387029,-26.979063,0.051738,8,0.063492,8,0,0,1,0,0,0,0,0,0,0,0,1,0,0,0,0,0,0,0.006686,92.663212,12.064609,130.013129
768,3528254384.362736,-0.038296,0.017209,-0.037477,69.341912,-48.319855,-36.327566,-0.043311,0.003269,-0.010389,71.779990,-43.808144,-47.318290,0.000000,0.000000,0.000000,0.000000,0.000000,0.000000,-0.031112,0.033320,-0.043901,70.832175,-59.462675,-36.117140,-0.041403,0.018133,-0.011211,68.546986,-44.287659,-41.227629,-0.040618,0.009681,0.006839,59.271986,-56.609282,-30.568223,-0.041593,0.002469,-0.035225,65.453060,-56.122778,-29.841660,-0.048887,-0.014692,-0.002965,57.031259,-43.448570,-27.510316,-0.048624,-0.023613,0.018184,50.942261,-62.372015,-27.796448,0.042447,-0.006888,-0.011239,-1.244758,18.767887,1.067240,0.061593,0.004763,-0.033879,-3.611255,15.482707,2.572680,0.000000,0.000000,0.000000,0.000000,0.000000,0.000000,0.037812,0.000175,0.002206,1.413148,16.088880,5.636729,0.057091,0.012217,-0.022696,-2.286898,9.241583,0.692845,0.075670,0.023385,-0.046068,-5.176823,8.822075,4.775860,0.033605,0.010462,0.010259,7.343632,14.144917,12.502154,0.055692,0.023704,-0.020540,-1.097032,4.306132,5.609108,0.074462,0.033227,-0.039357,-1.579914,2.371331,1.301977,0.051979,8,0.062270,8,0,0,1,0,0,0,0,0,0,0,0,1,0,0,0,0,0,0,0.007445,92.384339,12.521409,129.977639
770,3528254384.564520,-0.038240,0.017688,-0.038088,68.250937,-47.642678,-35.664772,-0.042557,0.004392,-0.012133,70.952047,-43.590225,-46.644724,0.000000,0.000000,0.000000,0.000000,0.000000,0.000000,-0.030606,0.033978,-0.044852,70.106353,-59.549752,-35.637815,-0.040003,0.019595,-0.013708,69.227131,-44.737034,-42.171292,-0.039243,0.011264,0.004134,60.269300,-57.550288,-32.178476,-0.041768,0.002772,-0.035680,63.181272,-55.612802,-29.116998,-0.047995,-0.013290,-0.005076,57.938393,-43.209302,-28.453158,-0.047997,-0.022268,0.016169,15.085670,-1.444172,14.731856,0.042952,-0.006887,-0.011911,-1.044784,18.476434,0.404791,0.062580,0.005126,-0.035473,-3.611886,15.492004,1.830540,0.000000,0.000000,0.000000,0.000000,0.000000,0.000000,0.038124,-0.000071,0.002194,2.421077,15.230185,5.736136,0.058294,0.012953,-0.024911,-2.313460,9.010294,0.135940,0.077035,0.024103,-0.048557,-5.436209,8.730140,4.311498,0.034625,0.011273,0.008177,7.684814,14.383375,12.668332,0.056837,0.024250,-0.022409,-1.805972,4.592587,5.468734,0.076108,0.034322,-0.042894,-1.722806,4.151272,0.992013,0.051669,8,0.063903,8,0,0,1,0,0,0,0,0,0,0,0,1,0,0,0,0,0,0,0.006956,92.344255,12.489206,129.540252
771,3528254384.679222,-0.056187,-0.001214,0.001437,-2.672908,-9.528748,3.807949,-0.036979,0.010189,0.023694,-7.133510,-15.329710,-2.162168,0.000000,0.000000,0.000000,0.000000,0.000000,0.000000,-0.061053,0.002216,-0.016852,-2.589271,-12.437273,14.997779,-0.042482,0.016266,0.007770,-4.437928,-12.831155,-0.490777,-0.026693,0.024119,0.021312,-57.901887,45.448597,-22.390686,-0.051961,-0.008064,0.014658,-2.901950,-8.323607,12.928840,-0.030585,0.004370,0.039778,-6.685079,-2.982208,1.808799,-0.013263,0.013372,0.053660,-15.118825,-10.371962,19.033024,0.023404,-0.026688,-0.027046,-83.502994,48.080066,-51.987558,0.016141,-0.041876,-0.056862,-84.692642,48.845790,-47.937422,0.000000,0.000000,0.000000,0.000000,0.000000,0.000000,0.026613,-0.011495,-0.024594,-78.495069,51.293702,-46.752214,0.018086,-0.027966,-0.055192,-76.138061,44.843479,-37.905581,0.011951,-0.042546,-0.081971,-78.637722,48.256113,-37.063899,0.026410,0.002779,-0.025030,-69.816045,58.333372,-42.012921,0.017655,-0.016385,-0.057491,-65.102889,47.027871,-26.505136,0.012806,-0.030928,-0.085059,-68.030131,43.909504,-30.025023,0.051808,8,0.062863,8,0,0,1,0,0,0,0,0,0,0,0,1,0,0,0,0,0,0,0.006694,92.015328,12.568647,129.660506
772,3528254384.760243,-0.056389,-0.001418,0.001316,-2.769357,-9.325443,3.874390,-0.038412,0.008213,0.020080,-5.792644,-16.353775,-2.186932,0.000000,0.000000,0.000000,0.000000,0.000000,0.000000,-0.061623,0.000915,-0.018917,-2.291450,-13.074848,15.380690,-0.042484,0.016745,0.008704,-5.960594,-12.385512,-0.126636,-0.027694,0.023066,0.019484,-58.461422,45.214032,-21.888310,-0.052031,-0.008043,0.015218,-3.286292,-8.305694,13.074190,-0.031247,0.003816,0.038939,-7.224521,-2.458087,2.083202,-0.014338,0.012526,0.052082,-14.924261,-10.792131,19.316585,0.022724,-0.027447,-0.028659,-83.693385,47.080798,-51.332742,0.015922,-0.042563,-0.058249,-84.987060,48.753749,-48.163763,0.000000,0.000000,0.000000,0.000000,0.000000,0.000000,0.026511,-0.011777,-0.025227,-77.189934,51.512518,-45.147575,0.018447,-0.028154,-0.055600,-75.169910,45.101512,-37.746162,0.013624,-0.042180,-0.081239,-75.695754,48.631765,-35.202967,0.026806,0.003062,-0.024802,-65.482570,57.957035,-38.528558,0.017020,-0.017322,-0.059217,-65.732276,46.616736,-27.007044,0.013002,-0.031438,-0.086009,-66.189998,42.908433,-27.489176,0.051599,8,0.063592,8,0,0,1,0,0,0,0,0,0,0,0,1,0,0,0,0,0,0,0.006643,-84.524209,56.431587,-120.854150
774,3528254384.954061,-0.054701,0.000140,0.005837,-4.294597,-8.137980,5.044782,-0.036576,0.010252,0.024328,-6.774014,-15.154839,-1.634676,0.000000,0.000000,0.000000,0.000000,0.000000,0.000000,-0.060202,0.002099,-0.014576,-64.585823,40.562904,-18.184650,-0.041243,0.017901,0.011608,-6.340192,-11.841822,0.867257,-0.026170,0.024926,0.022870,-59.006626,45.183125,-22.170019,-0.050609,-0.007235,0.017832,-4.306788,-7.888089,13.841163,-0.029397,0.005772,0.042525,-8.186405,-1.913816,2.537091,-0.012335,0.015021,0.055738,-15.369930,-10.108963,20.271625,0.025081,-0.025350,-0.024385,-83.763540,47.145970,-51.108772,0.019521,-0.040153,-0.052074,-83.389856,48.759741,-46.629015,0.000000,0.000000,0.000000,0.000000,0.000000,0.000000,0.027499,-0.010470,-0.023023,-2.443462,-2.437562,0.276350,0.019216,-0.027432,-0.053187,-77.047670,45.159563,-38.815243,0.014009,-0.042028,-0.078979,-77.835784,47.800146,-35.433747,0.026811,0.003486,-0.023977,-69.485552,57.485593,-40.602317,0.017433,-0.016848,-0.057168,-68.946036,47.749682,-29.387779,0.015407,-0.029798,-0.081323,-67.726958,42.443085,-28.282771,0.052062,8,0.061096,8,0,0,1,0,0,0,0,0,0,0,0,1,0,0,0,0,0,0,0.006029,91.750364,13.154302,129.447102
776,3528254385.155927,-0.056539,-0.001329,0.001611,-3.003606,-8.705117,4.279466,-0.037925,0.008873,0.021690,-6.406893,-14.916614,-2.426190,0.000000,0.000000,0.000000,0.000000,0.000000,0.000000,-0.061680,0.001743,-0.017570,-2.265442,-12.854807,15.007461,-0.042692,0.016455,0.008417,-4.826410,-11.802284,-0.562954,-0.027542,0.023055,0.019826,-58.643572,45.708884,-22.631454,-0.052664,-0.009030,0.013228,-2.746990,-8.512493,13.254289,-0.031114,0.003543,0.038926,-7.476123,-2.297673,2.124311,-0.013858,0.012389,0.052576,-14.612078,-10.054801,19.014555,0.023019,-0.027024,-0.028271,-82.886133,47.440246,-51.041257,0.016405,-0.041751,-0.057393,-82.586828,48.978281,-46.464473,0.000000,0.000000,0.000000,0.000000,0.000000,0.000000,0.026116,-0.011892,-0.025842,-77.311304,52.223267,-45.801987,0.017845,-0.028044,-0.056195,-76.178462,45.901029,-38.818595,0.012507,-0.042074,-0.082232,-75.924326,49.139704,-35.361267,0.026207,0.002696,-0.025804,-66.060080,57.660592,-38.504684,0.015387,-0.017957,-0.061104,-67.018273,48.389042,-28.703302,0.012880,-0.030607,-0.085803,-66.571265,42.879129,-28.030704,0.051704,8,0.063719,8,0,0,1,0,0,0,0,0,0,0,0,1,0,0,0,0,0,0,0.005063,91.545077,13.334027,129.226262
778,3528254385.352682,-0.038361,0.017708,-0.037812,68.524065,-47.318400,-35.752171,-0.043364,0.003565,-0.010354,71.000770,-42.423493,-46.712026,0.000000,0.000000,0.000000,0.000000,0.000000,0.000000,-0.031226,0.033827,-0.044389,-4.799607,-5.082423,2.426359,-0.039529,0.019703,-0.013985,69.573417,-44.333805,-41.711185,-0.039153,0.010915,0.004726,60.375068,-56.623225,-31.969767,-0.041334,0.003200,-0.036001,65.392493,-55.673778,-30.174696,-0.047329,-0.013157,-0.005201,10.777453,-11.184337,-4.016744,-0.047767,-0.022812,0.017155,16.091132,-0.354490,15.890337,0.042001,-0.007805,-0.010203,-0.151024,18.705230,1.305861,0.062100,0.006144,-0.037050,-3.944318,17.035549,2.444544,0.000000,0.000000,0.000000,0.000000,0.000000,0.000000,0.038468,0.000889,0.000284,1.764550,16.865690,5.571449,0.057422,0.012877,-0.024569,-1.997107,9.991750,1.074945,0.075631,0.023745,-0.047489,-4.609698,9.972055,5.006264,0.033666,0.010187,0.010585,7.650961,14.715114,12.679477,0.056356,0.024880,-0.023599,-1.301305,6.417856,5.969829,0.074448,0.033365,-0.040200,-0.315668,3.614670,1.635134,0.051572,8,0.063100,8,0,0,1,0,0,0,0,0,0,0,0,1,0,0,0,0,0,0,0.004676,91.031928,13.995701,129.271737
780,3528254385.561377,-0.037749,0.017485,-0.038929,68.934131,-48.119406,-35.136997,-0.042806,0.003464,-0.011678,71.692406,-43.618213,-46.812268,0.000000,0.000000,0.000000,0.000000,0.000000,0.000000,-0.032249,0.032697,-0.043337,69.303750,-59.688056,-34.115040,-0.039505,0.019374,-0.014720,70.757749,-45.109636,-42.290671,-0.037941,0.011569,0.001957,61.991461,-57.545963,-32.295116,-0.040479,0.003056,-0.037254,66.075527,-57.101011,-29.733077,-0.048146,-0.014489,-0.004317,57.596609,-43.913737,-27.398044,-0.047712,-0.023222,0.016601,52.155261,-62.340982,-28.204566,0.042970,-0.006189,-0.011859,-1.209311,18.654173,1.752021,0.062956,0.007484,-0.037803,-4.653448,16.370862,3.226201,0.000000,0.000000,0.000000,0.000000,0.000000,0.000000,0.039054,0.002119,-0.000898,0.918525,16.503365,7.032071,0.058032,0.014091,-0.025355,-3.316884,9.649268,1.283418,0.076246,0.024739,-0.047392,-5.392076,8.258406,4.740004,0.033693,0.010895,0.010315,7.619320,13.675759,12.385837,0.056396,0.025308,-0.022812,-2.135027,4.658541,6.454346,0.074749,0.034230,-0.039938,-1.092510,2.726260,2.154398,0.051487,8,0.063764,8,0,0,1,0,0,0,0,0,0,0,0,1,0,0,0,0,0,0,0.004403,91.052179,14.059802,129.159268
782,3528254385.754582,-0.038599,0.017190,-0.036910,70.208938,-47.911709,-36.649594,-0.043706,0.002988,-0.009923,71.936429,-43.086243,-47.340083,0.000000,0.000000,0.000000,0.000000,0.000000,0.000000,-0.031732,0.033151,-0.042805,-4.052078,-6.557081,2.297292,-0.039395,0.019453,-0.014031,71.580204,-45.013547,-43.278821,-0.038363,0.011193,0.003186,63.843691,-57.045318,-33.443421,-0.042712,0.001737,-0.033769,64.119878,-55.920783,-28.822245,-0.049105,-0.014959,-0.002890,57.760682,-44.018421,-28.291246,-0.049593,-0.024674,0.019211,52.251324,-61.984487,-28.418483,0.042105,-0.007371,-0.010011,0.216832,18.543367,1.847430,0.062209,0.006326,-0.035569,-3.760570,16.594325,3.193585,0.000000,0.000000,0.000000,0.000000,0.000000,0.000000,0.038238,0.000899,0.000976,1.494284,16.221708,6.196076,0.057416,0.013030,-0.023360,-1.586631,9.150133,1.242965,0.075639,0.023480,-0.044709,-4.810376,7.822689,4.473909,0.032981,0.009685,0.012099,8.533431,13.305038,12.453075,0.056115,0.024610,-0.021529,-1.630135,5.338589,5.893286,0.074643,0.033902,-0.039304,-1.422058,2.649524,1.886817,0.051813,8,0.062586,8,0,0,1,0,0,0,0,0,0,0,0,1,0,0,0,0,0,0,0.005010,90.673608,14.106345,128.770148
784,3528254385.953946,-0.038384,0.017285,-0.037395,69.858501,-48.429976,-36.524832,-0.042742,0.003788,-0.011588,72.870014,-43.748327,-48.006400,0.000000,0.000000,0.000000,0.000000,0.000000,0.000000,-0.031619,0.033183,-0.043060,70.531799,-59.589663,-36.210531,-0.042230,0.017696,-0.010300,68.214452,-43.767505,-40.529311,-0.037846,0.011733,0.001976,1.980418,-0.093862,5.068025,-0.041956,0.002250,-0.034932,65.237643,-55.683633,-29.769618,-0.049150,-0.014860,-0.003176,56.810765,-43.347498,-27.804684,-0.049004,-0.023847,0.017878,52.334482,-62.451591,-28.919805,0.042395,-0.007193,-0.010352,-0.134304,18.263791,1.509920,0.062592,0.006343,-0.035835,-3.953093,16.241628,3.032089,0.000000,0.000000,0.000000,0.000000,0.000000,0.000000,0.038227,0.000702,0.001390,1.974359,15.619918,6.485259,0.057737,0.013090,-0.023642,-2.495935,8.735881,1.006074,0.076166,0.023727,-0.045505,-5.240946,7.536374,4.423595,0.033057,0.009771,0.012067,9.640097,13.032866,12.878657,0.055997,0.024004,-0.020348,-1.131563,4.546348,6.109691,0.075121,0.034030,-0.039833,-1.872768,2.480083,1.555531,0.051711,8,0.062853,8,0,0,1,0,0,0,0,0,0,0,0,1,0,0,0,0,0,0,0.004419,90.456186,14.622187,128.811846
786,3528254386.157172,-0.039253,0.016722,-0.036126,69.927404,-47.919399,-36.102251,-0.044282,0.002113,-0.009008,71.873144,-42.687579,-46.370921,0.000000,0.000000,0.000000,0.000000,0.000000,0.000000,-0.031789,0.033333,-0.042887,72.880359,-59.012103,-37.012250,-0.041610,0.017726,-0.010935,70.100977,-43.608949,-41.504138,-0.039873,0.009691,0.005470,3.578912,-0.553607,6.360340,-0.042481,0.001737,-0.034004,66.236384,-55.635111,-29.974745,-0.048778,-0.015358,-0.003072,59.013602,-42.951621,-28.059744,-0.048790,-0.024891,0.018429,54.114597,-61.641793,-28.872241,0.042239,-0.006570,-0.010552,0.000992,18.554290,2.314967,0.061495,0.006163,-0.033782,-2.453679,16.708996,4.491872,0.000000,0.000000,0.000000,0.000000,0.000000,0.000000,0.037448,0.000095,0.003212,3.155039,15.311641,7.570780,0.057438,0.014445,-0.024552,-2.282186,10.022955,1.439280,0.075218,0.024844,-0.045097,-3.904243,8.542009,5.749601,0.032471,0.009373,0.013309,9.726767,12.928943,13.300114,0.055127,0.024448,-0.019465,0.300811,5.120046,6.946977,0.074050,0.034899,-0.038953,-0.111226,3.337147,2.628548,0.051934,8,0.062208,8,0,0,1,0,0,0,0,0,0,0,0,1,0,0,0,0,0,0,0.003877,90.672539,14.522001,128.780484
788,3528254386.354038,-0.038335,0.017251,-0.038277,68.070672,-48.405297,-35.265433,-0.043282,0.003367,-0.011043,71.205661,-43.156135,-46.337894,0.000000,0.000000,0.000000,0.000000,0.000000,0.000000,-0.030708,0.033715,-0.045443,69.856083,-58.996215,-34.838461,-0.039587,0.019497,-0.014615,69.474693,-44.902258,-41.224499,-0.038485,0.011390,0.002810,3.060572,0.399578,5.677360,-0.042386,0.001835,-0.034936,62.662369,-56.213654,-27.802750,-0.047252,-0.013400,-0.005755,10.694100,-12.010145,-3.929360,-0.048332,-0.023399,0.017545,51.232134,-62.212392,-27.298648,0.043430,-0.005584,-0.013446,-1.348498,19.276200,1.172904,0.062671,0.006506,-0.036930,-4.792167,16.007664,2.772589,0.000000,0.000000,0.000000,0.000000,0.000000,0.000000,0.038134,0.000432,0.002003,2.072948,15.872342,6.493651,0.058404,0.014303,-0.026603,-3.123470,10.027913,1.615012,0.076275,0.024166,-0.047438,-5.444457,8.699273,4.899103,0.033795,0.010743,0.010313,9.015424,13.830930,13.684078,0.056337,0.024680,-0.022265,-1.089120,4.763914,6.055584,0.075044,0.034128,-0.040980,-0.576304,3.442751,2.502850,0.051706,8,0.063775,8,0,0,1,0,0,0,0,0,0,0,0,1,0,0,0,0,0,0,0.003366,89.801422,15.198147,128.467544
790,3528254386.554000,-0.039095,0.016683,-0.036598,68.981423,-48.115399,-35.439495,-0.043476,0.002870,-0.010409,70.801282,-43.290862,-45.989538,0.000000,0.000000,0.000000,0.000000,0.000000,0.000000,-0.030307,0.034017,-0.045049,73.618257,-59.343301,-37.681454,-0.040814,0.018395,-0.012375,69.342850,-44.527317,-41.274628,-0.039368,0.010309,0.004528,61.658971,-57.592619,-32.811190,-0.042353,0.001750,-0.034405,64.266057,-56.097325,-28.958938,-0.047439,-0.013951,-0.005245,59.441665,-43.735404,-28.791761,-0.048243,-0.023924,0.017321,54.542762,-62.637276,-30.145170,0.042835,-0.006063,-0.011801,-1.014940,18.871873,1.820091,0.062217,0.006519,-0.035260,-3.677239,16.304875,3.193232,0.000000,0.000000,0.000000,0.000000,0.000000,0.000000,0.037525,-0.000100,0.003460,2.760167,15.470731,6.709585,0.057365,0.013278,-0.023089,-2.143291,8.922071,1.669380,0.076236,0.025470,-0.047624,-5.479639,9.516541,5.490995,0.033540,0.010680,0.010500,8.789659,14.207369,13.358163,0.055846,0.024726,-0.020878,-1.064967,5.080946,6.264428,0.074553,0.034393,-0.039187,-0.257074,2.870290,2.589541,0.051655,8,0.062908,8,0,0,1,0,0,0,0,0,0,0,0,1,0,0,0,0,0,0,0.002926,89.805626,15.258523,128.465072
792,3528254386.755114,-0.056662,-0.001916,-0.000098,-2.788187,-9.766757,4.614964,-0.038638,0.008396,0.020424,-5.370924,-16.155608,-2.717199,0.000000,0.000000,0.000000,0.000000,0.000000,0.000000,-0.061688,0.000290,-0.020875,-2.511393,-14.655305,15.949237,-0.042922,0.016309,0.007710,-5.293542,-12.903551,0.277754,-0.028615,0.022112,0.017841,-58.433871,44.448673,-22.117990,-0.052455,-0.008519,0.013987,-3.199315,-8.766755,13.571810,-0.032540,0.002554,0.036515,-6.240479,-4.573385,2.323968,-0.015446,0.011993,0.051640,-37.400907,52.320203,-11.981565,0.023793,-0.026948,-0.027874,-81.269240,47.348459,-49.386940,0.017862,-0.041762,-0.057269,-81.382849,47.901974,-45.097883,0.000000,0.000000,0.000000,0.000000,0.000000,0.000000,0.027189,-0.011429,-0.024682,-75.921477,50.561661,-43.520615,0.020273,-0.027294,-0.054553,-72.827845,43.949632,-35.776417,0.013859,-0.042573,-0.083143,5.530686,13.097338,-6.820681,0.026626,0.002746,-0.025382,-64.469086,57.000900,-36.967955,0.018211,-0.016844,-0.058977,-65.225648,47.667624,-27.461528,0.013850,-0.031461,-0.087010,-66.548124,42.550899,-27.418605,0.051544,8,0.063772,8,0,0,1,0,0,0,0,0,0,0,0,1,0,0,0,0,0,0,0.002492,89.282765,15.354951,128.263707
794,3528254386.962030,-0.039245,0.017336,-0.036503,68.439213,-47.626785,-35.667113,-0.042909,0.003654,-0.011157,72.354195,-42.169516,-46.885020,0.000000,0.000000,0.000000,0.000000,0.000000,0.000000,-0.031583,0.034087,-0.043462,72.234298,-58.915420,-36.373382,-0.040712,0.018844,-0.012398,3.873558,-3.286336,-9.625597,-0.039400,0.010384,0.004804,4.016149,-0.268751,6.062066,-0.042928,0.002004,-0.033865,64.695012,-55.383605,-29.423064,-0.047608,-0.013874,-0.005014,60.656341,-42.844657,-29.281053,-0.048578,-0.024419,0.018016,54.174961,-61.175494,-29.557459,0.041965,-0.007542,-0.009523,0.927637,18.268596,1.968677,0.062211,0.007210,-0.036282,-3.223629,16.030625,3.122616,0.000000,0.000000,0.000000,0.000000,0.000000,0.000000,0.038564,0.001408,0.000215,2.845184,16.487146,6.821724,0.057708,0.014322,-0.024927,-1.897263,9.412309,1.122377,0.075531,0.024751,-0.045665,-3.656858,8.818987,5.210202,0.033792,0.010798,0.009959,10.423845,13.960605,13.692001,0.056314,0.025899,-0.023055,-1.678160,5.546837,6.334988,0.074538,0.035178,-0.040172,0.090707,2.338902,2.299679,0.051731,8,0.063183,8,0,0,1,0,0,0,0,0,0,0,0,1,0,0,0,0,0,0,0.002117,89.323763,15.521917,128.104250
796,3528254387.160147,-0.039996,0.016638,-0.035084,69.557494,-47.063289,-36.451367,-0.044433,0.002310,-0.008747,72.045187,-41.922560,-47.170272,0.000000,0.000000,0.000000,0.000000,0.000000,0.000000,-0.031107,0.034186,-0.043535,73.887218,-58.581512,-38.211967,-0.041604,0.018018,-0.010720,69.896611,-43.500089,-41.722430,-0.039048,0.010461,0.004391,3.834743,-0.104858,6.031303,-0.044065,0.000992,-0.032030,64.390227,-55.198857,-29.199365,-0.047502,-0.013903,-0.005063,12.443801,-11.755783,-3.823392,-0.049795,-0.025621,0.019823,54.056804,-61.333155,-29.350779,0.042219,-0.006671,-0.010795,0.365883,19.138588,2.042988,0.061930,0.007150,-0.035752,-3.151586,16.921566,3.295946,0.000000,0.000000,0.000000,0.000000,0.000000,0.000000,0.038176,0.001104,0.000866,2.462797,16.362445,6.835892,0.057441,0.014245,-0.024545,-1.807109,9.692250,1.517050,0.075601,0.025642,-0.046851,-4.494430,9.383632,5.627631,0.033025,0.009845,0.011819,9.035095,14.120192,12.709378,0.055115,0.024114,-0.019130,1.006273,5.003634,6.701998,0.074173,0.034871,-0.039164,-0.123285,2.810073,2.305844,0.051935,8,0.062648,8,0,0,1,0,0,0,0,0,0,0,0,1,0,0,0,0,0,0,0.001769,89.559128,15.158791,127.731829
798,3528254387.360234,-0.038522,0.017720,-0.038152,69.034894,-47.431598,-35.751362,-0.042817,0.003780,-0.011507,70.758085,-43.106296,-46.099863,0.000000,0.000000,0.000000,0.000000,0.000000,0.000000,-0.030817,0.034385,-0.045509,70.914469,-58.855762,-35.431544,-0.040426,0.019101,-0.013165,69.133343,-43.658743,-40.788953,-0.038197,0.011461,0.002732,3.068205,0.283673,5.763492,-0.042298,0.002356,-0.035166,63.739929,-54.812473,-27.930948,-0.048050,-0.014239,-0.004312,57.669343,-42.619042,-26.879273,-0.046590,-0.022385,0.015323,51.754337,-62.115435,-27.745570,0.043439,-0.005235,-0.014006,-1.011172,19.543676,1.714780,0.062499,0.007287,-0.037721,-3.812806,16.625998,3.135373,0.000000,0.000000,0.000000,0.000000,0.000000,0.000000,0.039024,0.001934,-0.000983,1.440557,16.816792,6.314963,0.057636,0.013769,-0.024893,-1.924847,9.047165,1.241825,0.075764,0.024832,-0.047609,-4.250642,8.891447,5.159421,0.034203,0.011228,0.009135,8.399343,14.175844,13.412562,0.056654,0.026160,-0.024665,-1.364785,5.490618,6.378513,0.074688,0.035018,-0.041555,-0.161435,2.805603,1.850962,0.051528,8,0.064016,8,0,0,1,0,0,0,0,0,0,0,0,1,0,0,0,0,0,0,0.003240,89.327653,15.840654,127.918322
800,3528254387.562358,-0.037898,0.018202,-0.038027,72.176228,-47.510960,-37.826133,-0.043643,0.002830,-0.010058,72.918117,-42.608380,-47.443067,0.000000,0.000000,0.000000,0.000000,0.000000,0.000000,-0.030384,0.034843,-0.044720,74.887563,-58.549472,-38.538839,-0.041475,0.018086,-0.011229,3.910663,-3.259097,-9.539766,-0.039152,0.010310,0.004331,4.235873,-0.111740,5.799442,-0.042128,0.002483,-0.034734,67.958667,-55.060308,-31.308646,-0.048218,-0.014763,-0.004197,59.867096,-42.762128,-28.469276,-0.047507,-0.023811,0.016153,55.425314,-61.859069,-31.054625,0.042143,-0.006969,-0.009985,1.147935,18.479252,2.749783,0.061938,0.007046,-0.034892,-2.314825,15.691157,3.881644,0.000000,0.000000,0.000000,0.000000,0.000000,0.000000,0.037805,0.000388,0.002519,3.999096,15.530385,7.222289,0.057315,0.014060,-0.023428,-0.836342,9.452706,1.839831,0.075638,0.025793,-0.046039,-3.616916,8.841699,5.900985,0.033083,0.009949,0.011980,10.371983,12.814629,13.459772,0.055118,0.024305,-0.018621,0.797407,3.526553,6.781139,0.074777,0.036505,-0.041401,-1.486249,4.588484,2.792282,0.051753,8,0.062685,8,0,0,1,0,0,0,0,0,0,0,0,1,0,0,0,0,0,0,0.002286,88.308129,16.745776,127.732068
801,3528254387.677516,-0.056660,-0.002465,-0.000810,-2.863815,-10.987641,4.945401,-0.038937,0.007882,0.019842,-6.122624,-16.940006,-2.053692,0.000000,0.000000,0.000000,0.000000,0.000000,0.000000,-0.061123,0.000810,-0.019628,-61.679496,38.418751,-16.187032,-0.042952,0.016328,0.007987,-5.758313,-13.777306,0.293370,-0.029183,0.021372,0.016819,-8.293302,-11.133228,14.518358,-0.052637,-0.009318,0.012809,-2.882527,-9.084234,14.254405,-0.033029,0.002024,0.035970,-45.981013,30.257699,-14.156149,-0.016163,0.011543,0.051225,-37.368004,52.228819,-11.634417,0.023956,-0.026892,-0.028289,-81.103590,47.074679,-48.739481,0.018929,-0.041280,-0.056992,-80.705411,47.607306,-43.796015,0.000000,0.000000,0.000000,0.000000,0.000000,0.000000,0.027269,-0.011262,-0.024801,-74.396677,51.421775,-42.782488,0.019866,-0.027748,-0.056069,-73.060436,44.391382,-36.039007,0.016485,-0.041205,-0.081215,-74.140852,47.220256,-32.793688,0.025640,0.001969,-0.027024,-66.336485,56.270340,-37.246383,0.018023,-0.017193,-0.060145,-66.540472,47.702367,-27.457046,0.015802,-0.030415,-0.085948,-65.442888,42.042845,-26.383245,0.051331,8,0.063791,8,0,0,1,0,0,0,0,0,0,0,0,1,0,0,0,0,0,0,0.002113,88.371915,16.860555,127.821597
802,3528254387.759282,-0.055375,-0.000932,0.003310,-2.706310,-8.782540,4.750031,-0.035610,0.011684,0.026701,-7.194697,-13.807713,-2.763168,0.000000,0.000000,0.000000,0.000000,0.000000,0.000000,-0.060352,0.002363,-0.014632,-3.168608,-11.745722,15.545559,-0.040597,0.018883,0.012992,-7.112195,-10.878502,-0.155739,-0.026160,0.024478,0.021872,-9.130568,-9.049951,14.273215,-0.050730,-0.007176,0.017382,-3.561082,-7.129001,13.217484,-0.029356,0.005549,0.041686,-8.006260,-2.114374,2.065841,-0.012098,0.014751,0.055055,-40.545474,53.740634,-14.271016,0.025891,-0.024722,-0.022785,-82.871152,47.009054,-50.488050,0.017618,-0.041038,-0.053687,-84.810150,48.883522,-47.709024,0.000000,0.000000,0.000000,0.000000,0.000000,0.000000,0.026062,-0.011650,-0.024773,-80.778125,51.833581,-48.286196,0.019529,-0.026985,-0.052077,-75.443553,44.444173,-37.123936,0.013955,-0.041618,-0.077981,-77.895917,48.405017,-36.519517,0.027271,0.003833,-0.023262,-67.847790,57.115825,-39.948934,0.017955,-0.016159,-0.055845,-68.396620,48.442854,-29.400459,0.013712,-0.030560,-0.082283,-68.157008,42.580050,-28.542040,0.051987,8,0.060888,8,0,0,1,0,0,0,0,0,0,0,0,1,0,0,0,0,0,0,0.001934,88.046277,16.568400,127.617253
804,3528254387.957384,-0.040201,0.015747,-0.034697,68.505132,-48.174939,-35.215789,-0.044158,0.002129,-0.009212,72.545318,-42.766520,-46.676319,0.000000,0.000000,0.000000,0.000000,0.000000,0.000000,-0.031655,0.033059,-0.042718,73.014811,-59.256292,-37.158966,-0.043074,0.016613,-0.008864,67.471458,-43.778367,-39.983708,-0.039814,0.009744,0.005191,3.385015,-0.425271,6.248691,-0.042435,0.001513,-0.033845,66.410301,-56.024797,-29.656690,-0.050048,-0.016437,-0.001408,57.646902,-43.234104,-27.181081,-0.049010,-0.024904,0.018430,56.139703,-61.509471,-30.432379,0.042198,-0.006597,-0.010289,-0.208735,18.798991,1.992961,0.061832,0.006501,-0.034196,-3.677244,15.848537,3.439279,0.000000,0.000000,0.000000,0.000000,0.000000,0.000000,0.037353,0.000112,0.003355,2.865207,15.311741,7.509370,0.056997,0.013346,-0.022381,-1.619907,9.814564,1.796097,0.075545,0.024923,-0.045115,64.682979,-27.446965,-14.809013,0.032222,0.009241,0.013707,8.548525,13.208426,13.290354,0.054836,0.023675,-0.017879,0.041074,4.076796,6.493804,0.074130,0.034492,-0.038221,-0.409129,2.082013,1.970043,0.052058,8,0.061917,8,0,0,1,0,0,0,0,0,0,0,0,1,0,0,0,0,0,0,0.001747,88.114969,16.997105,127.385984
806,3528254388.153352,-0.037864,0.017444,-0.037740,71.279375,-48.530500,-37.207854,-0.044983,0.001935,-0.008258,71.076757,-43.540625,-46.450712,0.000000,0.000000,0.000000,0.000000,0.000000,0.000000,-0.031843,0.032877,-0.042568,-3.561763,-6.683930,2.514782,-0.041515,0.017956,-0.011145,69.345104,-44.716265,-41.497498,-0.039033,0.010690,0.003888,2.797169,-0.292654,5.371832,-0.043304,0.001073,-0.032965,64.660502,-56.150101,-29.485280,-0.049745,-0.015543,-0.002168,56.679404,-43.232427,-27.276767,-0.048385,-0.023513,0.016998,15.835041,-1.762929,15.580308,0.042396,-0.006825,-0.010621,-0.566051,18.161592,1.180431,0.061952,0.005545,-0.033900,-3.948780,15.632812,3.063081,0.000000,0.000000,0.000000,0.000000,0.000000,0.000000,0.037897,0.000453,0.002096,2.310565,15.799172,6.491647,0.057397,0.012892,-0.022776,-1.831568,9.094050,1.151258,0.076047,0.024193,-0.045733,-5.227652,8.774104,4.890787,0.032742,0.009537,0.012626,9.820533,13.071140,13.170228,0.056356,0.024974,-0.022069,-1.878229,5.921482,6.371048,0.074378,0.033022,-0.037038,0.424350,0.305178,1.524346,0.051846,8,0.062417,8,0,0,1,0,0,0,0,0,0,0,0,1,0,0,0,0,0,0,0.001585,87.865704,17.120634,127.357676
808,3528254388.355696,-0.037132,0.018790,-0.040193,69.358530,-48.004345,-36.518775,-0.042253,0.004718,-0.012202,70.305198,-42.871021,-46.244784,0.000000,0.000000,0.000000,0.000000,0.000000,0.000000,-0.030752,0.034256,-0.045859,68.553478,-58.187070,-34.021272,-0.040024,0.019722,-0.013563,67.316853,-44.201736,-40.601929,-0.037859,0.012213,0.002694,59.490359,-56.486142,-31.222585,-0.042936,0.002253,-0.034461,61.304900,-54.644162,-27.323366,-0.047803,-0.013125,-0.004498,56.452631,-42.509766,-27.461092,-0.047293,-0.021950,0.016889,50.562237,-61.627524,-27.090714,0.042998,-0.006528,-0.013511,-1.356530,19.838572,0.924877,0.062012,0.005128,-0.037191,-4.027497,16.966139,2.577048,0.000000,0.000000,0.000000,0.000000,0.000000,0.000000,0.038980,0.001186,-0.001026,1.715153,17.490037,5.533966,0.058501,0.014200,-0.028953,-3.581482,11.170553,0.564026,0.076038,0.023768,-0.050155,-5.928610,9.976513,4.345733,0.035155,0.011812,0.006468,7.139682,15.436144,12.297823,0.056736,0.024805,-0.025153,-1.880375,6.900656,6.467628,0.075074,0.033760,-0.043739,-2.042275,4.068789,1.272054,0.051657,8,0.064460,8,0,0,1,0,0,0,0,0,0,0,0,1,0,0,0,0,0,0,0.001417,87.950886,17.182884,127.590895
810,3528254388.554214,-0.037977,0.017221,-0.037719,71.490729,-48.540479,-37.542337,-0.043667,0.002535,-0.010171,72.178813,-43.196445,-47.186931,0.000000,0.000000,0.000000,0.000000,0.000000,0.000000,-0.030548,0.033666,-0.044339,73.519964,-59.364810,-37.282124,-0.041543,0.017696,-0.011309,70.160599,-44.493655,-41.885765,-0.038350,0.010903,0.002743,64.306085,-57.672455,-33.879762,-0.043247,0.000762,-0.033022,64.638269,-55.811756,-29.462736,-0.048616,-0.015181,-0.003716,59.988567,-43.909283,-28.485013,-0.049359,-0.025085,0.018547,52.456589,-62.659824,-28.370611,0.042097,-0.007205,-0.009278,-0.096041,18.236954,2.117074,0.062274,0.006609,-0.034437,-3.809477,15.656755,3.273755,0.000000,0.000000,0.000000,0.000000,0.000000,0.000000,0.037317,-0.000182,0.003954,3.788700,14.832663,7.463322,0.057357,0.013406,-0.022521,-2.050695,8.059122,1.301547,0.075802,0.024463,-0.044419,-4.681527,8.665713,5.734364,0.032784,0.009952,0.012315,9.505034,13.858227,13.868876,0.055619,0.024554,-0.019744,-0.995549,4.915803,7.264776,0.074824,0.035140,-0.039618,-1.562487,3.151790,2.157099,0.051878,8,0.062370,8,0,0,1,0,0,0,0,0,0,0,0,1,0,0,0,0,0,0,0.001360,87.890856,16.813670,126.999496
812,3528254388.754777,0.081684,0.055871,-0.115490,55.071565,-11.322362,-177.598391,-0.041925,0.004252,-0.012532,73.099947,-42.864225,-47.599055,0.000000,0.000000,0.000000,0.000000,0.000000,0.000000,-0.030221,0.034191,-0.045557,71.792538,-58.938443,-35.968291,-0.040268,0.018929,-0.013114,69.827972,-44.081992,-41.358535,-0.039003,0.010735,0.004160,60.773675,-57.243268,-31.568127,-0.042813,0.001583,-0.033890,64.088712,-55.560037,-28.754768,-0.049071,-0.015141,-0.002646,55.744736,-42.809161,-25.883525,-0.048504,-0.024008,0.018233,52.333062,-62.167012,-28.124336,0.042575,-0.006482,-0.011611,-0.571299,19.203976,1.738486,0.062205,0.006748,-0.036667,-3.951962,16.410117,2.905735,0.000000,0.000000,0.000000,0.000000,0.000000,0.000000,0.038042,0.000654,0.001578,2.240085,16.386822,6.292623,0.057847,0.014289,-0.025991,-2.740301,10.401336,1.444972,0.075560,0.024254,-0.046594,-5.017448,8.974741,5.098382,0.033466,0.010448,0.010736,9.248567,14.524693,13.744658,0.055520,0.024196,-0.020653,-0.561944,5.392844,6.696607,0.074468,0.034440,-0.040694,-1.406290,3.903664,2.382082,0.063844,8,0.063060,8,0,0,1,0,0,0,0,0,0,0,0,1,0,0,0,0,0,0,0.001400,87.258590,17.941115,127.035664
814,3528254388.955559,-0.037633,0.018318,-0.039555,2.231020,-9.093857,-5.407872,-0.042976,0.003966,-0.011333,70.682875,-43.155554,-46.779173,0.000000,0.000000,0.000000,0.000000,0.000000,0.000000,-0.030074,0.034618,-0.046622,70.455381,-58.915062,-35.782610,-0.039711,0.019794,-0.014292,68.679698,-44.013465,-41.477284,-0.037972,0.012013,0.002445,60.062295,-56.782882,-31.319724,-0.041652,0.002976,-0.036158,64.269327,-55.026878,-28.370147,-0.047171,-0.012953,-0.005737,11.288271,-11.367808,-4.043436,-0.047310,-0.022303,0.016388,50.696628,-61.721672,-26.887026,0.043270,-0.005953,-0.013626,-1.012371,19.460222,1.447292,0.062518,0.006278,-0.037732,-3.880533,16.986293,2.747104,0.000000,0.000000,0.000000,0.000000,0.000000,0.000000,0.039156,0.001707,-0.001273,1.832025,17.229664,6.415647,0.058407,0.014272,-0.027598,-3.174113,10.142196,0.985897,0.076296,0.024612,-0.049693,-5.562070,9.899584,4.957712,0.034233,0.010862,0.009348,10.208420,14.271994,13.040550,0.056437,0.024673,-0.023243,-1.235982,5.622507,5.933610,0.075286,0.034714,-0.043607,-1.787826,4.199159,2.600351,0.051678,8,0.064419,8,0,0,1,0,0,0,0,0,0,0,0,1,0,0,0,0,0,0,0.001565,0.699075,-45.761628,-54.187847
816,3528254389.154859,-0.038164,0.017303,-0.037819,70.006420,-48.280886,-36.258222,-0.042797,0.003638,-0.011368,71.948543,-43.594351,-46.993377,0.000000,0.000000,0.000000,0.000000,0.000000,0.000000,-0.030835,0.033506,-0.044426,71.759932,-59.475912,-36.550456,-0.040314,0.018888,-0.013053,70.354584,-44.337150,-41.956994,-0.039042,0.010841,0.004030,62.215402,-57.044317,-33.316777,-0.041404,0.002531,-0.035636,65.585987,-56.233303,-29.322469,-0.048558,-0.014479,-0.003658,58.203870,-43.983803,-27.904644,-0.048240,-0.023330,0.017329,54.638209,-62.077077,-29.733129,0.042816,-0.006285,-0.011970,-0.854902,19.149427,1.468566,0.061928,0.005286,-0.034357,-3.705538,15.501526,3.062775,0.000000,0.000000,0.000000,0.000000,0.000000,0.000000,0.038456,0.001213,0.000471,1.260367,16.217240,5.615921,0.056954,0.011885,-0.021556,-1.636258,7.636938,1.129707,0.076057,0.024143,-0.046889,-5.620431,9.452103,4.800092,0.033627,0.010608,0.010297,7.721545,14.458873,12.927902,0.055753,0.023905,-0.020395,-0.828479,4.432297,6.518878,0.074675,0.033600,-0.039446,-1.386939,2.135541,1.504874,0.051677,8,0.062577,8,0,0,1,0,0,0,0,0,0,0,0,1,0,0,0,0,0,0,0.001772,87.501995,17.752661,126.909799
818,3528254389.354634,-0.038550,0.017490,-0.037079,70.422964,-47.947347,-36.837681,-0.043448,0.003117,-0.010145,72.178804,-43.202803,-47.398446,0.000000,0.000000,0.000000,0.000000,0.000000,0.000000,-0.031489,0.033669,-0.043233,72.389550,-59.114689,-37.017262,-0.041521,0.018079,-0.010898,69.618119,-43.598185,-41.319771,-0.039532,0.010234,0.005098,3.215836,-0.120472,5.578822,-0.042463,0.002127,-0.034121,65.570273,-55.178816,-29.606502,-0.048236,-0.014401,-0.003931,59.443563,-43.191434,-28.688859,-0.047817,-0.023499,0.016884,54.027708,-62.330636,-30.312360,0.042372,-0.006552,-0.011268,0.146966,19.153320,1.775549,0.062001,0.006756,-0.035899,-3.670810,16.485475,3.156753,0.000000,0.000000,0.000000,0.000000,0.000000,0.000000,0.037160,-0.000650,0.004037,3.324487,15.511478,6.864108,0.057136,0.013202,-0.023295,-1.686023,9.210254,1.448971,0.075355,0.024295,-0.045580,-4.341023,8.776323,5.294829,0.032699,0.009335,0.012867,9.871762,13.671701,13.400907,0.055511,0.024395,-0.020527,-0.470365,5.945995,7.351437,0.074172,0.034208,-0.039043,-0.376654,3.046660,2.324965,0.051604,8,0.062380,8,0,0,1,0,0,0,0,0,0,0,0,1,0,0,0,0,0,0,0.001890,86.074742,18.693870,126.768467
820,3528254389.553533,-0.037979,0.017865,-0.038197,70.507170,-48.578423,-37.299303,-0.043241,0.003427,-0.010963,72.046448,-42.859214,-46.904909,0.000000,0.000000,0.000000,0.000000,0.000000,0.000000,-0.031751,0.033524,-0.043275,70.897904,-58.877133,-35.955066,-0.041168,0.018468,-0.011916,68.332261,-43.704959,-40.500813,-0.039862,0.010244,0.005156,60.813231,-57.200654,-32.265313,-0.040896,0.003271,-0.036519,66.883924,-56.142979,-30.923370,-0.048137,-0.014186,-0.004649,12.069513,-13.040208,-3.841772,-0.048799,-0.024135,0.017834,51.780835,-62.307695,-28.449558,0.042749,-0.006443,-0.011481,0.333325,18.478770,2.154640,0.062671,0.007117,-0.036639,-3.720813,16.803206,3.369867,0.000000,0.000000,0.000000,0.000000,0.000000,0.000000,0.039239,0.002351,-0.001595,1.322895,16.561289,6.446286,0.057526,0.013102,-0.023121,-1.571117,7.938315,1.127963,0.076236,0.024940,-0.046892,-4.665348,9.472670,5.375043,0.033394,0.010244,0.011254,9.237867,13.794636,13.061191,0.056759,0.025858,-0.023603,-1.668460,6.260307,6.212758,0.074622,0.033879,-0.038327,0.397430,2.121724,1.875275,0.051942,8,0.063394,8,0,0,1,0,0,0,0,0,0,0,0,1,0,0,0,0,0,0,0.002051,86.534481,18.499488,126.731108
822,3528254389.753194,-0.037846,0.017385,-0.037865,71.873866,-48.751641,-37.715460,-0.042794,0.003452,-0.011604,73.509759,-43.591827,-48.054217,0.000000,0.000000,0.000000,0.000000,0.000000,0.000000,-0.030589,0.033623,-0.044018,74.604176,-59.698931,-38.873141,-0.040613,0.018529,-0.012706,70.799479,-45.478690,-42.721420,-0.039604,0.010249,0.004367,3.556476,-1.417838,5.915803,-0.041662,0.002143,-0.035114,65.654382,-56.685354,-30.094289,-0.049038,-0.015139,-0.003563,58.636224,-43.836309,-28.129358,-0.048314,-0.023626,0.016416,52.601302,-63.196474,-28.971709,0.042243,-0.007282,-0.009346,-0.002802,17.393860,1.708954,0.062427,0.006073,-0.033877,-3.342565,15.186785,3.418782,0.000000,0.000000,0.000000,0.000000,0.000000,0.000000,0.038263,0.001054,0.001469,2.288528,15.237368,6.735007,0.058204,0.014176,-0.024315,-3.187970,8.416433,0.655359,0.076571,0.024856,-0.045614,-4.763732,8.079118,5.583893,0.032869,0.009861,0.012365,9.546071,13.082926,13.744309,0.056183,0.024695,-0.020387,-0.837275,4.394287,6.385999,0.075141,0.034502,-0.038757,-0.739047,2.853253,2.027486,0.051724,8,0.062888,8,0,0,1,0,0,0,0,0,0,0,0,1,0,0,0,0,0,0,0.002233,86.092784,18.973741,126.328813
824,3528254389.959308,-0.056523,-0.001767,0.000412,-2.092209,-9.702930,4.613152,-0.038181,0.008442,0.020678,-5.927661,-15.865438,-2.376896,0.000000,0.000000,0.000000,0.000000,0.000000,0.000000,-0.061129,0.001916,-0.017555,-3.145595,-12.946117,15.276785,-0.042461,0.016691,0.008673,-4.759193,-12.775946,-0.104907,-0.027774,0.022712,0.019128,-8.301791,-10.331699,13.906064,-0.052341,-0.008716,0.013605,-2.658227,-8.756198,12.332131,-0.031112,0.003865,0.039464,-7.136267,-2.869635,2.573074,-0.013896,0.012883,0.053566,-15.437750,-10.279320,19.180102,0.025366,-0.025395,-0.024828,-80.293636,47.473123,-49.320517,0.017499,-0.041152,-0.056351,-82.657595,48.640983,-46.363076,0.000000,0.000000,0.000000,0.000000,0.000000,0.000000,0.027219,-0.011005,-0.024149,-75.703486,51.368177,-44.254208,0.018338,-0.027875,-0.055958,-75.306389,45.100879,-38.310254,0.013256,-0.041874,-0.081977,-76.764696,48.222329,-35.410237,0.027283,0.003643,-0.023997,-66.383589,57.669043,-38.756837,0.016026,-0.017708,-0.060613,-67.716236,48.914338,-29.471696,0.014512,-0.029777,-0.084458,-6.358894,21.014263,-9.080218,0.051689,8,0.063017,8,0,0,1,0,0,0,0,0,0,0,0,1,0,0,0,0,0,0,0.002441,85.771791,19.303620,126.404998
826,3528254390.164186,-0.037903,0.017379,-0.037729,70.764173,-48.815259,-37.186741,-0.043791,0.002758,-0.010107,71.594778,-43.143028,-47.043966,0.000000,0.000000,0.000000,0.000000,0.000000,0.000000,-0.030950,0.033438,-0.043627,72.023247,-59.780710,-36.940083,-0.040311,0.018734,-0.012990,71.193487,-44.642648,-42.423635,-0.039782,0.010146,0.004862,62.362393,-57.638814,-32.952033,-0.042306,0.001736,-0.034283,65.531926,-56.472962,-30.186440,-0.047344,-0.013662,-0.005734,60.441936,-43.975095,-29.557014,-0.048698,-0.023949,0.017213,53.400922,-63.054551,-29.712080,0.042273,-0.007136,-0.009768,-0.301830,17.802053,1.267981,0.062344,0.006111,-0.034245,-3.427390,14.948489,2.733192,0.000000,0.000000,0.000000,0.000000,0.000000,0.000000,0.037679,0.000163,0.003022,2.611313,14.961740,6.203119,0.057865,0.013699,-0.023750,-2.172313,8.774400,1.514941,0.076417,0.024814,-0.046012,-5.354833,8.759923,4.878787,0.032384,0.009158,0.013768,8.930197,12.199379,12.636239,0.055501,0.023669,-0.018526,0.099544,3.492771,6.290348,0.075004,0.034350,-0.038932,-0.851492,3.267846,2.174979,0.051627,8,0.062560,8,0,0,1,0,0,0,0,0,0,0,0,1,0,0,0,0,0,0,0.002517,85.244074,19.624776,126.181345
828,3528254390.364324,-0.037362,0.018092,-0.040380,67.844419,-48.106528,-35.050721,-0.044056,0.002975,-0.009980,67.022379,-42.644655,-43.701641,0.000000,0.000000,0.000000,0.000000,0.000000,0.000000,-0.030322,0.034155,-0.047182,69.168283,-58.866328,-34.117140,-0.039495,0.019768,-0.015071,67.576191,-44.422406,-39.991017,-0.038060,0.011854,0.002342,58.792177,-57.092214,-30.055058,-0.042355,0.002014,-0.035510,61.334497,-54.889886,-26.531303,-0.047221,-0.013260,-0.005510,56.459065,-43.064952,-26.131025,-0.047330,-0.022527,0.016848,51.037814,-61.479439,-25.874763,0.043842,-0.005065,-0.015254,-2.044865,19.689752,1.203322,0.063343,0.008050,-0.041361,-5.665395,18.349955,3.373266,0.000000,0.000000,0.000000,0.000000,0.000000,0.000000,0.039435,0.002186,-0.002019,1.156576,16.875187,5.630612,0.058740,0.014859,-0.029118,-3.777187,10.158116,1.083927,0.076558,0.025204,-0.051583,-6.702936,9.407849,4.873924,0.034491,0.011435,0.008521,7.531018,15.348737,13.080799,0.056516,0.024944,-0.024089,-1.851564,5.442493,5.804608,0.075165,0.034592,-0.044025,-2.718516,3.358025,1.763469,0.051896,8,0.065324,8,0,0,1,0,0,0,0,0,0,0,0,1,0,0,0,0,0,0,0.002698,84.780421,19.980018,126.262670
830,3528254390.563096,-0.056549,-0.002444,-0.000559,-1.937281,-10.372361,4.650006,-0.036850,0.010601,0.025076,-7.398927,-14.618080,-2.275842,0.000000,0.000000,0.000000,0.000000,0.000000,0.000000,-0.060833,0.001926,-0.017111,-2.887424,-12.943102,15.450241,-0.042500,0.016364,0.008324,-4.881248,-12.582282,-0.270899,-0.028074,0.022183,0.018378,-59.720139,45.394169,-22.427546,-0.051934,-0.008390,0.014602,-3.413718,-8.779876,13.887983,-0.030749,0.004337,0.040480,-7.639882,-2.819955,2.072529,-0.013488,0.013600,0.054959,-15.698252,-10.221940,19.474045,0.024553,-0.025884,-0.026028,-81.897734,47.647812,-50.312843,0.017384,-0.041318,-0.056662,-82.868641,48.007275,-45.778167,0.000000,0.000000,0.000000,0.000000,0.000000,0.000000,0.027050,-0.011082,-0.024333,-76.598079,51.820185,-44.632792,0.019395,-0.027213,-0.054558,-74.693861,44.436314,-36.855451,0.014417,-0.041277,-0.080666,-75.737893,48.589188,-34.782565,0.026989,0.003449,-0.024306,-66.583169,57.059300,-38.696229,0.016232,-0.017690,-0.060399,-67.404820,47.478767,-27.764669,0.015113,-0.029586,-0.083753,-65.891262,42.662626,-27.244931,0.051997,8,0.062720,8,0,0,1,0,0,0,0,0,0,0,0,1,0,0,0,0,0,0,0.002710,84.460024,20.443908,126.011791
831,3528254390.677184,-0.039257,0.016850,-0.035552,70.718128,-48.032602,-36.989775,-0.043757,0.002736,-0.009683,72.933504,-42.149890,-47.293241,0.000000,0.000000,0.000000,0.000000,0.000000,0.000000,-0.031170,0.033797,-0.042759,73.596257,-58.803711,-37.691267,-0.041590,0.017847,-0.010606,70.977508,-43.902323,-42.550811,-0.039663,0.009938,0.005268,64.148215,-57.034568,-34.688345,-0.043453,0.001200,-0.032495,66.632550,-55.002310,-30.836201,-0.049207,-0.015400,-0.002822,60.526644,-43.295821,-29.073443,-0.049770,-0.025433,0.019164,55.805061,-61.224484,-30.719677,0.041129,-0.008629,-0.007203,1.175582,17.423358,1.561281,0.061976,0.006753,-0.034583,-3.108128,16.108718,3.338757,0.000000,0.000000,0.000000,0.000000,0.000000,0.000000,0.038454,0.001650,-0.000016,2.707759,16.601723,7.438045,0.056458,0.012061,-0.020088,-0.809741,7.057717,0.297688,0.075390,0.024235,-0.043716,-3.678157,8.252975,5.192767,0.032254,0.008856,0.013849,9.871288,13.511106,13.891634,0.055420,0.024299,-0.019296,-0.483787,5.454691,5.885502,0.073804,0.033373,-0.035628,0.869565,-0.424960,1.359660,0.051996,8,0.061526,8,0,0,1,0,0,0,0,0,0,0,0,1,0,0,0,0,0,0,0.002779,84.356852,20.230604,125.929310
832,3528254390.757398,-0.038033,0.017534,-0.037480,70.580000,-48.082557,-36.939513,-0.043343,0.003197,-0.010394,72.390036,-43.719058,-47.902246,0.000000,0.000000,0.000000,0.000000,0.000000,0.000000,-0.030605,0.033813,-0.044006,74.237939,-59.655739,-38.832210,-0.041290,0.018169,-0.011317,70.097858,-44.188545,-41.967540,-0.039432,0.010381,0.004849,63.712572,-57.579843,-34.601925,-0.042708,0.001712,-0.033658,65.577483,-56.134751,-30.474112,-0.049044,-0.014939,-0.003012,59.585150,-43.313764,-29.030111,-0.048819,-0.023996,0.017902,55.847507,-61.889253,-30.411373,0.041583,-0.008234,-0.008416,0.320674,17.965077,1.628802,0.062017,0.005966,-0.034710,-3.408842,15.975926,2.760387,0.000000,0.000000,0.000000,0.000000,0.000000,0.000000,0.036867,-0.001162,0.004975,3.185340,15.400246,6.412079,0.057197,0.012649,-0.022465,-2.069029,8.761616,0.704722,0.075478,0.023112,-0.043738,-3.913752,7.647388,4.403780,0.032219,0.008638,0.014313,9.851400,12.723237,12.926748,0.056200,0.024838,-0.021911,-1.912543,6.387925,6.449139,0.074098,0.032718,-0.036436,-0.027754,-0.253389,0.504265,0.051858,8,0.061886,8,0,0,1,0,0,0,0,0,0,0,0,1,0,0,0,0,0,0,0.002867,85.320569,20.094711,125.846427
834,3528254390.958452,-0.038785,0.017144,-0.037149,69.044969,-47.878765,-35.805062,-0.043164,0.003401,-0.010771,70.926324,-42.953430,-46.454263,0.000000,0.000000,0.000000,0.000000,0.000000,0.000000,-0.030979,0.033787,-0.044464,71.451657,-58.893579,-35.900078,-0.041194,0.018353,-0.011700,68.860919,-43.656103,-41.463640,-0.039526,0.010401,0.004946,3.543552,0.168778,6.084163,-0.042817,0.001687,-0.033915,63.636300,-55.291001,-28.400102,-0.049617,-0.015498,-0.001959,55.796744,-42.412569,-26.030648,-0.048856,-0.024220,0.018651,53.462333,-61.499159,-28.376673,0.042199,-0.007234,-0.010391,-0.370595,18.499446,1.626870,0.062257,0.006714,-0.036712,-4.173471,17.211936,3.462327,0.000000,0.000000,0.000000,0.000000,0.000000,0.000000,0.038082,0.000583,0.001571,2.158383,16.316745,6.363585,0.057834,0.013978,-0.025555,-2.922400,9.869767,1.224239,0.075526,0.023811,-0.045865,-4.745217,9.424381,5.312267,0.033919,0.010915,0.009522,9.013019,14.699369,13.616553,0.055801,0.024452,-0.021339,-1.700742,5.887745,6.920353,0.074273,0.033604,-0.039015,-0.252372,2.428425,1.770662,0.052114,8,0.062855,8,0,0,1,0,0,0,0,0,0,0,0,1,0,0,0,0,0,0,0.003015,84.805753,20.144344,125.556207
836,3528254391.153111,-0.056655,-0.001717,-0.000221,-1.961729,-10.049364,4.349292,-0.038403,0.008500,0.020624,-5.756637,-16.306145,-2.443546,0.000000,0.000000,0.000000,0.000000,0.000000,0.000000,-0.060890,0.002688,-0.017047,-61.569031,39.244060,-16.470748,-0.042006,0.017884,0.010464,-5.735181,-12.276480,-0.715339,-0.027921,0.022768,0.019151,-9.059666,-10.816924,13.911396,-0.052591,-0.008676,0.013129,-2.494376,-8.990092,13.034357,-0.031428,0.003838,0.039613,-7.076520,-2.650413,1.797551,-0.014643,0.012317,0.052906,-14.678922,-10.846151,19.078546,0.023771,-0.026583,-0.027564,-81.039084,47.359181,-49.576229,0.018025,-0.040924,-0.056453,-81.806605,48.764658,-45.733478,0.000000,0.000000,0.000000,0.000000,0.000000,0.000000,0.026941,-0.011372,-0.024816,-75.275133,51.007589,-43.824104,0.018841,-0.027635,-0.056023,-73.643704,44.588973,-36.885914,0.013849,-0.041541,-0.082376,-75.269305,48.002067,-34.260616,0.026608,0.002896,-0.025228,-63.963483,57.844771,-37.461274,0.015988,-0.017882,-0.061502,-67.886037,48.752374,-29.457062,0.013620,-0.030547,-0.086622,-67.182021,42.680873,-28.255973,0.051736,8,0.063704,8,0,0,1,0,0,0,0,0,0,0,0,1,0,0,0,0,0,0,0.003168,4.001833,-44.217274,-57.911065
837,3528254391.248458,-0.038873,0.017458,-0.037441,68.894423,-47.524054,-35.419933,-0.043735,0.003004,-0.009736,70.074862,-42.569540,-45.368366,0.000000,0.000000,0.000000,0.000000,0.000000,0.000000,-0.031946,0.033658,-0.043847,69.826797,-58.501372,-34.903786,-0.040898,0.018706,-0.012100,68.831903,-43.473452,-40.824956,-0.039302,0.010513,0.005102,60.039385,-56.710489,-31.068640,-0.042352,0.002362,-0.034762,64.349358,-54.641770,-29.055985,-0.048191,-0.014359,-0.003565,56.904973,-42.561415,-27.062258,-0.047715,-0.023509,0.017783,51.826209,-61.172030,-26.943316,0.042687,-0.006204,-0.012565,-1.263242,19.564119,1.103208,0.061723,0.006504,-0.036857,-3.782127,17.076198,3.281695,0.000000,0.000000,0.000000,0.000000,0.000000,0.000000,0.038101,0.000597,0.001307,2.061188,16.738868,6.462312,0.057601,0.014286,-0.026496,-2.680037,10.676631,1.652259,0.075411,0.025185,-0.049036,-5.038893,10.412091,5.136790,0.033711,0.010517,0.010259,11.025424,14.345795,14.020346,0.055910,0.025243,-0.023344,-1.033774,7.064494,6.832957,0.074305,0.035068,-0.042622,-1.185426,4.075851,2.014160,0.051799,8,0.063577,8,0,0,1,0,0,0,0,0,0,0,0,1,0,0,0,0,0,0,0.003228,84.507450,20.662483,125.693175
838,3528254391.352086,-0.038847,0.017639,-0.037358,69.235694,-46.766602,-35.452568,-0.044307,0.002542,-0.008855,69.585432,-42.093460,-44.782914,0.000000,0.000000,0.000000,0.000000,0.000000,0.000000,-0.032718,0.033370,-0.042621,69.957899,-58.265542,-34.978175,-0.041597,0.018234,-0.010970,68.020614,-42.670439,-39.769691,-0.039458,0.010311,0.005382,60.317016,-56.620815,-31.172536,-0.043098,0.001874,-0.033740,64.935174,-54.443527,-29.343631,-0.048000,-0.014268,-0.003916,58.529370,-42.476244,-27.657804,-0.047874,-0.023877,0.017942,52.203460,-61.264526,-27.422958,0.043109,-0.005219,-0.014003,-0.859193,20.024107,2.014688,0.061835,0.007094,-0.037199,-3.716032,17.262943,3.353752,0.000000,0.000000,0.000000,0.000000,0.000000,0.000000,0.037993,0.000512,0.001647,3.124879,16.756744,7.217993,0.057405,0.014239,-0.025729,-2.189265,10.104771,0.875046,0.075477,0.025881,-0.049331,-4.892021,10.364151,5.313200,0.033671,0.010539,0.010318,10.939316,15.010917,14.097827,0.056009,0.025747,-0.023738,-1.616683,7.211700,6.707970,0.073884,0.034553,-0.040336,-0.099458,2.919644,1.713176,0.051812,8,0.063536,8,0,0,1,0,0,0,0,0,0,0,0,1,0,0,0,0,0,0,0.003291,84.114978,21.069699,125.998671
839,3528254391.448192,-0.038633,0.017537,-0.037493,69.335419,-47.484319,-35.535653,-0.043648,0.002999,-0.009792,70.485922,-42.616900,-45.594633,0.000000,0.000000,0.000000,0.000000,0.000000,0.000000,-0.032092,0.033477,-0.043406,-3.921996,-5.140449,2.987931,-0.039804,0.019358,-0.013585,69.424185,-44.009686,-41.006342,-0.038139,0.011297,0.003134,2.673584,1.179528,6.292209,-0.042304,0.002338,-0.034654,65.593820,-55.009516,-29.368343,-0.047385,-0.013728,-0.004806,59.742970,-43.078358,-28.343756,-0.048209,-0.024045,0.018392,52.332599,-60.992333,-27.587406,0.042218,-0.007014,-0.010991,-0.303734,19.370235,2.025642,0.061757,0.006537,-0.036517,-3.540101,17.261122,3.516830,0.000000,0.000000,0.000000,0.000000,0.000000,0.000000,0.037901,0.000354,0.001900,3.086484,16.723012,7.088087,0.057306,0.013619,-0.024882,-2.137270,9.316771,0.964887,0.074970,0.023854,-0.045924,-4.034096,8.921873,5.348976,0.033734,0.010633,0.010080,9.028178,15.001111,13.529466,0.055888,0.025212,-0.023008,-1.371864,6.070535,6.702998,0.074330,0.035098,-0.042159,-1.415011,5.146174,2.433378,0.051550,8,0.062983,8,0,0,1,0,0,0,0,0,0,0,0,1,0,0,0,0,0,0,0.003340,84.255258,21.004641,125.594380
840,3528254391.552536,-0.038240,0.017889,-0.038598,70.027389,-47.506367,-36.356161,-0.042892,0.003601,-0.011357,71.073060,-42.586642,-45.922194,0.000000,0.000000,0.000000,0.000000,0.000000,0.000000,-0.031767,0.033851,-0.044525,-4.209892,-5.318078,2.972903,-0.040181,0.019182,-0.013640,2.381796,-2.283189,-9.424174,-0.038795,0.010882,0.003867,60.687584,-56.271962,-31.006209,-0.042334,0.002272,-0.035069,64.643689,-54.978506,-28.584358,-0.047523,-0.013977,-0.004860,58.499392,-42.610313,-27.439054,-0.047197,-0.023268,0.016642,52.995137,-61.269696,-27.813252,0.043038,-0.005678,-0.013027,-0.359945,19.741525,2.406320,0.062077,0.007079,-0.037037,-3.453363,16.926622,4.129285,0.000000,0.000000,0.000000,0.000000,0.000000,0.000000,0.039155,0.002416,-0.001716,1.309634,17.090319,6.912567,0.058008,0.015085,-0.027165,-2.615910,9.629231,1.539176,0.075494,0.025206,-0.047883,-4.768342,8.942243,5.321225,0.033591,0.010531,0.010816,9.898433,14.125281,14.126425,0.056547,0.026607,-0.025321,-2.022079,7.523960,7.493913,0.074282,0.035069,-0.041165,-0.238204,3.037248,2.305684,0.051634,8,0.064006,8,0,0,1,0,0,0,0,0,0,0,0,1,0,0,0,0,0,0,0.003422,4.229795,-43.980809,-58.396492
841,3528254391.647858,-0.039395,0.016457,-0.035783,69.599885,-48.142084,-36.425087,-0.044595,0.002003,-0.008671,71.324724,-42.803935,-46.649529,0.000000,0.000000,0.000000,0.000000,0.000000,0.000000,-0.030966,0.033578,-0.043654,73.041650,-59.288674,-36.973320,-0.041288,0.017983,-0.011398,70.342660,-44.587280,-41.670015,-0.039282,0.010254,0.004433,3.024656,-0.346873,5.924183,-0.043644,0.000770,-0.032447,64.477363,-55.419693,-29.257244,-0.048249,-0.014674,-0.004082,12.637023,-12.599611,-3.134628,-0.048513,-0.024223,0.017597,53.988054,-62.075131,-29.507564,0.042644,-0.006118,-0.011449,-0.339329,18.769221,2.164737,0.062247,0.007037,-0.035577,-3.424256,16.298470,3.989638,0.000000,0.000000,0.000000,0.000000,0.000000,0.000000,0.037005,-0.000734,0.004696,3.928487,15.326899,8.079744,0.057168,0.013220,-0.022564,-1.599992,8.918374,1.443114,0.075616,0.024529,-0.045088,-4.549814,8.566642,5.033927,0.032685,0.009614,0.012691,8.300341,13.746027,13.691829,0.055281,0.024013,-0.018988,-0.299321,3.861636,6.345310,0.074197,0.034008,-0.037751,-0.647253,1.696891,2.007006,0.051706,8,0.062207,8,0,0,1,0,0,0,0,0,0,0,0,1,0,0,0,0,0,0,0.003431,83.507099,21.561859,125.828072
842,3528254391.751704,-0.038791,0.016775,-0.036771,69.861668,-47.479056,-35.929556,-0.043858,0.002532,-0.009811,71.994509,-43.202855,-46.985802,0.000000,0.000000,0.000000,0.000000,0.000000,0.000000,-0.031178,0.033366,-0.043705,72.538213,-59.615421,-36.482890,-0.041279,0.018019,-0.011633,69.953070,-44.650257,-41.858849,-0.040014,0.009796,0.005502,62.079562,-57.075298,-31.665466,-0.043552,0.000711,-0.032677,63.622316,-55.489662,-28.073867,-0.048330,-0.014763,-0.003940,59.374276,-44.183970,-28.611442,-0.048814,-0.024429,0.018112,53.857597,-61.998900,-28.907306,0.042477,-0.006464,-0.010849,-0.881356,18.716785,1.467540,0.062353,0.007007,-0.035714,-3.956453,15.902806,3.416529,0.000000,0.000000,0.000000,0.000000,0.000000,0.000000,0.037484,0.000054,0.003325,2.719704,15.817685,6.974493,0.057674,0.014072,-0.024350,-2.711301,9.968393,1.520683,0.075753,0.024609,-0.045528,-4.926119,8.878230,5.470792,0.032292,0.009178,0.013912,10.067030,12.640507,13.607701,0.055071,0.023630,-0.018278,0.516225,3.697920,6.676463,0.074215,0.033909,-0.037780,-0.279659,2.277946,2.806971,0.051872,8,0.062370,8,0,0,1,0,0,0,0,0,0,0,0,1,0,0,0,0,0,0,0.003474,83.741344,21.255844,125.513742
843,3528254391.849452,-0.040112,0.016041,-0.035420,67.335418,-47.603714,-34.714233,-0.043779,0.002694,-0.009750,70.720188,-42.798001,-45.999032,0.000000,0.000000,0.000000,0.000000,0.000000,0.000000,-0.031651,0.033227,-0.043681,70.278680,-59.030764,-34.909783,-0.041114,0.018224,-0.011794,68.751795,-44.273200,-41.177456,-0.037809,0.011490,0.002388,62.542206,-57.427122,-32.440985,-0.042473,0.001740,-0.034260,64.700466,-55.611902,-28.694615,-0.049146,-0.015331,-0.002406,56.554063,-43.145946,-26.742676,-0.048232,-0.023911,0.018009,51.522938,-61.778998,-27.394393,0.042503,-0.006556,-0.011442,-0.486766,19.641902,1.984349,0.062225,0.007014,-0.037034,-4.171109,17.143851,3.146089,0.000000,0.000000,0.000000,0.000000,0.000000,0.000000,0.038367,0.001251,0.000489,2.176674,16.860842,7.232630,0.057317,0.013406,-0.024182,-2.748831,9.070576,1.289293,0.075301,0.023911,-0.045850,-4.522652,8.908214,5.502624,0.033259,0.010232,0.011247,10.409328,13.666285,13.850328,0.055469,0.024218,-0.020662,-0.939713,4.132879,6.659322,0.074342,0.034437,-0.040634,-1.246327,4.182785,2.366084,0.051642,8,0.062826,8,0,0,1,0,0,0,0,0,0,0,0,1,0,0,0,0,0,0,0.003491,83.624135,21.316940,125.301413
844,3528254391.957226,-0.038965,0.016573,-0.036864,68.890977,-48.259690,-35.590297,-0.043747,0.002717,-0.010047,71.180261,-43.138447,-46.559335,0.000000,0.000000,0.000000,0.000000,0.000000,0.000000,-0.031885,0.032753,-0.043208,70.521013,-59.846080,-35.695555,-0.040494,0.018585,-0.012925,69.304260,-44.730251,-41.232014,-0.038679,0.010949,0.003398,61.930204,-57.665509,-32.269920,-0.042011,0.001838,-0.034823,65.225347,-56.429254,-29.763534,-0.048970,-0.015131,-0.002971,56.753349,-43.521507,-27.040572,-0.048595,-0.023939,0.017932,15.865445,-1.938877,15.656215,0.042809,-0.006222,-0.011794,-1.123237,18.642162,1.647325,0.062192,0.006185,-0.035432,-4.399539,16.560264,3.063286,0.000000,0.000000,0.000000,0.000000,0.000000,0.000000,0.038445,0.001390,0.000427,1.134833,16.684671,6.420055,0.057837,0.013882,-0.025018,-2.821971,9.623748,1.259123,0.075721,0.023830,-0.045599,-4.586183,8.511416,5.332556,0.032822,0.009757,0.012508,9.010079,13.364360,12.858680,0.055625,0.024054,-0.020272,-1.488914,4.400362,6.735690,0.074718,0.034194,-0.040074,-1.549430,2.930376,2.017407,0.051718,8,0.062876,8,0,0,1,0,0,0,0,0,0,0,0,1,0,0,0,0,0,0,0.003563,83.291339,21.399259,125.045375
845,3528254392.048982,-0.037745,0.017190,-0.037691,71.019639,-49.418562,-37.887134,-0.042746,0.003730,-0.011738,73.362540,-44.043892,-48.269975,0.000000,0.000000,0.000000,0.000000,0.000000,0.000000,-0.030583,0.033124,-0.043551,71.947800,-60.517498,-37.668545,-0.040486,0.018731,-0.012862,70.697779,-45.020921,-42.616545,-0.040132,0.010284,0.005009,62.107632,-58.223733,-33.597290,-0.041582,0.002151,-0.035098,66.138900,-57.558458,-31.027662,-0.049032,-0.014525,-0.003980,12.775107,-14.528823,-4.450107,-0.049410,-0.023519,0.017222,16.031055,-2.958818,15.060965,0.042133,-0.007874,-0.008868,-0.207791,17.152275,1.428099,0.063064,0.005887,-0.034768,-4.599150,15.021588,2.424501,0.000000,0.000000,0.000000,0.000000,0.000000,0.000000,0.037655,-0.000112,0.003241,1.808926,14.749722,5.769293,0.058465,0.013338,-0.024009,-2.997355,8.809534,0.626411,0.076448,0.022182,-0.042394,-4.489929,6.128359,4.157020,0.032946,0.009683,0.012273,9.139631,12.585244,12.631330,0.056361,0.023630,-0.019562,-1.068673,3.260051,5.507414,0.075676,0.033131,-0.038036,-1.808763,1.307145,1.183320,0.051811,8,0.062523,8,0,0,1,0,0,0,0,0,0,0,0,1,0,0,0,0,0,0,0.003554,83.514408,22.273411,126.124499
846,3528254392.152630,-0.038346,0.017114,-0.036805,71.543635,-48.856103,-37.747866,-0.043402,0.002982,-0.010566,74.081700,-43.163410,-48.061757,0.000000,0.000000,0.000000,0.000000,0.000000,0.000000,-0.030480,0.033762,-0.043636,74.109351,-59.975634,-38.897273,-0.041387,0.017950,-0.011334,71.300177,-44.649238,-42.961814,-0.041073,0.009106,0.006784,62.266529,-57.694217,-33.252258,-0.042867,0.001355,-0.033364,66.419201,-56.421741,-30.844886,-0.049428,-0.015449,-0.003008,59.046643,-44.062512,-28.622478,-0.049388,-0.024553,0.017733,16.788186,-2.577815,15.867054,0.042687,-0.006202,-0.011054,-0.159806,18.076722,2.329070,0.062355,0.006364,-0.033899,-3.101432,15.267055,3.557638,0.000000,0.000000,0.000000,0.000000,0.000000,0.000000,0.038227,0.001200,0.001138,2.268209,15.941505,6.782378,0.057309,0.012933,-0.021624,-1.838215,8.361483,1.269608,0.075914,0.023820,-0.043065,-3.871223,7.298755,5.191510,0.033413,0.010609,0.010571,7.562522,13.618913,12.844101,0.056140,0.024837,-0.020433,-1.466423,5.143909,6.685786,0.074819,0.034108,-0.037388,-1.324133,2.234560,1.689734,0.052114,8,0.062346,8,0,0,1,0,0,0,0,0,0,0,0,1,0,0,0,0,0,0,0.003670,3.628373,-43.869001,-58.161775
847,3528254392.249692,-0.037623,0.017684,-0.038271,71.077007,-48.633861,-37.258803,-0.042861,0.003597,-0.011525,72.947067,-43.656529,-47.794995,0.000000,0.000000,0.000000,0.000000,0.000000,0.000000,-0.030815,0.033577,-0.043909,71.803439,-59.758295,-36.708115,-0.039642,0.019347,-0.014071,71.264976,-45.118354,-43.289272,-0.039108,0.010816,0.003716,62.983804,-58.013289,-33.532939,-0.041649,0.002392,-0.035325,65.801406,-56.646535,-30.145674,-0.048925,-0.014765,-0.003794,57.705448,-43.984205,-28.188250,-0.048785,-0.023683,0.017010,15.550194,-2.360243,15.578452,0.042945,-0.006347,-0.011502,-0.146116,18.214082,1.777277,0.062561,0.005909,-0.034463,-3.710296,15.108738,2.915952,0.000000,0.000000,0.000000,0.000000,0.000000,0.000000,0.037546,-0.000277,0.003603,2.903451,15.115619,6.579990,0.057893,0.013221,-0.023277,-2.612290,8.249069,0.773801,0.076769,0.024721,-0.046518,-4.982682,8.667531,4.779981,0.033366,0.010213,0.011253,8.468361,13.255089,12.993679,0.055992,0.023911,-0.019529,-1.053402,3.275059,6.245413,0.075108,0.033663,-0.038117,-0.614553,1.980936,1.336673,0.051764,8,0.062812,8,0,0,1,0,0,0,0,0,0,0,0,1,0,0,0,0,0,0,0.003643,5.159929,-42.921299,-58.737859
848,3528254392.354645,-0.037891,0.017391,-0.037343,71.426347,-48.868455,-38.225703,-0.043526,0.002910,-0.010091,73.588198,-43.330286,-48.406197,0.000000,0.000000,0.000000,0.000000,0.000000,0.000000,-0.031806,0.032840,-0.042061,71.995323,-59.743905,-36.819741,-0.041971,0.017539,-0.010264,69.431726,-44.160650,-41.746680,-0.039954,0.009924,0.005516,63.203844,-57.860646,-33.534155,-0.042655,0.001532,-0.033477,66.315465,-56.614403,-30.530142,-0.049438,-0.015361,-0.002538,58.200449,-43.969879,-28.497973,-0.049606,-0.024722,0.018827,53.807256,-62.574316,-29.445322,0.042032,-0.007309,-0.009651,-0.231727,18.026536,1.780541,0.062024,0.005909,-0.034099,-3.719090,15.514516,3.243014,0.000000,0.000000,0.000000,0.000000,0.000000,0.000000,0.037442,-0.000076,0.003160,2.358940,15.555569,6.467934,0.057006,0.012399,-0.021557,-2.088377,8.576792,1.228811,0.075785,0.023822,-0.044487,-5.026578,8.319632,4.838714,0.032196,0.008819,0.014055,9.369753,12.854917,12.988568,0.055194,0.023234,-0.018013,-0.696072,3.976560,6.086832,0.074249,0.033071,-0.036612,0.401854,3.061042,2.047269,0.051956,8,0.061686,8,0,0,1,0,0,0,0,0,0,0,0,1,0,0,0,0,0,0,0.003659,82.556408,22.259213,125.349098
849,3528254392.450332,-0.039659,0.016145,-0.035691,68.330829,-48.338431,-35.740371,-0.044949,0.001928,-0.008159,69.951443,-42.748212,-45.589450,0.000000,0.000000,0.000000,0.000000,0.000000,0.000000,-0.032337,0.032500,-0.042260,69.632411,-59.520865,-35.191616,-0.041088,0.018231,-0.011787,69.271491,-44.262567,-41.462592,-0.039449,0.010432,0.004711,2.317050,-0.219021,5.395877,-0.042621,0.001509,-0.033865,64.366615,-56.194629,-29.279958,-0.048892,-0.014884,-0.003013,57.243738,-44.332845,-28.196662,-0.048489,-0.023632,0.017738,15.351364,-1.492694,15.501520,0.042445,-0.006764,-0.010978,-0.880281,18.458917,1.664253,0.062275,0.006359,-0.035968,-4.616900,16.259240,3.061906,0.000000,0.000000,0.000000,0.000000,0.000000,0.000000,0.038094,0.000789,0.001376,1.090436,16.224641,6.307880,0.057266,0.012768,-0.023080,-2.150569,9.317663,0.880244,0.075748,0.023685,-0.045700,-5.290269,8.819158,4.723570,0.032967,0.009816,0.012083,8.811442,13.364106,13.038900,0.055659,0.023945,-0.020354,-1.999324,3.824400,5.492002,0.074443,0.033408,-0.038791,-0.401235,2.682575,1.998473,0.051725,8,0.062505,8,0,0,1,0,0,0,0,0,0,0,0,1,0,0,0,0,0,0,0.003706,83.050289,22.239875,125.149545
850,3528254392.556984,-0.038976,0.016567,-0.036065,70.157767,-48.466551,-36.626261,-0.044146,0.002264,-0.009416,72.590562,-43.044134,-47.193560,0.000000,0.000000,0.000000,0.000000,0.000000,0.000000,-0.031376,0.033104,-0.042666,73.810582,-59.667781,-37.943569,-0.041201,0.017943,-0.011582,71.528894,-44.203857,-42.290207,-0.040283,0.009548,0.005716,62.613573,-57.561500,-33.428402,-0.043353,0.000808,-0.032664,64.384318,-56.140487,-29.241240,-0.048954,-0.015268,-0.003353,59.717418,-44.130177,-29.178706,-0.050024,-0.025371,0.019137,16.483130,-2.929951,15.700322,0.042291,-0.006656,-0.010181,-0.155966,18.028740,2.526516,0.062229,0.006677,-0.034375,-3.491932,16.095101,3.725114,0.000000,0.000000,0.000000,0.000000,0.000000,0.000000,0.037372,0.000031,0.003457,2.686880,14.877522,6.476247,0.057267,0.013278,-0.022227,-1.854464,8.977197,1.543918,0.075556,0.023730,-0.042899,-4.579970,7.048853,4.990424,0.032380,0.009384,0.013284,8.622022,12.470610,13.569868,0.055290,0.023881,-0.018362,-0.572568,3.697960,6.351094,0.074253,0.033669,-0.036422,0.108968,1.511426,2.162519,0.052052,8,0.061794,8,0,0,1,0,0,0,0,0,0,0,0,1,0,0,0,0,0,0,0.003816,4.411608,-43.375102,-59.066292
852,3528254392.756418,-0.040086,0.015841,-0.034812,69.558712,-47.897302,-35.361339,-0.045738,0.000786,-0.007077,71.629554,-42.529863,-46.084901,0.000000,0.000000,0.000000,0.000000,0.000000,0.000000,-0.031748,0.033100,-0.042492,73.468606,-59.276345,-37.318082,-0.042108,0.017207,-0.010310,70.430684,-43.582412,-41.375924,-0.039223,0.010025,0.004256,64.896710,-57.518832,-33.800989,-0.042932,0.001063,-0.033207,65.983369,-55.700917,-29.565820,-0.048974,-0.015757,-0.003025,59.609700,-43.483922,-28.215726,-0.048782,-0.025001,0.017868,55.629972,-62.119490,-30.781994,0.042342,-0.006235,-0.010395,0.281033,18.652104,2.859253,0.061611,0.006301,-0.032866,-2.678522,14.960437,4.008497,0.000000,0.000000,0.000000,0.000000,0.000000,0.000000,0.037085,-0.000118,0.004241,2.908498,15.039304,7.149014,0.057034,0.013735,-0.022162,-1.063915,8.744785,2.021895,0.075305,0.024874,-0.043662,-3.899647,8.180062,5.800235,0.032547,0.009865,0.012654,9.142132,12.822040,14.223738,0.055347,0.024968,-0.019579,-0.821309,5.153323,7.479607,0.073926,0.034691,-0.037091,-0.147952,2.739506,2.865621,0.051880,8,0.061812,8,0,0,1,0,0,0,0,0,0,0,0,1,0,0,0,0,0,0,0.003973,82.701323,22.055586,124.642657
854,3528254392.967776,-0.038712,0.017532,-0.036442,71.889215,-47.346921,-37.570894,-0.043133,0.003284,-0.010550,73.519780,-42.319594,-47.943071,0.000000,0.000000,0.000000,0.000000,0.000000,0.000000,-0.031915,0.033695,-0.042067,72.726801,-58.678172,-37.074882,-0.040473,0.018742,-0.012177,71.219124,-43.332197,-41.986475,-0.040234,0.009482,0.006320,62.714750,-56.943613,-33.368091,-0.043030,0.001763,-0.033166,66.814120,-54.483851,-30.882990,-0.048245,-0.014599,-0.004049,60.707569,-43.066509,-28.828290,-0.049591,-0.025497,0.019164,17.859732,-2.339811,15.796791,0.041739,-0.007537,-0.009031,0.995024,18.092962,2.253657,0.061788,0.006756,-0.034404,-2.874578,15.634218,3.461480,0.000000,0.000000,0.000000,0.000000,0.000000,0.000000,0.037704,0.000386,0.002474,2.883162,15.494003,7.131455,0.057761,0.014909,-0.025100,-2.278546,10.082377,1.072196,0.075421,0.025012,-0.044748,-3.906731,8.023107,5.335610,0.032759,0.009506,0.012654,9.624309,13.258795,13.363083,0.055151,0.024187,-0.018662,0.520126,3.589464,6.276055,0.074049,0.034487,-0.037453,0.408899,1.499746,1.781779,0.051886,8,0.062175,8,0,0,1,0,0,0,0,0,0,0,0,1,0,0,0,0,0,0,0.003971,4.664135,-42.573960,-59.484783
856,3528254393.163664,-0.038450,0.017753,-0.037494,70.249830,-47.570570,-36.917972,-0.042278,0.004176,-0.011861,72.809456,-42.151377,-47.252119,0.000000,0.000000,0.000000,0.000000,0.000000,0.000000,-0.032031,0.033576,-0.042955,70.205964,-58.507074,-35.487605,-0.040541,0.018935,-0.012403,69.330523,-43.950063,-41.552779,-0.038257,0.011298,0.003372,61.720580,-56.810657,-32.417013,-0.042586,0.002227,-0.034200,65.072406,-54.953934,-30.229553,-0.047764,-0.013845,-0.004489,59.473298,-42.784770,-28.809078,-0.048542,-0.024078,0.018418,51.764241,-61.864674,-28.200576,0.042620,-0.006392,-0.012063,-0.448869,19.313772,1.320910,0.061800,0.006178,-0.035718,-3.497781,16.551501,3.260736,0.000000,0.000000,0.000000,0.000000,0.000000,0.000000,0.038192,0.000682,0.001164,2.259347,16.462292,6.392976,0.057482,0.013630,-0.024808,-1.985314,9.525036,1.059030,0.075579,0.024644,-0.047245,-4.599885,8.925106,5.261857,0.032996,0.009464,0.012463,12.272192,13.664546,14.709392,0.055908,0.024880,-0.022171,-1.161789,5.834886,6.535185,0.073888,0.033228,-0.037758,49.266259,-19.553298,-8.774037,0.051525,8,0.062769,8,0,0,1,0,0,0,0,0,0,0,0,1,0,0,0,0,0,0,0.004034,4.517214,-42.729088,-59.308502
858,3528254393.368236,-0.038305,0.017408,-0.037443,3.511196,-10.235662,-5.375843,-0.044580,0.002124,-0.008731,71.209472,-42.499584,-46.544683,0.000000,0.000000,0.000000,0.000000,0.000000,0.000000,-0.030707,0.033961,-0.044232,73.204818,-59.123921,-37.363642,-0.040381,0.018736,-0.012724,70.723159,-44.030365,-42.248094,-0.039607,0.010138,0.004954,3.510453,-0.615211,5.692678,-0.042544,0.001797,-0.034004,65.323367,-55.868605,-29.855929,-0.049160,-0.015314,-0.002826,57.892327,-43.334283,-27.611013,-0.047957,-0.023617,0.016725,16.124320,-1.902643,15.775611,0.042639,-0.006221,-0.011580,-0.874079,18.884007,1.501714,0.062213,0.006893,-0.035734,-3.643250,16.865276,3.335638,0.000000,0.000000,0.000000,0.000000,0.000000,0.000000,0.037601,0.000009,0.003033,2.233242,15.467241,6.543689,0.057098,0.012876,-0.022328,-1.458507,8.411129,1.295154,0.075789,0.024759,-0.045978,-4.716011,8.732698,5.205296,0.032684,0.009445,0.012887,10.667777,13.004859,13.967406,0.055734,0.024630,-0.020645,-0.039681,5.042880,6.163524,0.074464,0.034436,-0.039089,-0.567891,1.695301,1.989597,0.051877,8,0.062587,8,0,0,1,0,0,0,0,0,0,0,0,1,0,0,0,0,0,0,0.004186,4.971779,-43.061515,-59.692899
860,3528254393.567482,-0.056304,-0.001826,0.001199,-3.286093,-9.408368,4.918043,-0.037751,0.008905,0.021677,-6.581495,-15.713347,-1.679449,0.000000,0.000000,0.000000,0.000000,0.000000,0.000000,-0.061264,0.001218,-0.017488,-3.295295,-12.814123,15.760747,-0.042604,0.016193,0.008132,-5.268504,-12.011670,0.198157,-0.028132,0.022041,0.017791,-8.740844,-10.773369,14.508403,-0.051876,-0.008322,0.015021,-3.326403,-7.844062,13.800737,-0.030878,0.003978,0.039244,-7.528678,-2.886246,2.219631,-0.013750,0.013150,0.052967,-37.721632,53.467146,-12.502474,0.024422,-0.026087,-0.025878,-82.602931,46.884036,-50.210182,0.016657,-0.041970,-0.056714,-84.723650,48.379440,-47.496654,0.000000,0.000000,0.000000,0.000000,0.000000,0.000000,0.026178,-0.011842,-0.025465,-78.343849,51.787975,-45.912639,0.017894,-0.028449,-0.055844,-76.571078,45.225572,-38.736383,0.013445,-0.042202,-0.080750,-76.335168,47.445606,-34.661779,0.025320,0.001932,-0.026732,-70.589865,57.674808,-41.024690,0.015276,-0.018536,-0.060909,-70.127206,49.159264,-30.858933,0.013337,-0.031081,-0.084839,-67.712429,42.895771,-28.369717,0.051468,8,0.063245,8,0,0,1,0,0,0,0,0,0,0,0,1,0,0,0,0,0,0,0.004265,5.675799,-42.529155,-60.259441
862,3528254393.757666,-0.037912,0.017754,-0.039076,68.874155,-48.019176,-35.646938,-0.043023,0.003640,-0.011267,69.603011,-43.049112,-45.285509,0.000000,0.000000,0.000000,0.000000,0.000000,0.000000,-0.030409,0.034095,-0.046336,-5.170205,-4.985005,2.742401,-0.039799,0.019457,-0.014230,68.621376,-44.566420,-40.872622,-0.037187,0.012322,0.001028,1.117838,1.339532,5.589079,-0.041306,0.002827,-0.036463,63.291206,-56.039735,-28.549915,-0.047537,-0.013609,-0.005046,11.584663,-12.719221,-3.581899,-0.047597,-0.022900,0.017041,51.525789,-61.901630,-27.684679,0.043413,-0.005620,-0.013847,-2.053427,19.064741,0.664454,0.062468,0.006528,-0.037631,-4.390342,17.008494,2.850119,0.000000,0.000000,0.000000,0.000000,0.000000,0.000000,0.038562,0.000949,0.000640,2.005266,16.068164,6.214952,0.058133,0.014057,-0.026667,-3.339163,9.738925,1.152697,0.076039,0.024315,-0.048540,-5.183484,9.217959,5.073346,0.034366,0.011363,0.008605,9.071939,14.666089,13.352795,0.056343,0.024903,-0.023263,-1.195805,5.381918,6.944249,0.075032,0.034655,-0.042881,-2.133735,3.034944,1.168011,0.051632,8,0.064099,8,0,0,1,0,0,0,0,0,0,0,0,1,0,0,0,0,0,0,0.004230,5.527611,-43.081593,-60.342166
864,3528254393.953897,-0.038786,0.016878,-0.036732,69.377351,-47.637590,-36.166291,-0.043868,0.002843,-0.009631,71.281990,-43.537775,-46.792636,0.000000,0.000000,0.000000,0.000000,0.000000,0.000000,-0.031008,0.033390,-0.043850,71.241488,-59.481943,-36.365857,-0.041367,0.018134,-0.011266,69.532513,-44.426211,-41.981295,-0.039005,0.010798,0.004119,2.753728,0.118318,5.493636,-0.042570,0.001703,-0.033904,65.198681,-55.854987,-30.221007,-0.049238,-0.015023,-0.002628,12.266481,-13.191666,-4.021419,-0.048371,-0.023421,0.017582,53.248807,-62.629376,-29.424519,0.042022,-0.007569,-0.009903,-0.728574,18.252121,0.950637,0.062240,0.006286,-0.036162,-4.062895,17.101437,3.396739,0.000000,0.000000,0.000000,0.000000,0.000000,0.000000,0.037148,-0.000837,0.004207,2.673992,15.420132,6.178086,0.057679,0.013368,-0.024640,-3.117946,8.733199,0.855061,0.075449,0.022896,-0.044610,-4.996262,8.956122,4.294856,0.033295,0.010133,0.010996,9.824220,14.307061,13.212260,0.055737,0.023892,-0.020663,-0.672461,5.511687,6.418192,0.074555,0.033448,-0.039367,-1.243670,1.781860,0.764095,0.051754,8,0.062434,8,0,0,1,0,0,0,0,0,0,0,0,1,0,0,0,0,0,0,0.004305,81.535042,23.609206,124.435455
866,3528254394.155258,-0.039731,0.016567,-0.036027,68.328658,-47.669185,-35.487015,-0.044066,0.002588,-0.009356,70.121385,-43.199113,-45.699143,0.000000,0.000000,0.000000,0.000000,0.000000,0.000000,-0.031709,0.033491,-0.043716,70.901177,-58.917345,-35.583904,-0.040859,0.018541,-0.012221,69.069180,-43.815249,-41.101337,-0.038839,0.010762,0.004058,61.768892,-56.605142,-32.247307,-0.043444,0.001210,-0.033158,62.980388,-55.120197,-28.109272,-0.047778,-0.014137,-0.004404,58.691432,-43.495722,-28.237786,-0.048140,-0.023936,0.017953,51.806734,-61.698481,-27.707157,0.042775,-0.005994,-0.012413,-0.728381,19.453826,2.280552,0.062130,0.007156,-0.037123,-3.543049,17.298527,3.716968,0.000000,0.000000,0.000000,0.000000,0.000000,0.000000,0.037474,-0.000303,0.003439,3.249572,15.996172,7.153919,0.057601,0.014143,-0.025462,-3.202946,9.082366,0.977989,0.075600,0.025101,-0.047859,-5.230636,10.408985,5.332855,0.033915,0.011146,0.009211,8.621809,15.124120,13.594510,0.055542,0.024542,-0.021152,-1.186581,4.824862,5.951968,0.074147,0.034364,-0.040052,-0.699204,3.483114,1.572663,0.051647,8,0.063120,8,0,0,1,0,0,0,0,0,0,0,0,1,0,0,0,0,0,0,0.004257,80.977440,23.870774,124.182926
867,3528254394.251300,-0.039093,0.016640,-0.036512,3.167386,-10.353798,-5.635568,-0.043274,0.003360,-0.010632,71.701372,-44.403998,-47.313545,0.000000,0.000000,0.000000,0.000000,0.000000,0.000000,-0.031729,0.032857,-0.042977,69.766804,-59.611394,-34.763830,-0.041643,0.018031,-0.011047,67.966308,-43.988567,-40.556126,-0.039312,0.010703,0.004525,61.378709,-57.720498,-32.509322,-0.043028,0.001354,-0.033455,62.691411,-55.540929,-28.518483,-0.048408,-0.014203,-0.003901,58.091884,-44.100662,-28.066815,-0.048090,-0.022962,0.016950,52.185346,-63.109866,-29.119438,0.042216,-0.007416,-0.010227,-0.892828,18.379705,1.539331,0.062100,0.005484,-0.034983,-3.673725,16.311043,2.921207,0.000000,0.000000,0.000000,0.000000,0.000000,0.000000,0.037319,-0.000663,0.003884,2.737102,15.514026,6.322217,0.057758,0.013140,-0.024375,-3.293487,8.525991,0.196678,0.075965,0.023425,-0.045968,-5.550530,8.950400,4.800820,0.033513,0.010383,0.010589,9.196245,14.684412,12.789140,0.056462,0.024780,-0.022836,-2.776615,5.725857,5.645707,0.074520,0.032785,-0.038212,-1.141709,1.770893,0.996424,0.051521,8,0.062662,8,0,0,1,0,0,0,0,0,0,0,0,1,0,0,0,0,0,0,0.004274,6.050819,-42.174686,-60.867977
868,3528254394.353180,-0.038954,0.016762,-0.036460,70.227339,-48.163197,-37.097302,-0.043867,0.002756,-0.009922,72.140092,-43.535437,-47.373360,0.000000,0.000000,0.000000,0.000000,0.000000,0.000000,-0.031912,0.032903,-0.042453,71.020476,-59.305109,-35.839494,-0.041003,0.018325,-0.011993,69.626611,-44.394253,-41.251433,-0.039368,0.010447,0.004336,3.912792,-0.373911,5.914091,-0.042288,0.001845,-0.034322,65.390266,-56.116870,-29.862795,-0.048723,-0.014785,-0.003694,58.551466,-43.944893,-28.256582,-0.048862,-0.024053,0.017699,53.476202,-62.676321,-29.350319,0.041876,-0.007856,-0.008738,-0.218838,17.968262,1.728156,0.062320,0.006186,-0.034676,-3.541100,15.968016,3.389257,0.000000,0.000000,0.000000,0.000000,0.000000,0.000000,0.037561,-0.000063,0.003286,2.347322,15.229204,6.551673,0.057743,0.013521,-0.023623,-2.473254,8.642878,0.864537,0.076117,0.024305,-0.045420,-4.729645,8.560056,5.173565,0.033420,0.010463,0.010820,9.582618,13.414260,13.408739,0.056783,0.025721,-0.023256,-2.968342,5.906324,6.651289,0.074545,0.033410,-0.037257,-0.466092,0.427980,0.842817,0.051715,8,0.062688,8,0,0,1,0,0,0,0,0,0,0,0,1,0,0,0,0,0,0,0.004244,5.943575,-42.387987,-60.733786
869,3528254394.448172,-0.039413,0.016832,-0.036242,69.601483,-47.102251,-35.502055,-0.044483,0.002091,-0.008728,71.133488,-42.382097,-45.391354,0.000000,0.000000,0.000000,0.000000,0.000000,0.000000,-0.031586,0.033696,-0.043552,71.805293,-58.638768,-36.131627,-0.040202,0.018863,-0.013039,70.760047,-44.008827,-41.919358,-0.039105,0.010373,0.004373,3.998550,0.241436,6.422633,-0.042604,0.001839,-0.034090,65.956714,-54.801205,-29.438625,-0.048311,-0.014876,-0.003664,58.950038,-43.059113,-27.910788,-0.048137,-0.024330,0.017749,54.712583,-61.149348,-29.623375,0.042328,-0.006583,-0.010867,-0.311055,18.628618,2.019673,0.061819,0.006894,-0.035506,-2.877813,16.739663,3.984927,0.000000,0.000000,0.000000,0.000000,0.000000,0.000000,0.038165,0.001082,0.001143,2.465824,16.230821,7.529770,0.057095,0.013580,-0.023325,-1.266591,8.941577,1.846512,0.075607,0.025883,-0.047596,-5.297334,9.785685,5.620227,0.033388,0.010505,0.010838,9.815877,14.378169,14.073864,0.055732,0.025415,-0.021871,-0.141503,5.223645,6.897415,0.073897,0.034599,-0.038763,-0.338854,0.755684,1.628798,0.051753,8,0.062775,8,0,0,1,0,0,0,0,0,0,0,0,1,0,0,0,0,0,0,0.004261,6.107942,-42.324367,-61.095056
870,3528254394.553449,-0.038393,0.017573,-0.037946,69.790144,-47.681633,-36.030455,-0.042885,0.003476,-0.011142,71.476931,-42.842571,-45.833954,0.000000,0.000000,0.000000,0.000000,0.000000,0.000000,-0.031463,0.033795,-0.044268,71.554358,-58.697993,-35.526116,-0.040293,0.018930,-0.013130,69.621294,-43.842192,-41.089540,-0.039196,0.010468,0.004571,61.507278,-56.963025,-32.032518,-0.043198,0.001429,-0.033585,63.075343,-55.166493,-27.799921,-0.048000,-0.014449,-0.004088,58.446590,-43.099559,-27.314393,-0.048123,-0.024086,0.017958,52.933342,-61.323005,-28.103676,0.042313,-0.006819,-0.010806,-0.193020,18.823448,1.620973,0.061541,0.005930,-0.034719,-2.497395,16.459579,4.053771,0.000000,0.000000,0.000000,0.000000,0.000000,0.000000,0.038612,0.001715,-0.000234,2.153017,16.814722,6.929427,0.057530,0.014223,-0.025273,-2.545517,9.471533,1.642519,0.075314,0.024779,-0.046712,-4.673702,8.904662,5.675619,0.033643,0.010777,0.010255,9.660914,14.548700,14.016585,0.055681,0.025095,-0.021885,-0.602448,5.953756,6.663722,0.074516,0.035689,-0.042328,-1.485324,4.308245,2.792208,0.051773,8,0.063088,8,0,0,1,0,0,0,0,0,0,0,0,1,0,0,0,0,0,0,0.004296,6.093898,-41.916941,-61.031247
871,3528254394.649330,-0.039733,0.016570,-0.035054,71.215632,-47.524618,-36.904562,-0.043341,0.002925,-0.010468,74.123207,-42.227143,-47.559827,0.000000,0.000000,0.000000,0.000000,0.000000,0.000000,-0.030881,0.034159,-0.043272,-3.438466,-5.909282,2.773885,-0.040810,0.018354,-0.011908,72.515017,-43.558996,-42.891639,-0.040273,0.009374,0.005889,63.773655,-56.973368,-34.070637,-0.042973,0.001519,-0.033208,66.199690,-55.877694,-30.392425,-0.049393,-0.015814,-0.002774,59.149446,-42.695540,-27.542465,-0.049044,-0.025118,0.017792,56.132335,-62.007847,-31.440304,0.042133,-0.006738,-0.009787,0.808825,17.995979,2.606554,0.061612,0.006209,-0.032549,-2.455547,15.754460,3.473916,0.000000,0.000000,0.000000,0.000000,0.000000,0.000000,0.037590,0.000374,0.002915,3.415653,15.297916,7.479886,0.057047,0.013501,-0.021656,-0.774827,8.030811,1.744504,0.075730,0.025521,-0.044409,-3.860156,8.116711,5.638487,0.032371,0.009257,0.013554,11.860077,12.469441,14.359340,0.055291,0.024527,-0.018521,0.447554,3.879887,6.546620,0.074128,0.034688,-0.036551,0.535566,1.289131,2.028186,0.051954,8,0.061818,8,0,0,1,0,0,0,0,0,0,0,0,1,0,0,0,0,0,0,0.004347,6.281535,-42.113405,-61.060567
872,3528254394.754232,-0.038917,0.017337,-0.036833,69.731186,-48.078485,-36.462030,-0.041933,0.004326,-0.012477,73.710014,-42.970758,-47.985738,0.000000,0.000000,0.000000,0.000000,0.000000,0.000000,-0.031140,0.034028,-0.044053,-4.224816,-5.527069,2.765582,-0.039985,0.019222,-0.013303,71.167961,-43.842930,-42.476252,-0.039029,0.010679,0.004193,3.135213,0.316210,5.992873,-0.041814,0.002691,-0.035168,65.892733,-55.507969,-29.953786,-0.048880,-0.014918,-0.003139,57.556213,-42.905260,-27.376465,-0.047660,-0.023339,0.016525,16.166437,-1.351875,15.878165,0.042335,-0.006811,-0.010863,0.070365,18.969491,1.998989,0.062047,0.006662,-0.035740,-3.020538,16.221122,3.598691,0.000000,0.000000,0.000000,0.000000,0.000000,0.000000,0.038332,0.001138,0.000708,2.216737,16.107565,6.680494,0.057707,0.014121,-0.024985,-1.627057,9.241698,1.664935,0.075518,0.024346,-0.045589,-4.300938,7.922371,5.149378,0.033704,0.010675,0.010141,9.834437,14.030188,13.866834,0.055721,0.024592,-0.020830,-0.549843,4.919039,6.250167,0.074646,0.035051,-0.040725,-0.356995,3.059368,1.874169,0.051569,8,0.062948,8,0,0,1,0,0,0,0,0,0,0,0,1,0,0,0,0,0,0,0.004321,6.647090,-41.497657,-61.577769
873,3528254394.850556,-0.038379,0.017195,-0.037072,70.268726,-49.103431,-37.066445,-0.041912,0.004068,-0.012582,75.247526,-43.197063,-48.439359,0.000000,0.000000,0.000000,0.000000,0.000000,0.000000,-0.031110,0.033544,-0.043418,-3.523402,-6.179536,3.292095,-0.040686,0.018442,-0.012367,71.392388,-44.185284,-42.733053,-0.039678,0.010071,0.004753,3.495743,-0.695418,6.264378,-0.042127,0.001944,-0.034411,66.207194,-56.488479,-30.250227,-0.049013,-0.015280,-0.003320,13.019587,-13.447335,-4.030068,-0.048755,-0.024357,0.017479,56.113091,-62.091154,-30.403516,0.042347,-0.006671,-0.010294,0.112107,18.409940,2.254093,0.061709,0.005479,-0.032546,-2.821267,14.793636,3.518473,0.000000,0.000000,0.000000,0.000000,0.000000,0.000000,0.037767,0.000535,0.002507,2.976787,15.184014,7.172023,0.057576,0.013848,-0.023409,-1.587311,8.379131,1.343972,0.075935,0.024827,-0.045040,-4.599521,8.424722,5.338071,0.033036,0.010184,0.011606,9.659482,13.669933,13.787178,0.055904,0.024972,-0.020672,-0.766016,4.631580,6.272230,0.074210,0.033722,-0.036499,0.422494,-0.138587,1.060027,0.051720,8,0.062214,8,0,0,1,0,0,0,0,0,0,0,0,1,0,0,0,0,0,0,0.004323,6.455711,-42.082984,-61.485561
